type,lat,lon,tags,lighting_level,police_near,cctv_count,crime_reports,safety_score,street_name,area_name
street_lamp,13.0375738,77.6291879,"{'highway': 'street_lamp', 'lamp_type': 'sodium_vapor', 'operator': 'BESCOM', 'power': 'pole', 'working': 'yes'}",10,0,0,1,0.64,,Bengaluru
street_lamp,13.0292887,77.5633056,{'highway': 'street_lamp'},10,0,0,2,0.58,NIAS Road,Bengaluru
street_lamp,13.0292881,77.5633277,{'highway': 'street_lamp'},10,0,0,4,0.46,NIAS Road,Bengaluru
street_lamp,12.9795642,77.6361628,{'highway': 'street_lamp'},10,0,0,4,0.46,,Bengaluru
street_lamp,12.9795819,77.6360723,{'highway': 'street_lamp'},10,0,0,1,0.64,,Bengaluru
street_lamp,12.9795966,77.6359909,{'highway': 'street_lamp'},10,0,0,2,0.58,,Bengaluru
street_lamp,12.9796118,77.6359027,{'highway': 'street_lamp'},10,0,0,2,0.58,,Bengaluru
street_lamp,12.9796362,77.6357781,{'highway': 'street_lamp'},10,0,0,0,0.7,15th Cross Road,Bengaluru
street_lamp,12.9796924,77.6356906,{'highway': 'street_lamp'},10,0,0,1,0.64,15th Cross Road,Bengaluru
street_lamp,12.9797793,77.6357086,{'highway': 'street_lamp'},10,0,0,3,0.52,15th Cross Road,Bengaluru
street_lamp,12.9798811,77.6357309,{'highway': 'street_lamp'},10,0,0,2,0.58,15th Cross Road,Bengaluru
street_lamp,12.979965,77.6357449,{'highway': 'street_lamp'},10,0,0,1,0.64,15th Cross Road,Bengaluru
street_lamp,12.9800527,77.6357614,{'highway': 'street_lamp'},10,0,0,3,0.52,,Bengaluru
street_lamp,12.9801188,77.635772,{'highway': 'street_lamp'},10,0,0,2,0.58,5th Main Road,Bengaluru
street_lamp,13.0003952,77.6240987,{'highway': 'street_lamp'},10,0,0,3,0.52,High Street,bangalore
street_lamp,13.0003547,77.6238842,{'highway': 'street_lamp'},10,0,0,0,0.7,High Street,Bengaluru
street_lamp,13.000844,77.6238761,"{'height': '5', 'highway': 'street_lamp', 'lamp_mount': 'bent_mast', 'lamp_type': 'led', 'light:colour': 'white', 'light:direction': '290', 'light:tilt': '-90', 'material': 'metal', 'support': 'pole'}",10,0,0,0,0.7,High Street,Bangalore
street_lamp,13.0009786,77.6239244,"{'height': '5', 'highway': 'street_lamp', 'lamp_mount': 'bent_mast', 'lamp_type': 'led', 'light:colour': 'white', 'light:direction': '290', 'light:tilt': '-90', 'material': 'metal', 'support': 'pole'}",10,0,0,3,0.52,Wheeler Road Extension,Bangalore
street_lamp,13.0009185,77.6239029,"{'height': '5', 'highway': 'street_lamp', 'lamp_mount': 'bent_mast', 'lamp_type': 'led', 'light:colour': 'white', 'light:direction': '290', 'light:tilt': '-90', 'material': 'metal', 'support': 'pole'}",10,0,0,2,0.58,High Street,Bangalore
street_lamp,13.000765,77.6238466,"{'height': '5', 'highway': 'street_lamp', 'lamp_mount': 'bent_mast', 'lamp_type': 'led', 'light:colour': 'white', 'light:direction': '290', 'light:tilt': '-90', 'material': 'metal', 'support': 'pole'}",10,0,0,4,0.46,High Street,Bangalore
street_lamp,13.0010126,77.6239378,"{'height': '5', 'highway': 'street_lamp', 'lamp_mount': 'bent_mast', 'lamp_type': 'led', 'light:colour': 'white', 'light:direction': '290', 'light:tilt': '-90', 'material': 'metal', 'support': 'pole'}",10,0,0,1,0.64,Wheeler Road Extension,Bangalore
street_lamp,13.0011197,77.6239749,"{'height': '5', 'highway': 'street_lamp', 'lamp_mount': 'bent_mast', 'lamp_type': 'led', 'light:colour': 'white', 'light:direction': '290', 'light:tilt': '-90', 'material': 'metal', 'support': 'pole'}",10,0,0,0,0.7,Wheeler Road Extension,Bangalore
street_lamp,13.0010699,77.6239553,"{'height': '5', 'highway': 'street_lamp', 'lamp_mount': 'bent_mast', 'lamp_type': 'led', 'light:colour': 'white', 'light:direction': '290', 'light:tilt': '-90', 'material': 'metal', 'support': 'pole'}",10,0,0,1,0.64,Wheeler Road Extension,Bangalore
street_lamp,13.0007382,77.6239298,"{'height': '5', 'highway': 'street_lamp', 'lamp_mount': 'bent_mast', 'lamp_type': 'led', 'light:colour': 'white', 'light:direction': '195', 'light:tilt': '-90', 'material': 'metal', 'support': 'pole'}",10,0,0,3,0.52,High Street,Bangalore
street_lamp,13.0009275,77.6240434,"{'height': '5', 'highway': 'street_lamp', 'lamp_mount': 'bent_mast', 'lamp_type': 'led', 'light:colour': 'white', 'light:direction': '110', 'light:tilt': '-90', 'material': 'metal', 'support': 'pole'}",10,0,0,2,0.58,,Bengaluru
street_lamp,13.0009682,77.6240458,"{'height': '5', 'highway': 'street_lamp', 'lamp_mount': 'bent_mast', 'lamp_type': 'led', 'light:colour': 'white', 'light:direction': '200', 'light:tilt': '-90', 'material': 'metal', 'support': 'pole'}",10,0,0,4,0.46,,Bengaluru
street_lamp,13.0007336,77.6239532,"{'height': '5', 'highway': 'street_lamp', 'lamp_mount': 'bent_mast', 'lamp_type': 'led', 'light:colour': 'white', 'light:direction': '195', 'light:tilt': '-90', 'material': 'metal', 'support': 'pole'}",10,0,0,3,0.52,,Bengaluru
street_lamp,13.0006751,77.6241219,"{'height': '5', 'highway': 'street_lamp', 'lamp_mount': 'bent_mast', 'lamp_type': 'led', 'light:colour': 'white', 'light:direction': '110', 'light:tilt': '-90', 'material': 'metal', 'support': 'pole'}",10,0,0,0,0.7,High Street,Bengaluru
street_lamp,13.0007009,77.6240438,"{'height': '5', 'highway': 'street_lamp', 'lamp_mount': 'bent_mast', 'lamp_type': 'led', 'light:colour': 'white', 'light:direction': '195', 'light:tilt': '-90', 'material': 'metal', 'support': 'pole'}",10,0,0,3,0.52,,Bengaluru
street_lamp,13.0008362,77.6239827,"{'height': '5', 'highway': 'street_lamp', 'lamp_mount': 'straight_mast', 'lamp_type': 'led', 'light:colour': 'white', 'light:shape': 'cylindrical', 'light:tilt': '-90', 'material': 'metal', 'support': 'pole'}",10,0,0,0,0.7,,Bengaluru
street_lamp,13.000778,77.6238801,"{'height': '10', 'highway': 'street_lamp', 'lamp_mount': 'bent_mast', 'lamp_type': 'led', 'light:colour': 'white', 'light:direction': '50', 'light:tilt': '-90', 'material': 'metal', 'support': 'pole'}",10,0,0,4,0.46,High Street,Bangalore
street_lamp,13.0008407,77.6240194,"{'height': '5', 'highway': 'street_lamp', 'lamp_mount': 'straight_mast', 'lamp_type': 'led', 'light:colour': 'white', 'light:shape': 'cylindrical', 'light:tilt': '-90', 'material': 'metal', 'support': 'pole'}",10,0,0,3,0.52,,Bengaluru
street_lamp,13.0008695,77.6240464,"{'height': '5', 'highway': 'street_lamp', 'lamp_mount': 'bent_mast', 'lamp_type': 'led', 'light:colour': 'white', 'light:direction': '290', 'light:tilt': '-90', 'material': 'metal', 'support': 'pole'}",10,0,0,2,0.58,,Bengaluru
street_lamp,13.0009497,77.6240702,"{'height': '5', 'highway': 'street_lamp', 'lamp_mount': 'straight_mast', 'lamp_type': 'led', 'light:colour': 'white', 'light:shape': 'cylindrical', 'light:tilt': '-90', 'material': 'metal', 'support': 'pole'}",10,0,0,4,0.46,,Bengaluru
street_lamp,13.001122,77.6241215,"{'height': '5', 'highway': 'street_lamp', 'lamp_mount': 'bent_mast', 'lamp_type': 'led', 'light:colour': 'white', 'light:direction': '20', 'light:tilt': '-90', 'material': 'metal', 'support': 'pole'}",10,0,0,3,0.52,Milton Street,Bengaluru
street_lamp,13.0011181,77.6241336,"{'height': '5', 'highway': 'street_lamp', 'lamp_mount': 'bent_mast', 'lamp_type': 'led', 'light:colour': 'white', 'light:direction': '20', 'light:tilt': '-90', 'material': 'metal', 'support': 'pole'}",10,0,0,0,0.7,Milton Street,Bengaluru
street_lamp,13.0011011,77.6241135,"{'height': '5', 'highway': 'street_lamp', 'lamp_mount': 'bent_mast', 'lamp_type': 'led', 'light:colour': 'white', 'light:direction': '110', 'light:tilt': '-90', 'material': 'metal', 'support': 'pole'}",10,0,0,3,0.52,Milton Street,Bengaluru
street_lamp,13.001027,77.6240834,"{'height': '5', 'highway': 'street_lamp', 'lamp_mount': 'bent_mast', 'lamp_type': 'led', 'light:colour': 'white', 'light:direction': '110', 'light:tilt': '-90', 'material': 'metal', 'support': 'pole'}",10,0,0,3,0.52,,Bengaluru
street_lamp,13.0009747,77.6240843,"{'height': '5', 'highway': 'street_lamp', 'lamp_mount': 'bent_mast', 'lamp_type': 'led', 'light:colour': 'white', 'light:direction': '110', 'light:tilt': '-90', 'material': 'metal', 'support': 'pole'}",10,0,0,0,0.7,,Bengaluru
street_lamp,13.0010551,77.6241148,"{'height': '5', 'highway': 'street_lamp', 'lamp_mount': 'bent_mast', 'lamp_type': 'led', 'light:colour': 'white', 'light:direction': '110', 'light:tilt': '-90', 'material': 'metal', 'support': 'pole'}",10,0,0,2,0.58,Milton Street,Bengaluru
street_lamp,13.0010708,77.6242795,"{'height': '5', 'highway': 'street_lamp', 'lamp_mount': 'bent_mast', 'lamp_type': 'led', 'light:colour': 'white', 'light:direction': '20', 'light:tilt': '-90', 'material': 'metal', 'support': 'pole'}",10,0,0,3,0.52,Milton Street,Bangalore
street_lamp,13.0010959,77.6242027,"{'height': '5', 'highway': 'street_lamp', 'lamp_mount': 'bent_mast', 'lamp_type': 'led', 'light:colour': 'white', 'light:direction': '20', 'light:tilt': '-90', 'material': 'metal', 'support': 'pole'}",10,0,0,2,0.58,Milton Street,Bengaluru
street_lamp,13.0010514,77.6242412,"{'height': '10', 'highway': 'street_lamp', 'lamp_mount': 'bent_mast', 'lamp_type': 'led', 'light:colour': 'white', 'light:direction': '230', 'light:tilt': '-90', 'material': 'metal', 'support': 'pole'}",10,0,0,4,0.46,Milton Street,Bangalore
street_lamp,12.9802683,77.6378795,"{'highway': 'street_lamp', 'lamp_type': 'sodium_vapor', 'support': 'pole', 'visible': 'visible'}",10,0,0,0,0.7,,Bengaluru
street_lamp,12.9803475,77.6375668,{'highway': 'street_lamp'},10,0,0,1,0.64,,Bengaluru
street_lamp,12.9803806,77.6374561,{'highway': 'street_lamp'},10,0,0,2,0.58,4th Main Road,Bengaluru
street_lamp,12.9799741,77.6379016,"{'highway': 'street_lamp', 'lamp_type': 'sodium_vapor', 'support': 'pole', 'visibility': 'clear'}",10,0,0,3,0.52,12th Cross,Bengaluru
street_lamp,12.9800726,77.6374645,"{'highway': 'street_lamp', 'lamp_type': 'sodium_vapor', 'support': 'pole', 'visibility': 'clear'}",10,0,0,1,0.64,5th Main Road,Bengaluru
street_lamp,12.9788328,77.636906,{'highway': 'street_lamp'},10,0,0,2,0.58,Indiranagar Double Road,Bengaluru
street_lamp,12.9788408,77.6372482,"{'highway': 'street_lamp', 'lamp_type': 'sodium_vapor', 'support': 'pole', 'visibility': 'clear'}",10,0,0,0,0.7,12th A Cross,Bengaluru
street_lamp,12.9789319,77.6367529,{'highway': 'street_lamp'},10,0,0,2,0.58,Double Road,Bengaluru
street_lamp,12.9791017,77.6369349,{'highway': 'street_lamp'},10,0,0,2,0.58,Double Road,Bengaluru
street_lamp,12.9791116,77.6367858,{'highway': 'street_lamp'},10,0,0,4,0.46,Double Road,Bengaluru
street_lamp,12.9792962,77.6369652,{'highway': 'street_lamp'},10,0,0,3,0.52,12th A Cross,Bengaluru
street_lamp,12.9793012,77.6368287,{'highway': 'street_lamp'},10,0,0,0,0.7,Double Road,Bengaluru
street_lamp,12.9794341,77.6368565,{'highway': 'street_lamp'},10,0,0,2,0.58,Indiranagar Double Road,Bengaluru
street_lamp,12.979439,77.6369879,{'highway': 'street_lamp'},10,0,0,1,0.64,Indiranagar Double Road,Bengaluru
street_lamp,12.979796,77.6369323,{'highway': 'street_lamp'},10,0,0,1,0.64,Indiranagar Double Road,Bengaluru
street_lamp,12.9799807,77.6371067,{'highway': 'street_lamp'},10,0,0,2,0.58,"5th main, Paramahansa Yogananda Rd, Stage 1, Indiranagar",Bengaluru
street_lamp,12.9800127,77.6369652,{'highway': 'street_lamp'},10,0,0,0,0.7,5th Main Road,Bengaluru
street_lamp,12.9805079,77.6378856,"{'highway': 'street_lamp', 'lamp_type': 'sodium_vapor', 'support': 'pole', 'visibility': 'visible'}",10,0,0,2,0.58,12th Cross,Bengaluru
street_lamp,12.9807768,77.6378746,"{'highway': 'street_lamp', 'lamp_type': 'sodium_vapor', 'support': 'pole', 'visible': 'visible'}",10,0,0,3,0.52,12th Cross,Bengaluru
street_lamp,12.9809967,77.6378681,"{'highway': 'street_lamp', 'lamp_type': 'sodium_vapor', 'support': 'pole', 'visibility': 'visible'}",10,0,0,1,0.64,12th Cross,Bengaluru
street_lamp,12.9812283,77.6378609,{'highway': 'street_lamp'},10,0,0,4,0.46,12th Cross,Bengaluru
street_lamp,12.9816701,77.6378347,{'highway': 'street_lamp'},10,0,0,3,0.52,12th Cross,Bengaluru
street_lamp,12.9819807,77.6378139,"{'highway': 'street_lamp', 'lamp_type': 'sodium_vapor', 'support': 'pole', 'visibility': 'obstructed'}",10,0,0,1,0.64,,Bengaluru
street_lamp,12.982224,77.6378073,{'highway': 'street_lamp'},10,0,0,3,0.52,12th Cross Road,Bengaluru
street_lamp,12.9786375,77.6354564,{'highway': 'street_lamp'},10,0,0,3,0.52,7th Main,Bengaluru
street_lamp,12.9786472,77.6356847,{'highway': 'street_lamp'},10,0,0,0,0.7,7th Main,Bengaluru
street_lamp,12.9786569,77.635958,{'highway': 'street_lamp'},10,0,0,3,0.52,7th Main,Bengaluru
street_lamp,12.97868,77.6348737,{'highway': 'street_lamp'},10,0,0,4,0.46,16th Cross,Bengaluru
street_lamp,12.9787127,77.6351728,{'highway': 'street_lamp'},10,0,0,1,0.64,15th Cross,Bengaluru
street_lamp,12.9787214,77.63541,{'highway': 'street_lamp'},10,0,0,2,0.58,15th Cross,Bengaluru
street_lamp,12.9789319,77.6354302,{'highway': 'street_lamp'},10,0,0,3,0.52,15th Cross Road,Bengaluru
street_lamp,12.9791198,77.6354681,{'highway': 'street_lamp'},10,0,0,4,0.46,15th Cross Road,Bengaluru
street_lamp,12.9795469,77.6355531,{'highway': 'street_lamp'},10,0,0,3,0.52,15th Cross Road,Bengaluru
street_lamp,12.9797401,77.6355831,{'highway': 'street_lamp'},10,0,0,0,0.7,"15th Cross Road, 2nd Stage, Indira Nagar II Stage, Hoysala Nagar, Indiranagar",Bengaluru
street_lamp,12.9799464,77.6356297,{'highway': 'street_lamp'},10,0,0,1,0.64,,Bengaluru
street_lamp,12.9801692,77.6365107,{'highway': 'street_lamp'},10,0,0,4,0.46,5th Main Road,Bangalore
street_lamp,12.98025,77.635693,{'highway': 'street_lamp'},10,0,0,2,0.58,,Bengaluru
street_lamp,12.9802918,77.6364268,{'highway': 'street_lamp'},10,0,0,2,0.58,13th Cross,Bangalore
street_lamp,12.9803245,77.6362253,{'highway': 'street_lamp'},10,0,0,2,0.58,"5th main, 13th Cross",Bengaluru
street_lamp,12.9803665,77.6359671,{'highway': 'street_lamp'},10,0,0,4,0.46,"5th main, 13th Cross",Bengaluru
street_lamp,12.9804053,77.6357304,{'highway': 'street_lamp'},10,0,0,4,0.46,,Bengaluru
street_lamp,12.9786536,77.6366898,"{'highway': 'street_lamp', 'lamp_type': 'sodium_vapor', 'support': 'pole', 'visibility': 'clear'}",10,0,0,2,0.58,Indiranagar Double Road,Bengaluru
street_lamp,12.9802011,77.6369805,{'highway': 'street_lamp'},10,0,0,3,0.52,,Bengaluru
street_lamp,12.9802367,77.6367656,{'highway': 'street_lamp'},10,0,0,2,0.58,5th Main Road,Bengaluru
street_lamp,12.9786987,77.6393601,{'highway': 'street_lamp'},10,0,0,2,0.58,9th Cross Road,Bengaluru
street_lamp,12.9790247,77.6393396,{'highway': 'street_lamp'},10,0,0,4,0.46,9th Cross Road,Bengaluru
street_lamp,12.9792166,77.6393535,{'highway': 'street_lamp'},10,0,0,0,0.7,9th Cross Road,Bengaluru
street_lamp,12.979422,77.6393535,{'highway': 'street_lamp'},10,0,0,0,0.7,9th Cross Road,Bengaluru
street_lamp,12.9796385,77.6393291,{'highway': 'street_lamp'},10,0,0,3,0.52,9th Cross Road,Bengaluru
street_lamp,12.9797525,77.6393158,{'highway': 'street_lamp'},10,0,0,4,0.46,9th Cross Road,Bengaluru
street_lamp,12.9822699,77.6382607,"{'highway': 'street_lamp', 'lamp_type': 'sodium_vapor', 'support': 'pole', 'visibility': 'partially_obstructed'}",10,0,0,4,0.46,11th Cross Road,Bengaluru
street_lamp,12.9785829,77.6361756,{'highway': 'street_lamp'},10,0,0,2,0.58,13th Cross Road,Bengaluru
street_lamp,12.9789703,77.6362565,{'highway': 'street_lamp'},10,0,0,1,0.64,13th Cross Road,Bengaluru
street_lamp,12.9796378,77.6363856,{'highway': 'street_lamp'},10,0,0,2,0.58,13th cross,Bengaluru
street_lamp,12.9801654,77.6388141,{'highway': 'street_lamp'},10,0,0,1,0.64,10th Cross Road,Bengaluru
street_lamp,12.9806689,77.6387931,{'highway': 'street_lamp'},10,0,0,2,0.58,10th Cross Road,Bengaluru
street_lamp,12.9810214,77.6387894,{'highway': 'street_lamp'},10,0,0,0,0.7,10th Cross Road,Bengaluru
street_lamp,12.9820092,77.6387098,"{'highway': 'street_lamp', 'lamp_type': 'sodium_vapor', 'support': 'pole', 'visibility': 'visible'}",10,0,0,0,0.7,"9th Cross Rd, 2nd Stage, Indira Nagar II Stage, Hoysala Nagar, Indiranagar",Bangalore
street_lamp,12.9783795,77.6376955,{'highway': 'street_lamp'},10,0,0,1,0.64,Chinmaya Mission Hospital Road,Bengaluru
street_lamp,12.9790061,77.6379356,"{'highway': 'street_lamp', 'lamp_type': 'led', 'support': 'pole', 'visibility': 'clear'}",10,0,0,3,0.52,12th Cross,Bengaluru
street_lamp,12.9792338,77.6379318,"{'highway': 'street_lamp', 'lamp_type': 'sodium_vapor', 'support': 'pole', 'visibility': 'clear'}",10,0,0,1,0.64,12th Cross,Bengaluru
street_lamp,12.9795527,77.6379141,"{'highway': 'street_lamp', 'lamp_type': 'sodium_vapor', 'support': 'pole', 'visibility': 'clear'}",10,0,0,2,0.58,12th Cross,Bengaluru
street_lamp,12.9806272,77.6370878,{'highway': 'street_lamp'},10,0,0,0,0.7,Indiranagar Double Road,Bangalore
street_lamp,12.9813399,77.6373267,{'highway': 'street_lamp'},10,0,0,2,0.58,Indiranagar Double Road,Bengaluru
street_lamp,12.9801922,77.6371378,{'highway': 'street_lamp'},10,0,0,4,0.46,,Bengaluru
street_lamp,12.9804197,77.6356403,{'highway': 'street_lamp'},10,0,0,2,0.58,15th Cross,Bengaluru
street_lamp,12.9804289,77.6370336,{'highway': 'street_lamp'},10,0,0,3,0.52,,Bengaluru
street_lamp,12.9804536,77.635432,{'highway': 'street_lamp'},10,0,0,1,0.64,5th Main Road,Bengaluru
street_lamp,12.9804442,77.6372108,{'highway': 'street_lamp'},10,0,0,1,0.64,,Bengaluru
street_lamp,12.9804893,77.6352121,{'highway': 'street_lamp'},10,0,0,4,0.46,16th Cross,Bengaluru
street_lamp,12.9805208,77.6350186,{'highway': 'street_lamp'},10,0,0,1,0.64,17th Cross,Bengaluru
street_lamp,12.9805143,77.6366166,{'highway': 'street_lamp'},10,0,0,0,0.7,13th cross,Bengaluru
street_lamp,12.9805498,77.6348403,{'highway': 'street_lamp'},10,0,0,1,0.64,,Bengaluru
street_lamp,12.9806097,77.6363185,{'highway': 'street_lamp'},10,0,0,3,0.52,4th Main,Bengaluru
street_lamp,12.9806524,77.6360787,{'highway': 'street_lamp'},10,0,0,3,0.52,4th Main,Bengaluru
street_lamp,12.9807113,77.6357743,{'highway': 'street_lamp'},10,0,0,3,0.52,4th Main,Bengaluru
street_lamp,12.9807357,77.6352552,{'highway': 'street_lamp'},10,0,0,0,0.7,16th Cross,Bengaluru
street_lamp,12.9807763,77.6366708,{'highway': 'street_lamp'},10,0,0,2,0.58,13th Cross,Bangalore
street_lamp,12.9807926,77.6348882,{'highway': 'street_lamp'},10,0,0,0,0.7,4th Main Road,Bengaluru
street_lamp,12.9808546,77.6371587,{'highway': 'street_lamp'},10,0,0,1,0.64,Indiranagar Double Road,Bengaluru
street_lamp,12.9809368,77.6352843,{'highway': 'street_lamp'},10,0,0,4,0.46,16th Cross,Bengaluru
street_lamp,12.9809795,77.6363351,{'highway': 'street_lamp'},10,0,0,3,0.52,3rd A Main,Bengaluru
street_lamp,12.9810018,77.6372129,{'highway': 'street_lamp'},10,0,0,4,0.46,Indiranagar Double Road,Bengaluru
street_lamp,12.981014,77.6361287,{'highway': 'street_lamp'},10,0,0,4,0.46,3rd A Main,Bengaluru
street_lamp,12.9810455,77.6367448,{'highway': 'street_lamp'},10,0,0,2,0.58,13th Cross Road,Bengaluru
street_lamp,12.9810496,77.6349247,{'highway': 'street_lamp'},10,0,0,1,0.64,17th Cross,Bengaluru
street_lamp,12.9810628,77.6358556,{'highway': 'street_lamp'},10,0,0,4,0.46,3rd A Main Road,Bengaluru
street_lamp,12.9811156,77.6353302,{'highway': 'street_lamp'},10,0,0,0,0.7,16th Cross,Bengaluru
street_lamp,12.9811522,77.6372546,{'highway': 'street_lamp'},10,0,0,4,0.46,2nd Main,Bengaluru
street_lamp,12.9812903,77.6353719,{'highway': 'street_lamp'},10,0,0,2,0.58,16th Cross,Bengaluru
street_lamp,12.9812921,77.6368007,{'highway': 'street_lamp'},10,0,0,4,0.46,2nd Main Road,Bengaluru
street_lamp,12.981336,77.634982,{'highway': 'street_lamp'},10,0,0,0,0.7,17th Cross,Bengaluru
street_lamp,12.9813657,77.6363506,{'highway': 'street_lamp'},10,0,0,2,0.58,2nd Main Road,Bengaluru
street_lamp,12.9814292,77.6359626,{'highway': 'street_lamp'},10,0,0,0,0.7,15th Cross Road,Bengaluru
street_lamp,12.9814762,77.6356749,{'highway': 'street_lamp'},10,0,0,1,0.64,2nd Main Road,Bengaluru
street_lamp,12.9815103,77.6354669,{'highway': 'street_lamp'},10,0,0,2,0.58,,
street_lamp,12.9815768,77.6350602,{'highway': 'street_lamp'},10,0,0,1,0.64,,
street_lamp,12.9816835,77.6374147,{'highway': 'street_lamp'},10,0,0,4,0.46,,Bengaluru
street_lamp,12.9818958,77.6375913,{'highway': 'street_lamp'},10,0,0,2,0.58,,Bengaluru
street_lamp,12.9819595,77.6374805,{'highway': 'street_lamp'},10,0,0,4,0.46,12th Cross,Bengaluru
street_lamp,12.9821863,77.6374735,{'highway': 'street_lamp'},10,0,0,4,0.46,,Bengaluru
street_lamp,12.9825701,77.6348628,{'highway': 'street_lamp'},10,0,0,4,0.46,Swamy Vivekananda Road,Bengaluru
street_lamp,12.982669,77.6362254,{'highway': 'street_lamp'},10,0,0,4,0.46,Swamy Vivekananda Road,Bengaluru
street_lamp,12.9827186,77.6356166,{'highway': 'street_lamp'},10,0,0,4,0.46,Swamy Vivekananda Road,Bengaluru
street_lamp,12.9827584,77.6367257,{'highway': 'street_lamp'},10,0,0,1,0.64,,Bengaluru
street_lamp,12.982917,77.6372956,{'highway': 'street_lamp'},10,0,0,2,0.58,,Bengaluru
street_lamp,12.9781385,77.6349594,{'highway': 'street_lamp'},10,0,0,0,0.7,Chinmaya Mission Hospital Road,Bengaluru
street_lamp,12.9782844,77.6351479,"{'highway': 'street_lamp', 'lamp_mount': 'straight_mast'}",10,0,0,1,0.64,Chinmaya Mission Hospital Road,Bengaluru
street_lamp,12.9782803,77.6348069,{'highway': 'street_lamp'},10,0,0,1,0.64,Chinmaya Mission Hospital Road,Bengaluru
street_lamp,12.9788475,77.6349094,{'highway': 'street_lamp'},10,0,0,0,0.7,16th Cross,Bengaluru
street_lamp,12.9790741,77.6349515,{'highway': 'street_lamp'},10,0,0,3,0.52,16th Cross Road,Bengaluru
street_lamp,12.9795022,77.6350247,{'highway': 'street_lamp'},10,0,0,1,0.64,16th Cross Road,Bengaluru
street_lamp,12.9797733,77.6350613,{'highway': 'street_lamp'},10,0,0,4,0.46,,Bengaluru
street_lamp,12.9800373,77.6351254,{'highway': 'street_lamp'},10,0,0,1,0.64,,Bengaluru
street_lamp,12.9803037,77.6351771,{'highway': 'street_lamp'},10,0,0,0,0.7,5th Main Road,Bengaluru
street_lamp,12.9804044,77.6352501,{'highway': 'street_lamp'},10,0,0,0,0.7,5th Main Road,Bengaluru
street_lamp,12.9790523,77.6372758,"{'highway': 'street_lamp', 'lamp_type': 'sodium_vapor', 'support': 'pole', 'visibility': 'clear'}",10,0,0,3,0.52,12th A Cross,Bengaluru
street_lamp,12.9792681,77.6372669,"{'highway': 'street_lamp', 'lamp_type': 'sodium_vapor', 'support': 'pole', 'visibility': 'partially_obstructed'}",10,0,0,1,0.64,12th A Cross,Bengaluru
street_lamp,12.9802396,77.638331,"{'highway': 'street_lamp', 'lamp_type': 'sodium_vapor', 'support': 'pole', 'visibility': 'visible'}",10,0,0,2,0.58,,Bengaluru
street_lamp,12.9780767,77.6333943,{'highway': 'street_lamp'},10,0,0,3,0.52,"Chinmaya Mission Hospital Road, Eshwara Layout, Indiranagar",Bengaluru
street_lamp,12.9780868,77.6335198,{'highway': 'street_lamp'},10,0,0,1,0.64,Chinmaya Mission Hospital Road,Bengaluru
street_lamp,12.9780895,77.6336835,{'highway': 'street_lamp'},10,0,0,2,0.58,Chinmaya Mission Hospital Road,Bengaluru
street_lamp,12.9780904,77.6340734,{'highway': 'street_lamp'},10,0,0,1,0.64,Chinmaya Mission Hospital Road,Bengaluru
street_lamp,12.9782477,77.6339655,{'highway': 'street_lamp'},10,0,0,3,0.52,Chinmaya Mission Hospital Road,Bengaluru
street_lamp,12.9782634,77.6342968,{'highway': 'street_lamp'},10,0,0,1,0.64,Chinmaya Mission Hospital Road,Bengaluru
street_lamp,12.9782723,77.6345723,{'highway': 'street_lamp'},10,0,0,3,0.52,"Chinmaya Mission Hospital Main Road, 2nd Stage, Indranagar",Bangalore
street_lamp,12.9805663,77.6383528,{'highway': 'street_lamp'},10,0,0,1,0.64,11th Cross Road,Bengaluru
street_lamp,12.9808919,77.6383393,"{'highway': 'street_lamp', 'lamp_type': 'sodium_vapor', 'support': 'pole', 'visibility': 'visible'}",10,0,0,1,0.64,11th Cross Road,Bengaluru
street_lamp,12.9813452,77.6383173,"{'highway': 'street_lamp', 'lamp_type': 'sodium_vapor', 'support': 'pole', 'visibility': 'visible'}",10,0,0,4,0.46,11th Cross Road,Bengaluru
street_lamp,12.9816834,77.638292,"{'highway': 'street_lamp', 'lamp_type': 'sodium_vapor', 'support': 'pole', 'visibility': 'partially_obstructed'}",10,0,0,0,0.7,11th Cross Road,Bengaluru
street_lamp,12.9819901,77.6382683,"{'highway': 'street_lamp', 'lamp_type': 'sodium_vapor', 'support': 'pole', 'visibility': 'partially-obstructed'}",10,0,0,2,0.58,11th Cross Road,Bengaluru
street_lamp,12.9827066,77.6381879,{'highway': 'street_lamp'},10,0,0,1,0.64,,Bengaluru
street_lamp,12.98282,77.6382254,{'highway': 'street_lamp'},10,0,0,2,0.58,,Bengaluru
street_lamp,12.9831016,77.6381499,{'highway': 'street_lamp'},10,0,0,1,0.64,Swamy Vivekananda Road,Bengaluru
street_lamp,12.9831478,77.6382447,{'highway': 'street_lamp'},10,0,0,2,0.58,Swamy Vivekananda Road,Bengaluru
street_lamp,12.9798842,77.6397438,"{'highway': 'street_lamp', 'lamp_type': 'sodium_vapor', 'support': 'pole', 'visibility': 'clear'}",10,0,0,4,0.46,5th Main Road,Bengaluru
street_lamp,12.9799986,77.6401878,"{'highway': 'street_lamp', 'lamp_type': 'sodium_vapor', 'visibility': 'clear'}",10,0,0,4,0.46,5th Main Road,Bengaluru
street_lamp,12.9800157,77.6396953,{'highway': 'street_lamp'},10,0,0,1,0.64,5th Main Road,Bengaluru
street_lamp,12.9804141,77.6401905,"{'highway': 'street_lamp', 'lamp_type': 'sodium', 'support': 'pole'}",10,0,0,1,0.64,,Bengaluru
street_lamp,12.9806521,77.6401986,"{'highway': 'street_lamp', 'lamp_type': 'sodium_vapor', 'support': 'pole', 'visibility': 'clear'}",10,0,0,1,0.64,,Bengaluru
street_lamp,12.9781436,77.6356056,"{'highway': 'street_lamp', 'lamp_mount': 'straight_mast'}",10,0,0,3,0.52,Chinmaya Mission Hospital Road,Bengaluru
street_lamp,12.9781471,77.6358545,"{'highway': 'street_lamp', 'lamp_mount': 'straight_mast'}",10,0,0,1,0.64,Chinmaya Mission Hospital Road,Bengaluru
street_lamp,12.9781575,77.6361104,"{'highway': 'street_lamp', 'lamp_mount': 'straight_mast'}",10,0,0,2,0.58,Chinmaya Mission Hospital Road,Bengaluru
street_lamp,12.9781661,77.6363344,"{'highway': 'street_lamp', 'lamp_mount': 'straight_mast'}",10,0,0,2,0.58,Chinmaya Mission Hospital Road,Bengaluru
street_lamp,12.9781679,77.6365903,"{'highway': 'street_lamp', 'lamp_mount': 'straight_mast'}",10,0,0,1,0.64,Chinmaya Mission Hospital Road,Bengaluru
street_lamp,12.9783012,77.6354137,"{'highway': 'street_lamp', 'lamp_mount': 'straight_mast'}",10,0,0,4,0.46,Chinmaya Mission Hospital Road,Bengaluru
street_lamp,12.9783116,77.6365459,"{'highway': 'street_lamp', 'lamp_mount': 'straight_mast'}",10,0,0,0,0.7,Chinmaya Mission Hospital Road,Bengaluru
street_lamp,12.9783133,77.6357709,"{'highway': 'street_lamp', 'lamp_mount': 'straight_mast'}",10,0,0,0,0.7,Chinmaya Mission Hospital Road,Bengaluru
street_lamp,12.9783151,77.6362935,"{'highway': 'street_lamp', 'lamp_mount': 'straight_mast'}",10,0,0,0,0.7,Chinmaya Mission Hospital Road,Bengaluru
street_lamp,12.9783237,77.6360056,"{'highway': 'street_lamp', 'lamp_mount': 'straight_mast'}",10,0,0,4,0.46,Chinmaya Mission Hospital Road,Bengaluru
street_lamp,12.9783324,77.6367219,"{'highway': 'street_lamp', 'lamp_mount': 'high_mast', 'lamp_type': 'led', 'visibility': 'clear'}",10,0,0,3,0.52,Indiranagar Double Road,Bengaluru
street_lamp,12.9790033,77.6387753,{'highway': 'street_lamp'},10,0,0,2,0.58,10th Cross Road,Bengaluru
street_lamp,12.9792034,77.6387653,"{'highway': 'street_lamp', 'lamp_type': 'sodium_vapor', 'support': 'pole', 'visibility': 'clear'}",10,0,0,4,0.46,10th Cross Road,Bengaluru
street_lamp,12.9794202,77.6387633,"{'highway': 'street_lamp', 'lamp_type': 'sodium_vapor', 'support': 'pole', 'visibility': 'clear'}",10,0,0,2,0.58,10th Cross Road,Bengaluru
street_lamp,12.9796604,77.6387513,"{'highway': 'street_lamp', 'lamp_type': 'sodium_vapor', 'support': 'pole', 'visibility': 'clear'}",10,0,0,0,0.7,10th Cross Road,Bengaluru
street_lamp,12.978078,77.6330244,{'highway': 'street_lamp'},10,0,0,3,0.52,17th E Cross,Bengaluru
street_lamp,12.9782257,77.6333312,{'highway': 'street_lamp'},10,0,0,0,0.7,Chinmaya Mission Hospital Road,Bengaluru
street_lamp,12.9782282,77.6331262,{'highway': 'street_lamp'},10,0,0,0,0.7,17th F Cross,Bengaluru
street_lamp,12.9782356,77.6335412,{'highway': 'street_lamp'},10,0,0,2,0.58,Chinmaya Mission Hospital Road,Bengaluru
street_lamp,12.9784229,77.6331097,{'highway': 'street_lamp'},10,0,0,3,0.52,17th F Cross,Bengaluru
street_lamp,12.9785681,77.6331988,{'highway': 'street_lamp'},10,0,0,1,0.64,7th Main Road,Bengaluru
street_lamp,12.9786239,77.6333083,{'highway': 'street_lamp'},10,0,0,2,0.58,7th Main Road,Bengaluru
street_lamp,12.9786239,77.6333834,{'highway': 'street_lamp'},10,0,0,0,0.7,7th Main Road,Bengaluru
street_lamp,12.9786313,77.6335934,{'highway': 'street_lamp'},10,0,0,3,0.52,7th Main,Bengaluru
street_lamp,12.9786462,77.6339079,{'highway': 'street_lamp'},10,0,0,3,0.52,7th Main Road,Bengaluru
street_lamp,12.9786797,77.633158,{'highway': 'street_lamp'},10,0,0,1,0.64,17th F Cross,Bengaluru
street_lamp,12.9790804,77.6332586,{'highway': 'street_lamp'},10,0,0,2,0.58,17th F Cross,Bengaluru
street_lamp,12.979356,77.6333152,{'highway': 'street_lamp'},10,0,0,3,0.52,17th F Cross,Bengaluru
street_lamp,12.9796051,77.6333854,{'highway': 'street_lamp'},10,0,0,0,0.7,17th F Cross,Bengaluru
street_lamp,12.9788092,77.6337147,{'highway': 'street_lamp'},10,0,0,2,0.58,17th B Cross Road,Bengaluru
street_lamp,12.9793145,77.6338065,{'highway': 'street_lamp'},10,0,0,0,0.7,17th B Cross Road,Bengaluru
street_lamp,12.9795116,77.6338303,{'highway': 'street_lamp'},10,0,0,0,0.7,17th B Cross Road,Bengaluru
street_lamp,12.9795729,77.6339374,{'highway': 'street_lamp'},10,0,0,2,0.58,,Bengaluru
street_lamp,12.9797469,77.633866,{'highway': 'street_lamp'},10,0,0,3,0.52,17th B Cross Road,Bengaluru
street_lamp,12.9799175,77.6338898,{'highway': 'street_lamp'},10,0,0,4,0.46,17th B Cross Road,Bengaluru
street_lamp,12.9800063,77.6335252,{'highway': 'street_lamp'},10,0,0,2,0.58,,Bengaluru
street_lamp,12.9800658,77.6340038,{'highway': 'street_lamp'},10,0,0,2,0.58,6th A Cross Street,Bengaluru
street_lamp,12.9800963,77.6339305,{'highway': 'street_lamp'},10,0,0,0,0.7,6th A Cross Street,Bengaluru
street_lamp,12.9803403,77.6336071,{'highway': 'street_lamp'},10,0,0,0,0.7,,Bengaluru
street_lamp,12.9806609,77.634094,{'highway': 'street_lamp'},10,0,0,0,0.7,5th Main Road,Bengaluru
street_lamp,12.9806659,77.6336653,{'highway': 'street_lamp'},10,0,0,3,0.52,5th Main Road,Bengaluru
street_lamp,12.9806996,77.6338715,{'highway': 'street_lamp'},10,0,0,4,0.46,5th Main Road,Bengaluru
street_lamp,12.9807911,77.6336402,{'highway': 'street_lamp'},10,0,0,0,0.7,5th Main Road,Bengaluru
street_lamp,12.9786562,77.6341409,{'highway': 'street_lamp'},10,0,0,4,0.46,7th Main Road,Bengaluru
street_lamp,12.9788773,77.634172,{'highway': 'street_lamp'},10,0,0,0,0.7,17th A Cross Road,Bengaluru
street_lamp,12.9791473,77.6342094,{'highway': 'street_lamp'},10,0,0,2,0.58,,Bengaluru
street_lamp,12.9795079,77.6342034,{'highway': 'street_lamp'},10,0,0,0,0.7,,Bengaluru
street_lamp,12.9795887,77.634516,{'highway': 'street_lamp'},10,0,0,0,0.7,6th B Main Road,Bengaluru
street_lamp,12.9800773,77.6343008,{'highway': 'street_lamp'},10,0,0,3,0.52,,Bengaluru
street_lamp,12.9800784,77.634605,{'highway': 'street_lamp'},10,0,0,3,0.52,6th A Cross Street,Bengaluru
street_lamp,12.9786669,77.6345036,{'highway': 'street_lamp'},10,0,0,3,0.52,7th Main Road,Bengaluru
street_lamp,12.9788773,77.6345257,{'highway': 'street_lamp'},10,0,0,3,0.52,"17th Cross Rd, Indira Nagar II Stage, Hoysala Nagar, Indiranagar",Bengaluru
street_lamp,12.9790761,77.6345614,{'highway': 'street_lamp'},10,0,0,4,0.46,17th Cross Road,Bengaluru
street_lamp,12.9793362,77.6346056,{'highway': 'street_lamp'},10,0,0,1,0.64,17th Cross Road,Bengaluru
street_lamp,12.9795599,77.6346464,{'highway': 'street_lamp'},10,0,0,2,0.58,5th Main Road,Bangalore
street_lamp,12.9797587,77.6346702,{'highway': 'street_lamp'},10,0,0,2,0.58,5th Main Road,Bangalore
street_lamp,12.9186189,77.5958675,{'highway': 'street_lamp'},10,0,0,1,0.64,,28th B Main Road
street_lamp,12.9188672,77.5958745,{'highway': 'street_lamp'},10,0,0,4,0.46,28th B Main Road,JMR Pasha
street_lamp,12.9446066,77.6298394,"{'highway': 'street_lamp', 'opening_hours': '22:00-05:00'}",10,0,0,2,0.58,,21st Cross Road
street_lamp,12.9445263,77.6297534,"{'highway': 'street_lamp', 'opening_hours': '22:00-05:00'}",10,0,0,2,0.58,,21st Cross Road
street_lamp,12.9445402,77.6294936,"{'highway': 'street_lamp', 'opening_hours': '22:00-05:00'}",10,0,0,1,0.64,,21st Cross Road
street_lamp,12.9448964,77.6297068,"{'highway': 'street_lamp', 'opening_hours': '22:00-05:00'}",10,0,0,3,0.52,Ejipura Main Road,Bengaluru
street_lamp,12.9451077,77.6296011,"{'highway': 'street_lamp', 'opening_hours': '22:00-05:00'}",10,0,0,1,0.64,Ejipura Main Road,Bengaluru
street_lamp,12.945319,77.6295294,"{'highway': 'street_lamp', 'opening_hours': '22:00-05:00'}",10,0,0,0,0.7,,21st A Cross
street_lamp,12.9455198,77.6294363,"{'highway': 'street_lamp', 'opening_hours': '22:00-05:00'}",10,0,0,3,0.52,,20th C Cross Road
street_lamp,12.9458707,77.6292213,"{'highway': 'street_lamp', 'opening_hours': '22:00-05:00'}",10,0,0,4,0.46,19th Cross Road,Germans Orchid
street_lamp,12.9461519,77.6290511,"{'highway': 'street_lamp', 'opening_hours': '22:00-05:00'}",10,0,0,1,0.64,Ejipura Main Road,Bengaluru
street_lamp,12.9462863,77.6289812,"{'highway': 'street_lamp', 'opening_hours': '22:00-05:00'}",10,0,0,3,0.52,Sri Rama Temple Road,Soundarya Tailor Shop
street_lamp,12.9463335,77.62894,"{'highway': 'street_lamp', 'opening_hours': '22:00-05:00'}",10,0,0,0,0.7,Sri Rama Temple Road,Soundarya Tailor Shop
street_lamp,12.945313,77.6289324,{'highway': 'street_lamp'},10,0,0,3,0.52,21st A Cross,Balaji Electricals
street_lamp,12.9457253,77.6289451,{'highway': 'street_lamp'},10,0,0,3,0.52,Sri Rama Temple Road,Hari Jewelers
street_lamp,12.9450203,77.628928,{'highway': 'street_lamp'},10,0,0,3,0.52,Sri Rama Temple Road,Karur Vysya Bank
street_lamp,12.9791954,77.6464019,{'highway': 'street_lamp'},10,0,0,1,0.64,80 Feet Road,Bengaluru
street_lamp,12.9791787,77.6431148,{'highway': 'street_lamp'},10,0,0,1,0.64,Sri Krishna Temple Road,Bengaluru
street_lamp,12.9792012,77.6462451,{'highway': 'street_lamp'},10,0,0,4,0.46,Sri Krishna Temple Road,Bengaluru
street_lamp,12.9791814,77.6460335,{'highway': 'street_lamp'},10,0,0,0,0.7,Sri Krishna Temple Road,Bengaluru
street_lamp,12.9791626,77.6456391,{'highway': 'street_lamp'},10,0,0,3,0.52,1st A Cross Road,CPB Complex
street_lamp,12.9790825,77.6445436,{'highway': 'street_lamp'},10,0,0,3,0.52,Sri Krishna Temple Road,Bengaluru
street_lamp,12.9791183,77.6443838,{'highway': 'street_lamp'},10,0,0,0,0.7,1st Cross Road,Bengaluru
street_lamp,12.9791208,77.6455762,{'highway': 'street_lamp'},10,0,0,2,0.58,Sri Krishna Temple Road,Bengaluru
street_lamp,12.9791313,77.6446617,{'highway': 'street_lamp'},10,0,0,4,0.46,Sri Krishna Temple Road,Bengaluru
street_lamp,12.9791365,77.6447824,{'highway': 'street_lamp'},10,0,0,1,0.64,Sri Krishna Temple Road,Bengaluru
street_lamp,12.9791552,77.6451506,{'highway': 'street_lamp'},10,0,0,4,0.46,Sri Krishna Temple Road,Bengaluru
street_lamp,12.9799883,77.6387522,"{'highway': 'street_lamp', 'lamp_type': 'sodium_vapor', 'support': 'pole', 'visibility': 'clear'}",10,0,0,3,0.52,"5th Main Rd, near Kairleenikethan School, Binnamangala, Stage 1, Indiranagar","Bengaluru, Karnataka"
street_lamp,12.9800085,77.6399488,{'highway': 'street_lamp'},10,0,0,0,0.7,6th Cross Road,Bengaluru
street_lamp,12.9799858,77.639056,"{'highway': 'street_lamp', 'lamp_type': 'sodium_vapor', 'support': 'pole', 'visibility': 'clear'}",10,0,0,4,0.46,9th Cross Road,Bengaluru
street_lamp,12.980016,77.6397803,{'highway': 'street_lamp'},10,0,0,4,0.46,5th Main Road,Bengaluru
street_lamp,12.9800164,77.6395574,{'highway': 'street_lamp'},10,0,0,3,0.52,7th Cross Road,Bengaluru
street_lamp,12.9791216,77.6431367,{'highway': 'street_lamp'},10,0,0,1,0.64,1st Main,Bengaluru
street_lamp,12.9791235,77.6419746,{'highway': 'street_lamp'},10,0,0,0,0.7,Sri Krishna Temple Road,Bengaluru
street_lamp,12.979125,77.6409589,"{'highway': 'street_lamp', 'lamp_type': 'sodium_vapor', 'obstructed': 'partially', 'support': 'pole'}",10,0,0,1,0.64,Sri Krishna Temple Road,Bengaluru
street_lamp,12.9791535,77.6421995,{'highway': 'street_lamp'},10,0,0,0,0.7,3rd A Cross Road,Bengaluru
street_lamp,12.9791635,77.6412677,{'highway': 'street_lamp'},10,0,0,2,0.58,1st Cross Road,Bengaluru
street_lamp,12.9791677,77.6420985,{'highway': 'street_lamp'},10,0,0,0,0.7,Sri Krishna Temple Road,Bengaluru
street_lamp,12.979174,77.6423783,{'highway': 'street_lamp'},10,0,0,2,0.58,3rd A Cross Road,Bengaluru
street_lamp,12.9791753,77.6428976,{'highway': 'street_lamp'},10,0,0,0,0.7,Sri Krishna Temple Road,Bengaluru
street_lamp,12.9791816,77.6425772,{'highway': 'street_lamp'},10,0,0,0,0.7,Sri Krishna Temple Road,Bengaluru
street_lamp,12.9791872,77.6415106,{'highway': 'street_lamp'},10,0,0,4,0.46,Sri Krishna Temple Road,Bengaluru
street_lamp,12.9791986,77.6427629,{'highway': 'street_lamp'},10,0,0,3,0.52,Sri Krishna Temple Road,Bengaluru
street_lamp,12.9793427,77.6409374,{'highway': 'street_lamp'},10,0,0,3,0.52,100 Feet Road,Bengaluru
street_lamp,12.9796008,77.640915,{'highway': 'street_lamp'},10,0,0,4,0.46,1st Cross Road,Bengaluru
street_lamp,12.9799756,77.6405783,{'highway': 'street_lamp'},10,0,0,2,0.58,100 Feet Road,Bengaluru
street_lamp,12.9799793,77.6406994,{'highway': 'street_lamp'},10,0,0,4,0.46,100 Feet Road,Bengaluru
street_lamp,12.979995,77.640223,{'highway': 'street_lamp'},10,0,0,0,0.7,5th Main Road,Bengaluru
street_lamp,12.9799461,77.6381439,{'highway': 'street_lamp'},10,0,0,1,0.64,12th Cross,Bengaluru
street_lamp,12.979993,77.6386076,"{'highway': 'street_lamp', 'lamp_type': 'sodium_vapor', 'support': 'pole', 'visibility': 'clear'}",10,0,0,2,0.58,5th Main Road,Bengaluru
street_lamp,12.9800492,77.6376148,{'highway': 'street_lamp'},10,0,0,0,0.7,5th Main Road,Bengaluru
street_lamp,12.9800822,77.6373282,"{'highway': 'street_lamp', 'lamp_type': 'sodium_vapor', 'support': 'pole', 'visibility': 'clear'}",10,0,0,0,0.7,5th Main Road,Bengaluru
street_lamp,12.9801132,77.6375102,"{'highway': 'street_lamp', 'lamp_type': 'sodium_vapor', 'support': 'pole', 'visibility': 'clear'}",10,0,0,1,0.64,5th Main Road,Bengaluru
street_lamp,12.980092,77.6371668,{'highway': 'street_lamp'},10,0,0,2,0.58,5th Main Road,Bengaluru
street_lamp,12.9801148,77.6370431,{'highway': 'street_lamp'},10,0,0,1,0.64,,Bengaluru
street_lamp,12.9801786,77.6368255,{'highway': 'street_lamp'},10,0,0,0,0.7,5th Main Road,Bengaluru
street_lamp,12.9805255,77.6366142,{'highway': 'street_lamp'},10,0,0,4,0.46,13th cross,Bengaluru
street_lamp,12.9807114,77.6366789,{'highway': 'street_lamp'},10,0,0,1,0.64,13th Cross,Bangalore
street_lamp,12.9808187,77.6366839,{'highway': 'street_lamp'},10,0,0,1,0.64,13th Cross,Bangalore
street_lamp,12.9809262,77.636721,{'highway': 'street_lamp'},10,0,0,4,0.46,13th Cross Road,Bengaluru
street_lamp,12.9189359,77.5962461,"{'highway': 'street_lamp', 'opening_hours': 'Su-Sa 22:00-05:00'}",10,0,0,3,0.52,41 Cross Road,Street side food
street_lamp,12.9756578,77.6433056,"{'highway': 'street_lamp', 'lamp_type': 'sodium_vapor'}",10,0,0,0,0.7,3rd Main Road,Rain Tree
street_lamp,12.970242,77.6429747,{'highway': 'street_lamp'},10,0,0,2,0.58,12th Main Road,
street_lamp,12.970291,77.6443156,{'highway': 'street_lamp'},10,0,0,4,0.46,12th Main Road,Tirumal Brick Works
street_lamp,12.9698557,77.6360499,{'highway': 'street_lamp'},10,0,0,1,0.64,,Bengaluru
street_lamp,12.9698759,77.6365138,{'highway': 'street_lamp'},10,0,0,4,0.46,12th Main Road,Bengaluru
street_lamp,12.9698966,77.6369892,{'highway': 'street_lamp'},10,0,0,0,0.7,12th Main Road,Bengaluru
street_lamp,12.9699307,77.6374434,{'highway': 'street_lamp'},10,0,0,3,0.52,12th Main Road,Bengaluru
street_lamp,12.9699819,77.6387373,{'highway': 'street_lamp'},10,0,0,1,0.64,5th Cross Road,Bengaluru
street_lamp,12.9700568,77.6394551,{'highway': 'street_lamp'},10,0,0,2,0.58,12th Main Road,Bengaluru
street_lamp,12.970072,77.6394607,{'highway': 'street_lamp'},10,0,0,1,0.64,12th Main Road,Bengaluru
street_lamp,12.9722901,77.635942,{'highway': 'street_lamp'},10,0,0,1,0.64,6th C Main,Bengaluru
street_lamp,12.9726175,77.6359859,{'highway': 'street_lamp'},10,0,0,0,0.7,6th A Main Road,Bengaluru
street_lamp,12.9728217,77.6359336,{'highway': 'street_lamp'},10,0,0,0,0.7,Indiranagar Double Road,Bengaluru
street_lamp,12.9730582,77.6354233,{'highway': 'street_lamp'},10,0,0,4,0.46,6th Main Road,Bengaluru
street_lamp,12.9730844,77.6356003,{'highway': 'street_lamp'},10,0,0,4,0.46,6th Main,Bengaluru
street_lamp,12.9731066,77.6358317,{'highway': 'street_lamp'},10,0,0,4,0.46,6th Main Road,Bengaluru
street_lamp,12.9703221,77.6422687,{'highway': 'street_lamp'},10,0,0,2,0.58,12th Main Road,Fraser Techno Circuits Limited
street_lamp,12.9703415,77.6439438,"{'highway': 'street_lamp', 'opening_hours': '18:00-6:00'}",10,0,0,2,0.58,12th Main Road,Virginia
street_lamp,12.9703521,77.6462223,{'highway': 'street_lamp'},10,0,0,4,0.46,12th Main Road,Hoodi Center
street_lamp,12.9703685,77.6449967,{'highway': 'street_lamp'},10,0,0,3,0.52,7th Cross Road,Sanchez
street_lamp,12.9704181,77.6468721,{'highway': 'street_lamp'},10,0,0,2,0.58,"12th Main, HAL II Stage, Indiranagar",Bangalore
street_lamp,12.9702544,77.6433811,{'highway': 'street_lamp'},10,0,0,4,0.46,12th Main Road,Sagar Clinic
street_lamp,12.9701767,77.6418669,{'highway': 'street_lamp'},10,0,0,3,0.52,12th Main Road,
street_lamp,12.9701873,77.6414926,{'highway': 'street_lamp'},10,0,0,3,0.52,"2nd Main,1st Stage, Indiranagar",Bangalore
street_lamp,12.970194,77.6424738,{'highway': 'street_lamp'},10,0,0,3,0.52,12th Main Road,
street_lamp,12.9701951,77.6426071,{'highway': 'street_lamp'},10,0,0,4,0.46,,12th Main Road
street_lamp,12.9701972,77.6422951,{'highway': 'street_lamp'},10,0,0,4,0.46,12th Main Road,
street_lamp,12.9702564,77.6433225,{'highway': 'street_lamp'},10,0,0,0,0.7,12th Main Road,Sagar Clinic
street_lamp,12.9702832,77.6436755,{'highway': 'street_lamp'},10,0,0,1,0.64,12th Main Road,mahogany
street_lamp,12.9702851,77.6446458,{'highway': 'street_lamp'},10,0,0,3,0.52,12th Main Road,Paris Panini
street_lamp,12.9702864,77.6440292,{'highway': 'street_lamp'},10,0,0,1,0.64,12th Main Road,Toni & Guy
street_lamp,12.9703261,77.6453534,{'highway': 'street_lamp'},10,0,0,3,0.52,,12th Main Road
street_lamp,12.9703263,77.6450122,{'highway': 'street_lamp'},10,0,0,3,0.52,12th Main Road,State Bank of India
street_lamp,12.9699291,77.6360439,{'highway': 'street_lamp'},10,0,0,1,0.64,,Bengaluru
street_lamp,12.969935,77.6361445,{'highway': 'street_lamp'},10,0,0,2,0.58,,Bengaluru
street_lamp,12.9699579,77.6363232,{'highway': 'street_lamp'},10,0,0,0,0.7,,Bengaluru
street_lamp,12.9699699,77.6365411,{'highway': 'street_lamp'},10,0,0,0,0.7,12th Main Road,Bengaluru
street_lamp,12.9699915,77.6368234,{'highway': 'street_lamp'},10,0,0,1,0.64,12th Main Road,Bengaluru
street_lamp,12.9700046,77.637103,{'highway': 'street_lamp'},10,0,0,4,0.46,12th Main Road,Bengaluru
street_lamp,12.9700157,77.6373169,{'highway': 'street_lamp'},10,0,0,4,0.46,12th Main Road,Bengaluru
street_lamp,12.970034,77.637614,{'highway': 'street_lamp'},10,0,0,0,0.7,12th Main Road,Bengaluru
street_lamp,12.9700693,77.6380109,{'highway': 'street_lamp'},10,0,0,0,0.7,12th Main Road,Bengaluru
street_lamp,12.9701013,77.6383382,{'highway': 'street_lamp'},10,0,0,2,0.58,12th Main Road,Bengaluru
street_lamp,12.9701163,77.6388592,{'highway': 'street_lamp'},10,0,0,2,0.58,12th Main Road,Bengaluru
street_lamp,12.9701372,77.6391355,{'highway': 'street_lamp'},10,0,0,2,0.58,12th Main Road,Bengaluru
street_lamp,12.9217531,77.6394247,"{'highway': 'street_lamp', 'lamp_type': 'electric'}",10,0,0,4,0.46,,7th A Cross Road
street_lamp,12.920927,77.6390666,"{'highway': 'street_lamp', 'lamp_type': 'electric'}",10,0,0,0,0.7,,7th C Cross Road
street_lamp,12.9204401,77.6389587,{'highway': 'street_lamp'},10,0,0,2,0.58,,K200
street_lamp,12.9195502,77.6387803,"{'highway': 'street_lamp', 'working': 'no'}",10,0,0,1,0.64,,K200
street_lamp,12.9185031,77.6387267,"{'highway': 'street_lamp', 'working': 'no'}",10,0,0,1,0.64,14th Main Road,Movement Fitness
street_lamp,12.917928,77.6386945,"{'highway': 'street_lamp', 'working': 'no'}",10,0,0,1,0.64,4th Cross Road,Mylapore Cafe
street_lamp,12.9166934,77.6387964,"{'highway': 'street_lamp', 'working': 'no'}",10,0,0,1,0.64,13th Main Road,HSR Layout 14th Main Flyover
street_lamp,12.9165646,77.639125,"{'highway': 'street_lamp', 'working': 'no'}",10,0,0,3,0.52,13th Main Road,HSR Layout 14th Main Flyover
street_lamp,12.917071,77.640134,"{'highway': 'street_lamp', 'working': 'no'}",10,0,0,1,0.64,,Outer Ring Road
street_lamp,12.9173612,77.6404639,"{'highway': 'street_lamp', 'working': 'no'}",10,0,0,1,0.64,,Outer Ring Road
street_lamp,12.9177618,77.6408877,"{'highway': 'street_lamp', 'working': 'no'}",10,0,0,2,0.58,,11th Cross Road
street_lamp,12.9182245,77.6413517,"{'highway': 'street_lamp', 'working': 'no'}",10,0,0,1,0.64,,11th Cross Road
street_lamp,12.918601,77.6417158,"{'highway': 'street_lamp', 'working': 'no'}",10,0,0,3,0.52,9th A Cross Road,Namma Metro - Phase 2A
street_lamp,12.9190507,77.6420651,"{'highway': 'street_lamp', 'working': 'no'}",10,0,0,1,0.64,,Agara Lake Trail
street_lamp,12.9195082,77.6424279,"{'highway': 'street_lamp', 'working': 'no'}",10,0,0,3,0.52,Outer Ring Road,Depot-25 Gate
street_lamp,12.9199183,77.6427189,"{'highway': 'street_lamp', 'working': 'no'}",10,0,0,4,0.46,,7th Cross Road
street_lamp,12.9204091,77.6431058,"{'highway': 'street_lamp', 'working': 'no'}",10,0,0,3,0.52,,Outer Ring Road
street_lamp,12.9208173,77.6434425,"{'highway': 'street_lamp', 'working': 'no'}",10,0,0,0,0.7,Outer Ring Road,Agara Lake (u/c)
street_lamp,12.9212352,77.6437828,"{'highway': 'street_lamp', 'working': 'no'}",10,0,0,3,0.52,,Outer Ring Road
street_lamp,12.9220385,77.6445034,"{'highway': 'street_lamp', 'working': 'no'}",10,0,0,0,0.7,Outer Ring Road,Global Children
street_lamp,12.9368963,77.5719443,"{'height': '10', 'highway': 'street_lamp'}",10,0,0,2,0.58,South End Road,Bengaluru
street_lamp,12.9811733,77.6462913,{'highway': 'street_lamp'},10,0,0,0,0.7,4th Cross Road,Bergamot
street_lamp,12.9822369,77.6480778,"{'highway': 'street_lamp', 'power': 'pole'}",10,0,0,4,0.46,2nd Cross Road,
street_lamp,12.9820013,77.6480607,"{'highway': 'street_lamp', 'power': 'pole'}",10,0,0,3,0.52,2nd Cross Road,
street_lamp,12.9818252,77.6480677,"{'highway': 'street_lamp', 'power': 'pole'}",10,0,0,1,0.64,,2nd Main Road
street_lamp,12.9816991,77.6481623,"{'highway': 'street_lamp', 'power': 'pole'}",10,0,0,1,0.64,2nd Main Road,
street_lamp,12.9816808,77.6482501,"{'highway': 'street_lamp', 'power': 'pole'}",10,0,0,2,0.58,3rd Cross Road,
street_lamp,12.9815204,77.6483339,"{'highway': 'street_lamp', 'power': 'pole'}",10,0,0,3,0.52,,3rd Cross Road
street_lamp,12.9813799,77.6484218,"{'highway': 'street_lamp', 'power': 'pole'}",10,0,0,0,0.7,3rd Cross Road,Mohana Naveena Illam
street_lamp,12.9813152,77.648455,"{'highway': 'street_lamp', 'power': 'pole'}",10,0,0,4,0.46,3rd Cross Road,
street_lamp,12.9812254,77.6483759,"{'highway': 'street_lamp', 'material': 'concrete', 'power': 'pole'}",10,0,0,4,0.46,1st Main Road,
street_lamp,12.9812247,77.6481948,"{'highway': 'street_lamp', 'material': 'concrete', 'power': 'pole'}",10,0,0,2,0.58,4th Cross Road,
street_lamp,12.9813871,77.6480765,"{'highway': 'street_lamp', 'material': 'concrete', 'power': 'pole'}",10,0,0,1,0.64,,4th Cross Road
street_lamp,12.9815165,77.6479688,"{'highway': 'street_lamp', 'material': 'concrete', 'power': 'pole'}",10,0,0,2,0.58,4th Cross Road,
street_lamp,12.9822953,77.6485271,"{'highway': 'street_lamp', 'power': 'pole'}",10,0,0,0,0.7,1st Cross Road,
street_lamp,12.9821872,77.6486233,"{'highway': 'street_lamp', 'power': 'pole'}",10,0,0,4,0.46,1st Cross Road,
street_lamp,12.9822032,77.6486142,"{'highway': 'street_lamp', 'power': 'pole'}",10,0,0,4,0.46,1st Cross Road,
street_lamp,12.9819487,77.6487789,"{'highway': 'street_lamp', 'power': 'pole'}",10,0,0,1,0.64,1st Cross Road,Mahisha Orchid Sharan
street_lamp,12.9819722,77.6487799,"{'highway': 'street_lamp', 'power': 'pole'}",10,0,0,4,0.46,1st Cross Road,Redwood
street_lamp,12.9818249,77.6488684,"{'highway': 'street_lamp', 'power': 'pole'}",10,0,0,2,0.58,1st Cross Road,Sri Venkata Sai Nilaya
street_lamp,12.9816772,77.6489716,"{'highway': 'street_lamp', 'power': 'pole'}",10,0,0,4,0.46,1st Cross Road,Kirana
street_lamp,12.9817007,77.6489673,"{'highway': 'street_lamp', 'power': 'pole'}",10,0,0,0,0.7,1st Cross Road,Bhargava
street_lamp,12.9814423,77.6490424,"{'highway': 'street_lamp', 'power': 'pole'}",10,0,0,1,0.64,1st Cross Road,Arihanth
street_lamp,12.9814485,77.6490551,"{'highway': 'street_lamp', 'power': 'pole'}",10,0,0,1,0.64,1st Cross Road,Arihanth
street_lamp,12.9815152,77.649093,"{'highway': 'street_lamp', 'power': 'pole'}",10,0,0,4,0.46,,1st Main Road
street_lamp,12.9822427,77.6481264,"{'highway': 'street_lamp', 'power': 'pole'}",10,0,0,3,0.52,2nd Cross Road,
street_lamp,12.9822565,77.6481599,"{'highway': 'street_lamp', 'power': 'pole'}",10,0,0,1,0.64,2nd Cross Road,
street_lamp,12.9821415,77.6482478,"{'highway': 'street_lamp', 'power': 'pole'}",10,0,0,0,0.7,2nd Cross Road,
street_lamp,12.981986,77.6484054,"{'highway': 'street_lamp', 'power': 'pole'}",10,0,0,4,0.46,2nd Cross Road,
street_lamp,12.9818311,77.6484992,"{'highway': 'street_lamp', 'power': 'pole'}",10,0,0,2,0.58,,2nd Cross Road
street_lamp,12.9816664,77.6486152,"{'highway': 'street_lamp', 'material': 'concrete', 'power': 'pole'}",10,0,0,3,0.52,2nd Cross Road,
street_lamp,12.9815874,77.6486561,"{'highway': 'street_lamp', 'material': 'concrete', 'power': 'pole'}",10,0,0,0,0.7,2nd Cross Road,
street_lamp,12.9815462,77.6487152,"{'highway': 'street_lamp', 'material': 'concrete', 'power': 'pole'}",10,0,0,2,0.58,2nd Cross Road,
street_lamp,12.9814534,77.6487822,"{'highway': 'street_lamp', 'power': 'pole'}",10,0,0,4,0.46,2nd Cross Road,
street_lamp,12.9813652,77.6488057,"{'highway': 'street_lamp', 'power': 'pole'}",10,0,0,2,0.58,2nd Cross Road,
street_lamp,12.981394,77.6487822,"{'highway': 'street_lamp', 'power': 'pole'}",10,0,0,3,0.52,2nd Cross Road,
street_lamp,12.9817256,77.6479692,"{'highway': 'street_lamp', 'power': 'pole'}",10,0,0,4,0.46,2nd Main Road,
street_lamp,12.9816769,77.6478428,"{'highway': 'street_lamp', 'material': 'concrete', 'power': 'pole'}",10,0,0,0,0.7,2nd Main Road,
street_lamp,12.9811163,77.647541,"{'amenity': 'bench', 'highway': 'street_lamp', 'material': 'concrete', 'power': 'pole'}",10,0,0,2,0.58,,4th Cross Road
street_lamp,12.9811313,77.6473157,"{'highway': 'street_lamp', 'material': 'concrete', 'power': 'pole'}",10,0,0,1,0.64,4th Cross Road,
street_lamp,12.9811287,77.6472232,"{'highway': 'street_lamp', 'material': 'concrete', 'power': 'pole'}",10,0,0,3,0.52,4th Cross Road,
street_lamp,12.9811535,77.6470213,"{'highway': 'street_lamp', 'material': 'concrete', 'power': 'pole'}",10,0,0,4,0.46,4th Cross Road,Perumal Nilaya
street_lamp,12.981177,77.6467954,"{'highway': 'street_lamp', 'material': 'concrete', 'power': 'pole'}",10,0,0,1,0.64,,4th Cross Road
street_lamp,12.9811847,77.6465022,"{'highway': 'street_lamp', 'material': 'concrete', 'power': 'pole'}",10,0,0,3,0.52,5th Cross Road,N C Condiments
street_lamp,12.9811914,77.6465929,"{'highway': 'street_lamp', 'material': 'concrete', 'power': 'pole'}",10,0,0,0,0.7,,Michaelpalya
street_lamp,12.9813711,77.6476268,"{'highway': 'street_lamp', 'material': 'concrete', 'power': 'pole'}",10,0,0,4,0.46,,5th Cross Road
street_lamp,12.9813992,77.6473184,"{'highway': 'street_lamp', 'material': 'concrete', 'power': 'pole'}",10,0,0,4,0.46,4th Cross Road,
street_lamp,12.9814096,77.6470683,"{'highway': 'street_lamp', 'material': 'concrete', 'power': 'pole'}",10,0,0,1,0.64,,5th Cross Road
street_lamp,12.9812868,77.6465754,"{'highway': 'street_lamp', 'material': 'concrete', 'power': 'pole'}",10,0,0,2,0.58,5th Cross Road,N C Condiments
street_lamp,12.9814528,77.6467994,"{'highway': 'street_lamp', 'material': 'concrete', 'power': 'pole'}",10,0,0,3,0.52,5th Cross Road,
street_lamp,12.979335,77.6465392,{'highway': 'street_lamp'},10,0,0,1,0.64,1st Main Road,Trinity Woods
street_lamp,12.9793985,77.6436458,{'highway': 'street_lamp'},10,0,0,0,0.7,3rd Cross Road,Bengaluru
street_lamp,12.9795912,77.643619,{'highway': 'street_lamp'},10,0,0,2,0.58,,Bengaluru
street_lamp,12.9798356,77.6436055,{'highway': 'street_lamp'},10,0,0,3,0.52,3rd Cross Road,Bengaluru
street_lamp,12.9797219,77.643973,{'highway': 'street_lamp'},10,0,0,2,0.58,,Bengaluru
street_lamp,12.9794311,77.6440226,{'highway': 'street_lamp'},10,0,0,1,0.64,2nd Cross Road,Bengaluru
street_lamp,12.9799007,77.6439527,{'highway': 'street_lamp'},10,0,0,1,0.64,2nd Cross Road,Bengaluru
street_lamp,12.9187036,77.6419993,"{'highway': 'street_lamp', 'working': 'yes'}",10,0,0,1,0.64,9th A Cross Road,Namma Metro - Phase 2A
street_lamp,12.9196772,77.6384617,"{'highway': 'street_lamp', 'working': 'no'}",10,0,0,2,0.58,,14th Main Road
street_lamp,12.9241671,77.6476804,"{'highway': 'street_lamp', 'working': 'no'}",10,0,0,4,0.46,,Outer Ring Road
street_lamp,12.9236271,77.642515,"{'highway': 'street_lamp', 'working': 'no'}",10,0,0,3,0.52,,Sarjapura-Hebbal Line
street_lamp,12.9220964,77.6450951,"{'highway': 'street_lamp', 'working': 'yes'}",10,0,0,1,0.64,,19th Main Road
street_lamp,12.9198382,77.6431836,"{'highway': 'street_lamp', 'working': 'yes'}",10,0,0,1,0.64,,7th Cross Road
street_lamp,12.9175957,77.6413715,"{'highway': 'street_lamp', 'working': 'no'}",10,0,0,3,0.52,,11th Cross Road
street_lamp,12.9245603,77.6496641,"{'highway': 'street_lamp', 'working': 'yes'}",10,0,0,1,0.64,,Sarjapura Road
street_lamp,12.9218753,77.6390843,"{'highway': 'street_lamp', 'working': 'no'}",10,0,0,0,0.7,,7th A Cross Road
street_lamp,12.9235117,77.6465824,"{'highway': 'street_lamp', 'working': 'yes'}",10,0,0,3,0.52,22nd Main Road,HDFC Bank
street_lamp,12.9244115,77.6453935,"{'highway': 'street_lamp', 'working': 'no'}",10,0,0,4,0.46,,Bengaluru
street_lamp,12.921313,77.6442496,"{'highway': 'street_lamp', 'working': 'yes'}",10,0,0,4,0.46,Outer Ring Road,Sowbhagya Fuel Station
street_lamp,12.9190945,77.6424935,"{'highway': 'street_lamp', 'working': 'yes'}",10,0,0,4,0.46,Outer Ring Road,Depot-25
street_lamp,12.9243356,77.6484647,"{'highway': 'street_lamp', 'working': 'yes'}",10,0,0,0,0.7,,Outer Ring Road
street_lamp,12.9236299,77.6404701,"{'highway': 'street_lamp', 'working': 'no'}",10,0,0,0,0.7,Sarjapur Road,Bengaluru
street_lamp,12.9229051,77.6457164,"{'highway': 'street_lamp', 'working': 'yes'}",10,0,0,3,0.52,Outer Ring Road,
street_lamp,12.9245822,77.6484911,"{'highway': 'street_lamp', 'working': 'no'}",10,0,0,2,0.58,,Outer Ring Road
street_lamp,12.9206394,77.6435483,"{'highway': 'street_lamp', 'working': 'yes'}",10,0,0,2,0.58,Outer Ring Road,Agara Lake (u/c)
street_lamp,12.9184255,77.641793,"{'highway': 'street_lamp', 'working': 'yes'}",10,0,0,2,0.58,9th A Cross Road,Namma Metro - Phase 2A
street_lamp,12.9203889,77.6385745,"{'highway': 'street_lamp', 'working': 'no'}",10,0,0,2,0.58,,K200
street_lamp,12.9240654,77.6471772,"{'highway': 'street_lamp', 'working': 'yes'}",10,0,0,2,0.58,Agara Lake Trail,Agara
street_lamp,12.9238607,77.6434192,"{'highway': 'street_lamp', 'working': 'no'}",10,0,0,3,0.52,,Sarjapur Road
street_lamp,12.9218428,77.6448484,"{'highway': 'street_lamp', 'working': 'yes'}",10,0,0,3,0.52,,19th Main Road
street_lamp,12.9195239,77.642946,"{'highway': 'street_lamp', 'working': 'yes'}",10,0,0,2,0.58,7th Cross Road,Puncher shop
street_lamp,12.9244277,77.6490862,"{'highway': 'street_lamp', 'working': 'yes'}",10,0,0,2,0.58,1st Cross Road,
street_lamp,12.9221447,77.6392765,"{'highway': 'street_lamp', 'working': 'no'}",10,0,0,1,0.64,,7th A Cross Road
street_lamp,12.9232952,77.6462735,"{'highway': 'street_lamp', 'working': 'yes'}",10,0,0,2,0.58,Outer Ring Road,
street_lamp,12.9244427,77.6461885,"{'highway': 'street_lamp', 'working': 'no'}",10,0,0,3,0.52,,Bengaluru
street_lamp,12.9210797,77.644038,"{'highway': 'street_lamp', 'working': 'yes'}",10,0,0,3,0.52,,Outer Ring Road
street_lamp,12.9188785,77.6423083,"{'highway': 'street_lamp', 'working': 'yes'}",10,0,0,0,0.7,9th A Cross Road,Namma Metro - Phase 2A
street_lamp,12.9187612,77.6384136,"{'highway': 'street_lamp', 'working': 'no'}",10,0,0,0,0.7,14th Main Road,Movement Fitness
street_lamp,12.9244089,77.6480758,"{'highway': 'street_lamp', 'working': 'no'}",10,0,0,3,0.52,,Outer Ring Road
street_lamp,12.9226486,77.6453964,"{'highway': 'street_lamp', 'working': 'yes'}",10,0,0,0,0.7,Outer Ring Road,
street_lamp,12.9245563,77.6492636,"{'highway': 'street_lamp', 'working': 'yes'}",10,0,0,4,0.46,1st Cross Road,Agara uphc
street_lamp,12.9204146,77.6433804,"{'highway': 'street_lamp', 'working': 'yes'}",10,0,0,2,0.58,,Outer Ring Road
street_lamp,12.9182081,77.6416122,"{'highway': 'street_lamp', 'working': 'yes'}",10,0,0,0,0.7,9th A Cross Road,Namma Metro - Phase 2A
street_lamp,12.9211323,77.6388018,"{'highway': 'street_lamp', 'working': 'no'}",10,0,0,2,0.58,,7th C Cross Road
street_lamp,12.9236354,77.6469483,"{'highway': 'street_lamp', 'working': 'yes'}",10,0,0,2,0.58,,Outer Ring Road
street_lamp,12.9240912,77.6441844,"{'highway': 'street_lamp', 'working': 'no'}",10,0,0,0,0.7,,Sarjapur Road
street_lamp,12.9215008,77.6445387,"{'highway': 'street_lamp', 'working': 'no'}",10,0,0,3,0.52,Outer Ring Road,Sowbhagya Fuel Station
street_lamp,12.9192829,77.6427754,"{'highway': 'street_lamp', 'working': 'yes'}",10,0,0,3,0.52,Outer Ring Road,Depot-25
street_lamp,12.9171029,77.6383349,"{'highway': 'street_lamp', 'working': 'no'}",10,0,0,2,0.58,,IndiQube Delta
street_lamp,12.9244963,77.6487704,"{'highway': 'street_lamp', 'working': 'yes'}",10,0,0,2,0.58,,Outer Ring Road
street_lamp,12.9228865,77.6396115,"{'highway': 'street_lamp', 'lamp_mount': 'pole', 'lamp_type': 'led', 'working': 'yes'}",10,0,0,3,0.52,,14th Main Road
street_lamp,12.923104,77.6460658,"{'highway': 'street_lamp', 'working': 'yes'}",10,0,0,4,0.46,Outer Ring Road,
street_lamp,12.924496,77.647221,"{'highway': 'street_lamp', 'working': 'no'}",10,0,0,0,0.7,,Agara Lake Trail
street_lamp,12.9208334,77.6438668,"{'highway': 'street_lamp', 'working': 'yes'}",10,0,0,0,0.7,,Outer Ring Road
street_lamp,12.9186239,77.6421148,"{'highway': 'street_lamp', 'working': 'yes'}",10,0,0,1,0.64,9th A Cross Road,Namma Metro - Phase 2A
street_lamp,12.9195563,77.6384482,"{'highway': 'street_lamp', 'working': 'no'}",10,0,0,4,0.46,,14th Main Road
street_lamp,12.9243678,77.6478608,"{'highway': 'street_lamp', 'working': 'no'}",10,0,0,1,0.64,,Outer Ring Road
street_lamp,12.9235815,77.6422643,"{'highway': 'street_lamp', 'working': 'no'}",10,0,0,0,0.7,,Sarjapura-Hebbal Line
street_lamp,12.9224115,77.6451291,"{'highway': 'street_lamp', 'working': 'yes'}",10,0,0,0,0.7,Outer Ring Road,Global Children
street_lamp,12.9201868,77.6431669,"{'highway': 'street_lamp', 'working': 'no'}",10,0,0,3,0.52,,Outer Ring Road
street_lamp,12.9180142,77.6413788,"{'highway': 'street_lamp', 'working': 'yes'}",10,0,0,0,0.7,,11th Cross Road
street_lamp,12.9244348,77.6498212,"{'highway': 'street_lamp', 'working': 'yes'}",10,0,0,4,0.46,,Sarjapura Road
street_lamp,12.9216674,77.6390014,"{'highway': 'street_lamp', 'working': 'no'}",10,0,0,4,0.46,,7th A Cross Road
street_lamp,12.9234376,77.6466177,"{'highway': 'street_lamp', 'working': 'no'}",10,0,0,3,0.52,22nd Main Road,HDFC Bank
street_lamp,12.9243828,77.6450007,"{'highway': 'street_lamp', 'working': 'no'}",10,0,0,1,0.64,,Sarjapur Road
street_lamp,12.9212278,77.6443433,"{'highway': 'street_lamp', 'working': 'yes'}",10,0,0,1,0.64,Outer Ring Road,Sowbhagya Fuel Station
street_lamp,12.9190322,77.6425773,"{'highway': 'street_lamp', 'working': 'yes'}",10,0,0,1,0.64,Outer Ring Road,Depot-25
street_lamp,12.9179203,77.638361,"{'highway': 'street_lamp', 'lamp_type': 'led', 'working': 'no'}",10,0,0,0,0.7,4th Cross Road,Mylapore Cafe
street_lamp,12.9244753,77.6485354,"{'highway': 'street_lamp', 'working': 'yes'}",10,0,0,3,0.52,,Outer Ring Road
street_lamp,12.9239233,77.6400246,"{'highway': 'street_lamp', 'working': 'yes'}",10,0,0,1,0.64,,Bengaluru
street_lamp,12.9228203,77.6457765,"{'highway': 'street_lamp', 'working': 'yes'}",10,0,0,3,0.52,Outer Ring Road,
street_lamp,12.9245511,77.6481357,"{'highway': 'street_lamp', 'working': 'no'}",10,0,0,2,0.58,,Outer Ring Road
street_lamp,12.9205819,77.6436501,"{'highway': 'street_lamp', 'working': 'yes'}",10,0,0,3,0.52,Outer Ring Road,Agara Lake (u/c)
street_lamp,12.9183493,77.6419036,"{'highway': 'street_lamp', 'working': 'yes'}",10,0,0,3,0.52,9th A Cross Road,Namma Metro - Phase 2A
street_lamp,12.9201182,77.6385088,"{'highway': 'street_lamp', 'working': 'no'}",10,0,0,3,0.52,,K200
street_lamp,12.9241945,77.6473326,"{'highway': 'street_lamp', 'working': 'no'}",10,0,0,2,0.58,Agara Lake Trail,Agara
street_lamp,12.9237638,77.6430929,"{'highway': 'street_lamp', 'working': 'no'}",10,0,0,4,0.46,,Sarjapura-Hebbal Line
street_lamp,12.9222615,77.6449419,"{'highway': 'street_lamp', 'working': 'yes'}",10,0,0,4,0.46,Outer Ring Road,Global Children
street_lamp,12.9199562,77.6430175,"{'highway': 'street_lamp', 'working': 'yes'}",10,0,0,2,0.58,,7th Cross Road
street_lamp,12.9177681,77.6411446,"{'highway': 'street_lamp', 'working': 'yes'}",10,0,0,0,0.7,,11th Cross Road
street_lamp,12.9244358,77.6492787,"{'highway': 'street_lamp', 'working': 'yes'}",10,0,0,2,0.58,1st Cross Road,Agara uphc
street_lamp,12.9221582,77.6390814,"{'highway': 'street_lamp', 'working': 'yes'}",10,0,0,1,0.64,,7th A Cross Road
street_lamp,12.9231899,77.6463478,"{'highway': 'street_lamp', 'working': 'yes'}",10,0,0,4,0.46,Outer Ring Road,
street_lamp,12.9244541,77.6459196,"{'highway': 'street_lamp', 'working': 'no'}",10,0,0,2,0.58,,Bengaluru
street_lamp,12.9209959,77.6441074,"{'highway': 'street_lamp', 'working': 'yes'}",10,0,0,1,0.64,,Outer Ring Road
street_lamp,12.9188054,77.6423914,"{'highway': 'street_lamp', 'working': 'yes'}",10,0,0,0,0.7,9th A Cross Road,Namma Metro - Phase 2A
street_lamp,12.9185469,77.6384082,"{'highway': 'street_lamp', 'working': 'no'}",10,0,0,0,0.7,14th Main Road,Movement Fitness
street_lamp,12.9242758,77.6481776,"{'highway': 'street_lamp', 'working': 'no'}",10,0,0,1,0.64,,Outer Ring Road
street_lamp,12.9234157,77.6409601,"{'highway': 'street_lamp', 'working': 'no'}",10,0,0,2,0.58,,Sarjapura-Hebbal Line
street_lamp,12.9225691,77.6454796,"{'highway': 'street_lamp', 'working': 'yes'}",10,0,0,0,0.7,Outer Ring Road,
street_lamp,12.9246376,77.648985,"{'highway': 'street_lamp', 'working': 'no'}",10,0,0,3,0.52,,Outer Ring Road
street_lamp,12.9203456,77.6434466,"{'highway': 'street_lamp', 'working': 'yes'}",10,0,0,2,0.58,,Outer Ring Road
street_lamp,12.9181302,77.6417018,"{'highway': 'street_lamp', 'working': 'yes'}",10,0,0,3,0.52,9th A Cross Road,Namma Metro - Phase 2A
street_lamp,12.9210977,77.6385909,"{'highway': 'street_lamp', 'working': 'yes'}",10,0,0,2,0.58,,7th C Cross Road
street_lamp,12.9239655,77.6470302,"{'highway': 'street_lamp', 'working': 'yes'}",10,0,0,2,0.58,Agara Lake Trail,Agara
street_lamp,12.9240266,77.6439738,"{'highway': 'street_lamp', 'working': 'no'}",10,0,0,0,0.7,,Sarjapur Road
street_lamp,12.9219873,77.6446777,"{'highway': 'street_lamp', 'working': 'no'}",10,0,0,4,0.46,Outer Ring Road,Global Children
street_lamp,12.9196852,77.6427812,"{'highway': 'street_lamp', 'working': 'no'}",10,0,0,3,0.52,,7th Cross Road
street_lamp,12.9168501,77.63831,"{'highway': 'street_lamp', 'working': 'no'}",10,0,0,3,0.52,"14th Main Rd, next to HDFC Bank, Jakkasandra, Sector 5, HSR Layout",Bengaluru
street_lamp,12.9244308,77.6488761,"{'highway': 'street_lamp', 'working': 'yes'}",10,0,0,3,0.52,,Outer Ring Road
street_lamp,12.9226361,77.6395044,"{'highway': 'street_lamp', 'working': 'no'}",10,0,0,2,0.58,,5th A Cross Road
street_lamp,12.9230213,77.6461578,"{'highway': 'street_lamp', 'working': 'yes'}",10,0,0,4,0.46,Outer Ring Road,
street_lamp,12.9244721,77.6469251,"{'highway': 'street_lamp', 'working': 'no'}",10,0,0,2,0.58,,Agara Lake Trail
street_lamp,12.9207723,77.6439266,"{'highway': 'street_lamp', 'working': 'no'}",10,0,0,1,0.64,,Outer Ring Road
street_lamp,12.9185363,77.6421957,"{'highway': 'street_lamp', 'working': 'yes'}",10,0,0,4,0.46,9th A Cross Road,Namma Metro - Phase 2A
street_lamp,12.9193372,77.638401,"{'highway': 'street_lamp', 'working': 'no'}",10,0,0,4,0.46,"14th Main Rd, opposite Agara Lake, Sector 5, 1st Sector, HSR Layout",Bengaluru
street_lamp,12.9241046,77.6479481,"{'highway': 'street_lamp', 'working': 'no'}",10,0,0,2,0.58,,Outer Ring Road
street_lamp,12.9234893,77.6419355,"{'highway': 'street_lamp', 'working': 'no'}",10,0,0,0,0.7,,Sarjapura-Hebbal Line
street_lamp,12.9223332,77.6452022,"{'highway': 'street_lamp', 'working': 'yes'}",10,0,0,2,0.58,Outer Ring Road,Faithfully Gospel Church
street_lamp,12.9200951,77.6432532,"{'highway': 'street_lamp', 'working': 'yes'}",10,0,0,0,0.7,,Outer Ring Road
street_lamp,12.9179264,77.6414926,"{'highway': 'street_lamp', 'working': 'yes'}",10,0,0,1,0.64,,11th Cross Road
street_lamp,12.9245911,77.6498682,"{'highway': 'street_lamp', 'working': 'yes'}",10,0,0,0,0.7,,Sarjapura Road
street_lamp,12.9214066,77.6388872,"{'highway': 'street_lamp', 'working': 'no'}",10,0,0,3,0.52,,7th A Cross Road
street_lamp,12.9238555,77.6468343,"{'highway': 'street_lamp', 'working': 'yes'}",10,0,0,3,0.52,,Outer Ring Road
street_lamp,12.9243008,77.6447326,"{'highway': 'street_lamp', 'working': 'no'}",10,0,0,4,0.46,,Sarjapur Road
street_lamp,12.9216227,77.6443974,"{'highway': 'street_lamp', 'working': 'yes'}",10,0,0,4,0.46,Outer Ring Road,Sowbhagya Fuel Station
street_lamp,12.9194185,77.6426024,"{'highway': 'street_lamp', 'working': 'yes'}",10,0,0,2,0.58,Outer Ring Road,Depot-25 Gate
street_lamp,12.9176395,77.6383312,"{'highway': 'street_lamp', 'working': 'no'}",10,0,0,4,0.46,4th Cross Road,Mylapore Cafe
street_lamp,12.9243747,77.6486869,"{'highway': 'street_lamp', 'working': 'no'}",10,0,0,3,0.52,,Outer Ring Road
street_lamp,12.9236233,77.6399717,"{'highway': 'street_lamp', 'working': 'no'}",10,0,0,1,0.64,,14th Main Road
street_lamp,12.9227388,77.645836,"{'highway': 'street_lamp', 'working': 'no'}",10,0,0,0,0.7,Outer Ring Road,
street_lamp,12.9245572,77.6478573,"{'highway': 'street_lamp', 'working': 'no'}",10,0,0,1,0.64,,Outer Ring Road
street_lamp,12.9205018,77.6437271,"{'highway': 'street_lamp', 'working': 'yes'}",10,0,0,0,0.7,Outer Ring Road,HSR Bus Depot
street_lamp,12.9182668,77.641974,"{'highway': 'street_lamp', 'working': 'yes'}",10,0,0,0,0.7,9th A Cross Road,Namma Metro - Phase 2A
street_lamp,12.9198552,77.6384944,"{'highway': 'street_lamp', 'working': 'no'}",10,0,0,4,0.46,,14th Main Road
street_lamp,12.9242641,77.647637,"{'highway': 'street_lamp', 'working': 'yes'}",10,0,0,0,0.7,,Agara Lake Trail
street_lamp,12.9236939,77.6428023,"{'highway': 'street_lamp', 'working': 'no'}",10,0,0,3,0.52,,Sarjapura-Hebbal Line
street_lamp,12.92218,77.6450305,"{'highway': 'street_lamp', 'working': 'yes'}",10,0,0,0,0.7,,19th Main Road
street_lamp,12.9198955,77.6430991,"{'highway': 'street_lamp', 'working': 'yes'}",10,0,0,4,0.46,,7th Cross Road
street_lamp,12.9176989,77.6412653,"{'highway': 'street_lamp', 'working': 'yes'}",10,0,0,2,0.58,,11th Cross Road
street_lamp,12.9247392,77.649292,"{'highway': 'street_lamp', 'working': 'yes'}",10,0,0,1,0.64,1st Cross Road,Agara uphc
street_lamp,12.9219698,77.6389911,"{'highway': 'street_lamp', 'working': 'yes'}",10,0,0,0,0.7,,7th A Cross Road
street_lamp,12.9235977,77.6465317,"{'highway': 'street_lamp', 'working': 'yes'}",10,0,0,2,0.58,,Outer Ring Road
street_lamp,12.9244501,77.6456619,"{'highway': 'street_lamp', 'working': 'no'}",10,0,0,1,0.64,,Bengaluru
street_lamp,12.9214027,77.6441649,"{'highway': 'street_lamp', 'working': 'no'}",10,0,0,1,0.64,,Outer Ring Road
street_lamp,12.9191839,77.6423882,"{'highway': 'street_lamp', 'working': 'yes'}",10,0,0,0,0.7,Outer Ring Road,Depot-25
street_lamp,12.918187,77.6383607,"{'highway': 'street_lamp', 'working': 'no'}",10,0,0,2,0.58,"14th Main, 5th Sector, HSR Layout",Bangalore
street_lamp,12.9244389,77.6483168,"{'highway': 'street_lamp', 'working': 'no'}",10,0,0,0,0.7,,Outer Ring Road
street_lamp,12.9235206,77.6407092,"{'highway': 'street_lamp', 'working': 'no'}",10,0,0,2,0.58,Sarjapur Road,Bengaluru
street_lamp,12.9224918,77.6455564,"{'highway': 'street_lamp', 'working': 'no'}",10,0,0,2,0.58,Outer Ring Road,
street_lamp,12.9246165,77.6487426,"{'highway': 'street_lamp', 'working': 'no'}",10,0,0,0,0.7,,Outer Ring Road
street_lamp,12.9202639,77.6435179,"{'highway': 'street_lamp', 'working': 'no'}",10,0,0,2,0.58,,Outer Ring Road
street_lamp,12.9180474,77.6417805,"{'highway': 'street_lamp', 'working': 'yes'}",10,0,0,0,0.7,9th A Cross Road,Namma Metro - Phase 2A
street_lamp,12.9206267,77.6386392,"{'highway': 'street_lamp', 'working': 'no'}",10,0,0,2,0.58,,K200
street_lamp,12.9237635,77.6471444,"{'highway': 'street_lamp', 'working': 'yes'}",10,0,0,4,0.46,,Outer Ring Road
street_lamp,12.9239293,77.6436632,"{'highway': 'street_lamp', 'working': 'no'}",10,0,0,3,0.52,,Sarjapur Road
street_lamp,12.9219159,77.6447641,"{'highway': 'street_lamp', 'working': 'yes'}",10,0,0,3,0.52,,19th Main Road
street_lamp,12.9196168,77.6428622,"{'highway': 'street_lamp', 'working': 'yes'}",10,0,0,0,0.7,,7th Cross Road
street_lamp,12.9165659,77.6382895,"{'highway': 'street_lamp', 'working': 'no'}",10,0,0,4,0.46,14th Main Road,HDFC Bank
street_lamp,12.9245227,77.6489745,"{'highway': 'street_lamp', 'working': 'yes'}",10,0,0,2,0.58,,Outer Ring Road
street_lamp,12.9223973,77.6393886,"{'highway': 'street_lamp', 'working': 'no'}",10,0,0,3,0.52,,5th A Cross Road
street_lamp,12.9233671,77.6462392,"{'highway': 'street_lamp', 'working': 'yes'}",10,0,0,1,0.64,Outer Ring Road,
street_lamp,12.9244711,77.6465411,"{'highway': 'street_lamp', 'working': 'no'}",10,0,0,0,0.7,Agara Lake Trail,Agara
street_lamp,12.9211383,77.6439734,"{'highway': 'street_lamp', 'working': 'yes'}",10,0,0,4,0.46,,Outer Ring Road
street_lamp,12.9189285,77.6422017,"{'highway': 'street_lamp', 'working': 'yes'}",10,0,0,1,0.64,,Agara Lake Trail
street_lamp,12.9190357,77.6384059,"{'highway': 'street_lamp', 'working': 'no'}",10,0,0,3,0.52,"14th Main Rd, opposite Agara Lake, Sector 5, 1st Sector, HSR Layout",Bengaluru
street_lamp,12.9242183,77.6479645,"{'highway': 'street_lamp', 'working': 'no'}",10,0,0,0,0.7,,Outer Ring Road
street_lamp,12.9233808,77.6416492,"{'highway': 'street_lamp', 'working': 'no'}",10,0,0,4,0.46,,Sarjapura-Hebbal Line
street_lamp,12.9222346,77.6452722,"{'highway': 'street_lamp', 'working': 'yes'}",10,0,0,3,0.52,Outer Ring Road,Faithfully Gospel Church
street_lamp,12.9245662,77.6495188,"{'highway': 'street_lamp', 'working': 'yes'}",10,0,0,3,0.52,,Sarjapura Road
street_lamp,12.9200191,77.6433282,"{'highway': 'street_lamp', 'working': 'yes'}",10,0,0,3,0.52,,GAIL SV-7B
street_lamp,12.9178361,77.6415832,"{'highway': 'street_lamp', 'working': 'yes'}",10,0,0,1,0.64,,11th Cross Road
street_lamp,12.921463,77.6387498,"{'highway': 'street_lamp', 'working': 'yes'}",10,0,0,0,0.7,,7th B Cross Road
street_lamp,12.9237587,77.6468825,"{'highway': 'street_lamp', 'working': 'yes'}",10,0,0,4,0.46,,Outer Ring Road
street_lamp,12.924188,77.6444675,"{'highway': 'street_lamp', 'working': 'no'}",10,0,0,1,0.64,,Sarjapur Road
street_lamp,12.9215625,77.644464,"{'highway': 'street_lamp', 'working': 'yes'}",10,0,0,4,0.46,Outer Ring Road,Sowbhagya Fuel Station
street_lamp,12.919357,77.6426873,"{'highway': 'street_lamp', 'working': 'yes'}",10,0,0,2,0.58,Outer Ring Road,Depot-25 Gate
street_lamp,12.9173932,77.6383303,"{'highway': 'street_lamp', 'working': 'no'}",10,0,0,1,0.64,,IndiQube Delta
street_lamp,12.9231774,77.6460071,"{'highway': 'street_lamp', 'working': 'no'}",10,0,0,0,0.7,Outer Ring Road,
street_lamp,12.9245527,77.6475353,"{'highway': 'street_lamp', 'working': 'no'}",10,0,0,4,0.46,,Agara Lake Trail
street_lamp,12.9208993,77.6437997,"{'highway': 'street_lamp', 'working': 'no'}",10,0,0,1,0.64,,Outer Ring Road
street_lamp,12.9163058,77.6395372,"{'highway': 'street_lamp', 'working': 'yes'}",10,0,0,3,0.52,,Service Road
street_lamp,12.9159799,77.6373936,"{'highway': 'street_lamp', 'working': 'no'}",10,0,0,4,0.46,Service Road,Devi Eye Hospital
street_lamp,12.916241,77.6347238,"{'highway': 'street_lamp', 'working': 'yes'}",10,0,0,0,0.7,Outer Ring Road,HSR Layout BDA Complex
street_lamp,12.9165198,77.6330387,"{'highway': 'street_lamp', 'working': 'no'}",10,0,0,0,0.7,6th Main Road,
street_lamp,12.9167304,77.6309037,"{'highway': 'street_lamp', 'working': 'no'}",10,0,0,1,0.64,,6th Avenue
street_lamp,12.9167618,77.6287316,"{'highway': 'street_lamp', 'working': 'yes'}",10,0,0,0,0.7,Outer Ring Road,Madhuloka
street_lamp,12.9171399,77.6269726,"{'highway': 'street_lamp', 'working': 'no'}",10,0,0,3,0.52,,K200
street_lamp,12.9177089,77.6251948,"{'highway': 'street_lamp', 'working': 'no'}",10,0,0,3,0.52,,1 A Main Road
street_lamp,12.9174594,77.623241,"{'highway': 'street_lamp', 'working': 'no'}",10,0,0,1,0.64,,Outer Ring Road
street_lamp,12.9164486,77.6398889,"{'highway': 'street_lamp', 'working': 'yes'}",10,0,0,1,0.64,,Outer Ring Road
street_lamp,12.91587,77.6377653,"{'highway': 'street_lamp', 'working': 'yes'}",10,0,0,3,0.52,,Service Road
street_lamp,12.9161659,77.6355901,"{'highway': 'street_lamp', 'working': 'no'}",10,0,0,0,0.7,,9th Main Road
street_lamp,12.9164819,77.6333659,"{'highway': 'street_lamp', 'working': 'no'}",10,0,0,2,0.58,13th Cross Road,
street_lamp,12.9165127,77.631197,"{'highway': 'street_lamp', 'working': 'no'}",10,0,0,2,0.58,,K200
street_lamp,12.9167069,77.6290344,"{'highway': 'street_lamp', 'working': 'yes'}",10,0,0,3,0.52,Outer Ring Road,SI Apartment HSR Layout
street_lamp,12.917056,77.6273375,"{'highway': 'street_lamp', 'working': 'no'}",10,0,0,2,0.58,,Outer Ring Road
street_lamp,12.9176899,77.6255866,"{'highway': 'street_lamp', 'working': 'no'}",10,0,0,3,0.52,,Service Road
street_lamp,12.9174666,77.6234543,"{'highway': 'street_lamp', 'working': 'yes'}",10,0,0,0,0.7,Silk Board Flyover,Namma Metro - Phase 2A
street_lamp,12.9167067,77.6401998,"{'highway': 'street_lamp', 'working': 'yes'}",10,0,0,0,0.7,,Outer Ring Road
street_lamp,12.9159128,77.6381048,"{'highway': 'street_lamp', 'working': 'no'}",10,0,0,2,0.58,,14th Main Road
street_lamp,12.9161604,77.63601,"{'highway': 'street_lamp', 'working': 'yes'}",10,0,0,3,0.52,,Outer Ring Road
street_lamp,12.9164449,77.6337533,"{'highway': 'street_lamp', 'working': 'no'}",10,0,0,1,0.64,,Outer Ring Road
street_lamp,12.9166652,77.631578,"{'highway': 'street_lamp', 'working': 'no'}",10,0,0,3,0.52,6th Avenue,IBS Business Solutions
street_lamp,12.9167425,77.62945,"{'highway': 'street_lamp', 'working': 'yes'}",10,0,0,3,0.52,Outer Ring Road,SI Apartment HSR Layout
street_lamp,12.9169419,77.6276444,"{'highway': 'street_lamp', 'working': 'no'}",10,0,0,2,0.58,,Outer Ring Road
street_lamp,12.9176421,77.6258926,"{'highway': 'street_lamp', 'working': 'no'}",10,0,0,0,0.7,,Service Road
street_lamp,12.9175176,77.6238418,"{'highway': 'street_lamp', 'working': 'yes'}",10,0,0,2,0.58,Silkboard Double Decker Flyover,Silkboard Junction (R5 Side)
street_lamp,12.9159419,77.6386474,"{'highway': 'street_lamp', 'working': 'no'}",10,0,0,1,0.64,,K200
street_lamp,12.9160499,77.6364042,"{'highway': 'street_lamp', 'working': 'yes'}",10,0,0,1,0.64,,Outer Ring Road
street_lamp,12.9164146,77.6341241,"{'highway': 'street_lamp', 'working': 'no'}",10,0,0,2,0.58,Outer Ring Road,HSR Layout BDA Complex
street_lamp,12.916549,77.6319835,"{'highway': 'street_lamp', 'working': 'yes'}",10,0,0,1,0.64,,5th Main Road
street_lamp,12.9167125,77.629792,"{'highway': 'street_lamp', 'working': 'yes'}",10,0,0,1,0.64,Service Road,Shri Krishna Enterprises
street_lamp,12.9169303,77.6279819,"{'highway': 'street_lamp', 'working': 'yes'}",10,0,0,0,0.7,,Outer Ring Road
street_lamp,12.9175556,77.6262768,"{'highway': 'street_lamp', 'working': 'no'}",10,0,0,1,0.64,,Silkboard Double Decker Flyover
street_lamp,12.9175731,77.6242179,"{'highway': 'street_lamp', 'working': 'yes'}",10,0,0,2,0.58,,Silkboard Double Decker Flyover
street_lamp,12.9161094,77.6390205,"{'highway': 'street_lamp', 'working': 'no'}",10,0,0,0,0.7,13th Main Road,HSR Layout 14th Main Flyover
street_lamp,12.9160535,77.6368065,"{'highway': 'street_lamp', 'working': 'yes'}",10,0,0,4,0.46,,K200
street_lamp,12.9163951,77.634485,"{'highway': 'street_lamp', 'working': 'no'}",10,0,0,1,0.64,Outer Ring Road,HSR Layout BDA Complex
street_lamp,12.9164859,77.6325122,"{'highway': 'street_lamp', 'working': 'yes'}",10,0,0,0,0.7,,Outer Ring Road
street_lamp,12.9166569,77.6301315,"{'highway': 'street_lamp', 'working': 'yes'}",10,0,0,2,0.58,3rd Main Road,Sagar Dental Clinic
street_lamp,12.9168247,77.6283404,"{'highway': 'street_lamp', 'working': 'yes'}",10,0,0,1,0.64,Outer Ring Road,Bangalore
street_lamp,12.9174238,77.6266159,"{'highway': 'street_lamp', 'working': 'no'}",10,0,0,3,0.52,,Silkboard Double Decker Flyover
street_lamp,12.9175793,77.6245461,"{'highway': 'street_lamp', 'working': 'yes'}",10,0,0,1,0.64,Silk Board Interchange,Central Silk Board
street_lamp,12.9161949,77.6394131,"{'highway': 'street_lamp', 'working': 'yes'}",10,0,0,4,0.46,,Service Road
street_lamp,12.9159417,77.6372694,"{'highway': 'street_lamp', 'working': 'yes'}",10,0,0,0,0.7,Service Road,Devi Eye Hospital
street_lamp,12.9161834,77.6347401,"{'highway': 'street_lamp', 'working': 'no'}",10,0,0,1,0.64,Outer Ring Road,HSR Layout BDA Complex
street_lamp,12.9163698,77.6326923,"{'highway': 'street_lamp', 'working': 'no'}",10,0,0,4,0.46,,5th Main Road
street_lamp,12.916658,77.6305166,"{'highway': 'street_lamp', 'working': 'yes'}",10,0,0,2,0.58,"Sector 6, HSR Layout",Bengaluru
street_lamp,12.9166722,77.6287192,"{'highway': 'street_lamp', 'working': 'no'}",10,0,0,1,0.64,Outer Ring Road,Madhuloka
street_lamp,12.9172984,77.6270082,"{'highway': 'street_lamp', 'working': 'no'}",10,0,0,2,0.58,,Outer Ring Road
street_lamp,12.9176445,77.6248603,"{'highway': 'street_lamp', 'working': 'yes'}",10,0,0,2,0.58,,1 A Main Road
street_lamp,12.9164176,77.6397714,"{'highway': 'street_lamp', 'working': 'yes'}",10,0,0,1,0.64,,Outer Ring Road
street_lamp,12.91595,77.6376461,"{'highway': 'street_lamp', 'working': 'no'}",10,0,0,2,0.58,,Service Road
street_lamp,12.9162028,77.6353114,"{'highway': 'street_lamp', 'working': 'no'}",10,0,0,2,0.58,,9th Main Road
street_lamp,12.9163444,77.6330189,"{'highway': 'street_lamp', 'working': 'no'}",10,0,0,1,0.64,6th Main Road,
street_lamp,12.9166118,77.6308836,"{'highway': 'street_lamp', 'working': 'yes'}",10,0,0,1,0.64,,K200
street_lamp,12.9166345,77.6290213,"{'highway': 'street_lamp', 'working': 'no'}",10,0,0,4,0.46,Outer Ring Road,SI Apartment HSR Layout
street_lamp,12.9171962,77.6273762,"{'highway': 'street_lamp', 'working': 'no'}",10,0,0,0,0.7,Outer Ring Road,HDFC Bank
street_lamp,12.9176324,77.6252022,"{'highway': 'street_lamp', 'working': 'yes'}",10,0,0,1,0.64,,1 A Main Road
street_lamp,12.9175333,77.6234433,"{'highway': 'street_lamp', 'working': 'no'}",10,0,0,2,0.58,Silk Board Flyover,Namma Metro - Phase 2A
street_lamp,12.916599,77.6401229,"{'highway': 'street_lamp', 'working': 'yes'}",10,0,0,3,0.52,,Outer Ring Road
street_lamp,12.9158499,77.6379915,"{'highway': 'street_lamp', 'working': 'yes'}",10,0,0,1,0.64,,14th Main Road
street_lamp,12.9161333,77.6358704,"{'highway': 'street_lamp', 'working': 'no'}",10,0,0,3,0.52,,Outer Ring Road
street_lamp,12.9163153,77.6333204,"{'highway': 'street_lamp', 'working': 'no'}",10,0,0,1,0.64,13th Cross Road,
street_lamp,12.9166021,77.6311963,"{'highway': 'street_lamp', 'working': 'yes'}",10,0,0,2,0.58,,K200
street_lamp,12.9167923,77.6294552,"{'highway': 'street_lamp', 'working': 'no'}",10,0,0,0,0.7,Outer Ring Road,SI Apartment HSR Layout
street_lamp,12.9170933,77.627688,"{'highway': 'street_lamp', 'working': 'no'}",10,0,0,1,0.64,,Outer Ring Road
street_lamp,12.9175239,77.6255797,"{'highway': 'street_lamp', 'working': 'no'}",10,0,0,1,0.64,,Service Road
street_lamp,12.9174308,77.6238305,"{'highway': 'street_lamp', 'working': 'no'}",10,0,0,1,0.64,Silkboard Double Decker Flyover,Silkboard Junction (R5 Side)
street_lamp,12.9169915,77.6406292,"{'highway': 'street_lamp', 'working': 'yes'}",10,0,0,4,0.46,,Agaram 35MLD Sewage Treatment Plant
street_lamp,12.9159605,77.6385316,"{'highway': 'street_lamp', 'working': 'yes'}",10,0,0,0,0.7,,K200
street_lamp,12.9161174,77.6362625,"{'highway': 'street_lamp', 'working': 'no'}",10,0,0,2,0.58,,Outer Ring Road
street_lamp,12.9162731,77.6337264,"{'highway': 'street_lamp', 'working': 'no'}",10,0,0,1,0.64,,Outer Ring Road
street_lamp,12.916542,77.6315773,"{'highway': 'street_lamp', 'working': 'yes'}",10,0,0,3,0.52,6th Avenue,IBS Business Solutions
street_lamp,12.9165976,77.6297682,"{'highway': 'street_lamp', 'working': 'no'}",10,0,0,3,0.52,,K200
street_lamp,12.916991,77.628006,"{'highway': 'street_lamp', 'working': 'no'}",10,0,0,2,0.58,,Outer Ring Road
street_lamp,12.9175601,77.6258688,"{'highway': 'street_lamp', 'working': 'yes'}",10,0,0,1,0.64,,Silkboard Double Decker Flyover
street_lamp,12.9174832,77.6242442,"{'highway': 'street_lamp', 'working': 'no'}",10,0,0,4,0.46,,Silk Board Interchange
street_lamp,12.9160004,77.6389016,"{'highway': 'street_lamp', 'working': 'no'}",10,0,0,1,0.64,13th Main Road,HSR Layout 14th Main Flyover
street_lamp,12.91602,77.6366775,"{'highway': 'street_lamp', 'working': 'no'}",10,0,0,1,0.64,,K200
street_lamp,12.9162388,77.6341027,"{'highway': 'street_lamp', 'working': 'no'}",10,0,0,1,0.64,,Outer Ring Road
street_lamp,12.9164877,77.6323289,"{'highway': 'street_lamp', 'working': 'yes'}",10,0,0,4,0.46,,5th Main Road
street_lamp,12.9165782,77.6301325,"{'highway': 'street_lamp', 'working': 'no'}",10,0,0,4,0.46,3rd Main Road,Sagar Dental Clinic
street_lamp,12.916891,77.6283627,"{'highway': 'street_lamp', 'working': 'no'}",10,0,0,3,0.52,Outer Ring Road,Bangalore
street_lamp,12.9174601,77.6262593,"{'highway': 'street_lamp', 'working': 'yes'}",10,0,0,0,0.7,,Silkboard Double Decker Flyover
street_lamp,12.9174983,77.6245708,"{'highway': 'street_lamp', 'working': 'no'}",10,0,0,2,0.58,Silk Board Interchange,Central Silk Board
street_lamp,12.9161976,77.6392711,"{'highway': 'street_lamp', 'working': 'yes'}",10,0,0,3,0.52,13th Main Road,HSR Layout 14th Main Flyover
street_lamp,12.9160167,77.6370906,"{'highway': 'street_lamp', 'working': 'no'}",10,0,0,2,0.58,,K200
street_lamp,12.9161973,77.6344786,"{'highway': 'street_lamp', 'working': 'no'}",10,0,0,0,0.7,Outer Ring Road,HSR Layout BDA Complex
street_lamp,12.9164358,77.632694,"{'highway': 'street_lamp', 'working': 'yes'}",10,0,0,1,0.64,,Outer Ring Road
street_lamp,12.9167407,77.6305192,"{'highway': 'street_lamp', 'working': 'no'}",10,0,0,2,0.58,3rd Main Road,Sagar Dental Clinic
street_lamp,12.9168259,77.6287363,"{'highway': 'street_lamp', 'working': 'no'}",10,0,0,4,0.46,Outer Ring Road,Madhuloka
street_lamp,12.9173297,77.6266073,"{'highway': 'street_lamp', 'working': 'no'}",10,0,0,2,0.58,,Silkboard Double Decker Flyover
street_lamp,12.9175415,77.6248574,"{'highway': 'street_lamp', 'working': 'no'}",10,0,0,3,0.52,,1 A Main Road
street_lamp,12.9163129,77.6396644,"{'highway': 'street_lamp', 'working': 'yes'}",10,0,0,0,0.7,,Service Road
street_lamp,12.9159051,77.6375298,"{'highway': 'street_lamp', 'working': 'no'}",10,0,0,3,0.52,,Service Road
street_lamp,12.9162029,77.6350732,"{'highway': 'street_lamp', 'working': 'no'}",10,0,0,3,0.52,Outer Ring Road,HSR Layout BDA Complex
street_lamp,12.9164149,77.6330385,"{'highway': 'street_lamp', 'working': 'yes'}",10,0,0,4,0.46,13th Cross Road,
street_lamp,12.9165187,77.6308847,"{'highway': 'street_lamp', 'working': 'no'}",10,0,0,0,0.7,,K200
street_lamp,12.916798,77.6290445,"{'highway': 'street_lamp', 'working': 'no'}",10,0,0,0,0.7,Outer Ring Road,SI Apartment HSR Layout
street_lamp,12.9172023,77.626999,"{'highway': 'street_lamp', 'working': 'yes'}",10,0,0,0,0.7,,Outer Ring Road
street_lamp,12.9175625,77.6252142,"{'highway': 'street_lamp', 'working': 'no'}",10,0,0,1,0.64,,1 A Main Road
street_lamp,12.9172869,77.6232993,"{'highway': 'street_lamp', 'working': 'no'}",10,0,0,4,0.46,,Outer Ring Road
street_lamp,12.9165693,77.6400277,"{'highway': 'street_lamp', 'working': 'yes'}",10,0,0,1,0.64,,Outer Ring Road
street_lamp,12.9159223,77.6378707,"{'highway': 'street_lamp', 'working': 'no'}",10,0,0,3,0.52,,14th Main Road
street_lamp,12.916195,77.6357013,"{'highway': 'street_lamp', 'working': 'yes'}",10,0,0,3,0.52,,9th Main Road
street_lamp,12.9163882,77.6333358,"{'highway': 'street_lamp', 'working': 'yes'}",10,0,0,1,0.64,13th Cross Road,
street_lamp,12.9166933,77.6312125,"{'highway': 'street_lamp', 'working': 'yes'}",10,0,0,2,0.58,,K200
street_lamp,12.9166143,77.6294302,"{'highway': 'street_lamp', 'working': 'no'}",10,0,0,4,0.46,,K200
street_lamp,12.9171384,77.6273605,"{'highway': 'street_lamp', 'working': 'yes'}",10,0,0,1,0.64,Outer Ring Road,HDFC Bank
street_lamp,12.9176184,77.6255998,"{'highway': 'street_lamp', 'working': 'no'}",10,0,0,2,0.58,,Service Road
street_lamp,12.9175743,77.6238491,"{'highway': 'street_lamp', 'working': 'no'}",10,0,0,4,0.46,Silkboard Double Decker Flyover,Silkboard Junction (R5 Side)
street_lamp,12.9167774,77.6403564,"{'highway': 'street_lamp', 'working': 'no'}",10,0,0,2,0.58,,Outer Ring Road
street_lamp,12.9158763,77.6384217,"{'highway': 'street_lamp', 'working': 'yes'}",10,0,0,4,0.46,,K200
street_lamp,12.9160988,77.63614,"{'highway': 'street_lamp', 'working': 'yes'}",10,0,0,3,0.52,,Outer Ring Road
street_lamp,12.9163448,77.6337352,"{'highway': 'street_lamp', 'working': 'yes'}",10,0,0,0,0.7,,Outer Ring Road
street_lamp,12.9164533,77.6315502,"{'highway': 'street_lamp', 'working': 'no'}",10,0,0,3,0.52,,K200
street_lamp,12.9167818,77.6297837,"{'highway': 'street_lamp', 'working': 'no'}",10,0,0,2,0.58,Service Road,Shri Krishna Enterprises
street_lamp,12.9170359,77.6276901,"{'highway': 'street_lamp', 'working': 'yes'}",10,0,0,2,0.58,,Outer Ring Road
street_lamp,12.9174758,77.6258706,"{'highway': 'street_lamp', 'working': 'no'}",10,0,0,4,0.46,,Silkboard Double Decker Flyover
street_lamp,12.9176239,77.6242222,"{'highway': 'street_lamp', 'working': 'no'}",10,0,0,4,0.46,,Silkboard Double Decker Flyover
street_lamp,12.9160272,77.6387511,"{'highway': 'street_lamp', 'working': 'no'}",10,0,0,0,0.7,13th Main Road,HSR Layout 14th Main Flyover
street_lamp,12.9160932,77.6365434,"{'highway': 'street_lamp', 'working': 'yes'}",10,0,0,2,0.58,,Outer Ring Road
street_lamp,12.9163109,77.6341079,"{'highway': 'street_lamp', 'working': 'yes'}",10,0,0,2,0.58,,Outer Ring Road
street_lamp,12.9165763,77.6323386,"{'highway': 'street_lamp', 'working': 'yes'}",10,0,0,0,0.7,,5th Main Road
street_lamp,12.9167531,77.6301416,"{'highway': 'street_lamp', 'working': 'no'}",10,0,0,3,0.52,3rd Main Road,Sagar Dental Clinic
street_lamp,12.9168483,77.6279594,"{'highway': 'street_lamp', 'working': 'no'}",10,0,0,2,0.58,,Outer Ring Road
street_lamp,12.9176626,77.6245606,"{'highway': 'street_lamp', 'working': 'no'}",10,0,0,0,0.7,,Outer Ring Road
street_lamp,12.9161078,77.6391723,"{'highway': 'street_lamp', 'working': 'yes'}",10,0,0,3,0.52,13th Main Road,HSR Layout 14th Main Flyover
street_lamp,12.9159751,77.636928,"{'highway': 'street_lamp', 'working': 'yes'}",10,0,0,0,0.7,,K200
street_lamp,12.9162748,77.6344686,"{'highway': 'street_lamp', 'working': 'yes'}",10,0,0,0,0.7,Outer Ring Road,HSR Layout BDA Complex
street_lamp,12.9165425,77.6327169,"{'highway': 'street_lamp', 'working': 'no'}",10,0,0,0,0.7,,Outer Ring Road
street_lamp,12.9165659,77.6305395,"{'highway': 'street_lamp', 'working': 'no'}",10,0,0,2,0.58,Outer Ring Road,bangalore
street_lamp,12.9167385,77.6283335,"{'highway': 'street_lamp', 'working': 'no'}",10,0,0,1,0.64,Outer Ring Road,Bangalore
street_lamp,12.917721,77.6248358,"{'highway': 'street_lamp', 'working': 'no'}",10,0,0,0,0.7,,1 A Main Road
street_lamp,12.9159947,77.6375665,"{'highway': 'street_lamp', 'working': 'no'}",10,0,0,2,0.58,,Service Road
street_lamp,12.9163947,77.6396965,"{'highway': 'street_lamp', 'working': 'no'}",10,0,0,4,0.46,,Service Road
street_lamp,12.9161206,77.63715,"{'highway': 'street_lamp', 'working': 'yes'}",10,0,0,3,0.52,Service Road,Devi Eye Hospital
street_lamp,12.9163029,77.6393165,"{'highway': 'street_lamp', 'working': 'no'}",10,0,0,1,0.64,,Service Road
street_lamp,12.9174672,77.6411508,"{'highway': 'street_lamp', 'working': 'yes'}",10,0,0,3,0.52,,11th Cross Road
street_lamp,12.9161095,77.6366661,"{'highway': 'street_lamp', 'working': 'yes'}",10,0,0,0,0.7,,K200
street_lamp,12.9160846,77.6388799,"{'highway': 'street_lamp', 'working': 'no'}",10,0,0,1,0.64,13th Main Road,HSR Layout 14th Main Flyover
street_lamp,12.9171309,77.640828,"{'highway': 'street_lamp', 'working': 'yes'}",10,0,0,4,0.46,,11th Cross Road
street_lamp,12.9162406,77.6362519,"{'highway': 'street_lamp', 'working': 'yes'}",10,0,0,2,0.58,,Outer Ring Road
street_lamp,12.91605,77.6385042,"{'highway': 'street_lamp', 'working': 'no'}",10,0,0,2,0.58,,K200
street_lamp,12.9170223,77.640428,"{'highway': 'street_lamp', 'working': 'no'}",10,0,0,4,0.46,,Outer Ring Road
street_lamp,12.9162076,77.635814,"{'highway': 'street_lamp', 'working': 'yes'}",10,0,0,1,0.64,Outer Ring Road,Fish Mart
street_lamp,12.9159587,77.6381171,"{'highway': 'street_lamp', 'working': 'no'}",10,0,0,0,0.7,,14th Main Road
street_lamp,12.9166952,77.6401434,"{'highway': 'street_lamp', 'working': 'no'}",10,0,0,0,0.7,,Outer Ring Road
street_lamp,12.9163473,77.6354583,"{'highway': 'street_lamp', 'working': 'yes'}",10,0,0,4,0.46,Service Road,Swathi Spice and Ice
street_lamp,12.9160372,77.6376571,"{'highway': 'street_lamp', 'working': 'yes'}",10,0,0,4,0.46,,Service Road
street_lamp,12.9165636,77.6398016,"{'highway': 'street_lamp', 'working': 'no'}",10,0,0,3,0.52,,Outer Ring Road
street_lamp,12.9160471,77.6372867,"{'highway': 'street_lamp', 'working': 'no'}",10,0,0,1,0.64,Service Road,Devi Eye Hospital
street_lamp,12.9162949,77.6394627,"{'highway': 'street_lamp', 'working': 'no'}",10,0,0,3,0.52,,Service Road
street_lamp,12.9174118,77.6411927,"{'highway': 'street_lamp', 'working': 'yes'}",10,0,0,2,0.58,,11th Cross Road
street_lamp,12.916163,77.6368428,"{'highway': 'street_lamp', 'working': 'yes'}",10,0,0,4,0.46,Outer Ring Road,Workshaala
street_lamp,12.916209,77.6390574,"{'highway': 'street_lamp', 'working': 'no'}",10,0,0,4,0.46,13th Main Road,HSR Layout 14th Main Flyover
street_lamp,12.9174465,77.6408078,"{'highway': 'street_lamp', 'working': 'no'}",10,0,0,1,0.64,,11th Cross Road
street_lamp,12.9161574,77.6363475,"{'highway': 'street_lamp', 'working': 'yes'}",10,0,0,2,0.58,,Outer Ring Road
street_lamp,12.9160252,77.6386358,"{'highway': 'street_lamp', 'working': 'no'}",10,0,0,2,0.58,,K200
street_lamp,12.9170693,77.6405804,"{'highway': 'street_lamp', 'working': 'no'}",10,0,0,3,0.52,,Outer Ring Road
street_lamp,12.9162673,77.635945,"{'highway': 'street_lamp', 'working': 'yes'}",10,0,0,4,0.46,"HSR Ring Road, 5th Sector , HSR Layout, Karnataka",Bengaluru
street_lamp,12.9160113,77.6381968,"{'highway': 'street_lamp', 'working': 'yes'}",10,0,0,3,0.52,,Outer Ring Road
street_lamp,12.9168969,77.6402373,"{'highway': 'street_lamp', 'working': 'no'}",10,0,0,4,0.46,,Outer Ring Road
street_lamp,12.9162606,77.6356026,"{'highway': 'street_lamp', 'working': 'yes'}",10,0,0,2,0.58,,9th Main Road
street_lamp,12.9159537,77.6378392,"{'highway': 'street_lamp', 'working': 'yes'}",10,0,0,4,0.46,,Service Road
street_lamp,12.916585,77.6399439,"{'highway': 'street_lamp', 'working': 'no'}",10,0,0,2,0.58,,Outer Ring Road
street_lamp,12.9160597,77.6374228,"{'highway': 'street_lamp', 'working': 'yes'}",10,0,0,4,0.46,Service Road,Devi Eye Hospital
street_lamp,12.9164069,77.6395672,"{'highway': 'street_lamp', 'working': 'no'}",10,0,0,2,0.58,,Service Road
street_lamp,12.9160766,77.6369725,"{'highway': 'street_lamp', 'working': 'yes'}",10,0,0,4,0.46,,K200
street_lamp,12.9161963,77.6391845,"{'highway': 'street_lamp', 'working': 'no'}",10,0,0,1,0.64,13th Main Road,HSR Layout 14th Main Flyover
street_lamp,12.9172588,77.6410301,"{'highway': 'street_lamp', 'working': 'yes'}",10,0,0,2,0.58,,11th Cross Road
street_lamp,12.9162001,77.636509,"{'highway': 'street_lamp', 'working': 'yes'}",10,0,0,1,0.64,,Outer Ring Road
street_lamp,12.9161089,77.6387665,"{'highway': 'street_lamp', 'working': 'no'}",10,0,0,3,0.52,13th Main Road,HSR Layout 14th Main Flyover
street_lamp,12.9159986,77.6383687,"{'highway': 'street_lamp', 'working': 'no'}",10,0,0,0,0.7,,14th Main Road
street_lamp,12.9169085,77.6403857,"{'highway': 'street_lamp', 'working': 'no'}",10,0,0,0,0.7,,Outer Ring Road
street_lamp,12.9163127,77.6357415,"{'highway': 'street_lamp', 'working': 'yes'}",10,0,0,4,0.46,Outer Ring Road,Fish Mart
street_lamp,12.9160148,77.6378924,"{'highway': 'street_lamp', 'working': 'yes'}",10,0,0,1,0.64,Outer Ring Road,Bengaluru
street_lamp,12.9166886,77.6400142,"{'highway': 'street_lamp', 'working': 'no'}",10,0,0,2,0.58,,Outer Ring Road
street_lamp,13.0186349,77.5627124,{'highway': 'street_lamp'},10,0,0,4,0.46,CV Raman Road,Bengaluru
street_lamp,13.0045039,77.6185923,"{'highway': 'street_lamp', 'lamp_mount': 'bent_mast', 'lamp_type': 'led', 'light:colour': 'white', 'light:direction': '200', 'light:tilt': '-90', 'line_attachment': 'suspension', 'material': 'concrete', 'power': 'pole'}",10,0,0,2,0.58,,Bengaluru
street_lamp,13.0045516,77.6184704,"{'highway': 'street_lamp', 'lamp_mount': 'bent_mast', 'lamp_type': 'led', 'light:colour': 'white', 'light:direction': '200', 'light:tilt': '-90', 'line_attachment': 'suspension', 'material': 'concrete', 'power': 'pole'}",10,0,0,0,0.7,,Bengaluru
street_lamp,13.004741,77.6179858,"{'highway': 'street_lamp', 'lamp_mount': 'bent_mast', 'lamp_type': 'led', 'light:colour': 'white', 'light:direction': '200', 'light:tilt': '-90', 'line_attachment': 'suspension', 'material': 'concrete', 'power': 'pole'}",10,0,0,3,0.52,Davis Road,Bengaluru
street_lamp,13.004815,77.6177962,"{'highway': 'street_lamp', 'lamp_mount': 'bent_mast', 'lamp_type': 'led', 'light:colour': 'white', 'light:direction': '200', 'light:tilt': '-90', 'line_attachment': 'suspension', 'material': 'concrete', 'power': 'pole'}",10,0,0,3,0.52,Davis Road,Bengaluru
street_lamp,13.0043237,77.619072,"{'highway': 'street_lamp', 'lamp_mount': 'bent_mast', 'lamp_type': 'led', 'light:colour': 'white', 'light:direction': '200', 'light:tilt': '-90', 'line_attachment': 'suspension', 'material': 'concrete', 'power': 'pole'}",10,0,0,1,0.64,Davis Road,Bengaluru
street_lamp,13.0042444,77.6192808,"{'highway': 'street_lamp', 'lamp_mount': 'bent_mast', 'lamp_type': 'led', 'light:colour': 'white', 'light:direction': '200', 'light:tilt': '-90', 'line_attachment': 'suspension', 'material': 'concrete', 'power': 'pole'}",10,0,0,2,0.58,Davis Road,Bengaluru
street_lamp,13.0038892,77.6194697,"{'highway': 'street_lamp', 'lamp_mount': 'bent_mast', 'lamp_type': 'led', 'light:colour': 'white', 'light:direction': '110', 'light:tilt': '-90', 'line_attachment': 'pin', 'material': 'concrete', 'power': 'pole'}",10,0,0,1,0.64,Davis Road,Bangalore
street_lamp,13.0036997,77.6193958,"{'highway': 'street_lamp', 'lamp_mount': 'bent_mast', 'lamp_type': 'led', 'light:colour': 'white', 'light:direction': '110', 'light:tilt': '-90', 'line_attachment': 'pin', 'material': 'concrete', 'power': 'pole'}",10,0,0,2,0.58,,Bengaluru
street_lamp,13.0033547,77.6192261,"{'highway': 'street_lamp', 'lamp_mount': 'bent_mast', 'lamp_type': 'led', 'light:colour': 'white', 'light:direction': '200', 'light:tilt': '-90', 'material': 'metal'}",10,0,0,1,0.64,Hall Road,Bengaluru
street_lamp,13.0030776,77.6193092,"{'highway': 'street_lamp', 'lamp_mount': 'bent_mast', 'lamp_type': 'led', 'light:colour': 'white', 'light:direction': '20', 'light:tilt': '-90', 'line_attachment': 'suspension', 'material': 'concrete', 'power': 'pole'}",10,0,0,1,0.64,Hall Road,Bangalore
street_lamp,13.0034593,77.6189318,"{'highway': 'street_lamp', 'lamp_mount': 'bent_mast', 'lamp_type': 'led', 'light:colour': 'white', 'light:direction': '200', 'light:tilt': '-90', 'material': 'metal'}",10,0,0,2,0.58,,Bengaluru
street_lamp,13.0031856,77.6190142,"{'highway': 'street_lamp', 'lamp_mount': 'bent_mast', 'lamp_type': 'led', 'light:colour': 'white', 'light:direction': '20', 'light:tilt': '-90', 'line_attachment': 'suspension', 'material': 'concrete', 'power': 'pole'}",10,0,0,0,0.7,Hall Road,Bengaluru
street_lamp,13.0032304,77.6188971,"{'guyed': 'yes', 'highway': 'street_lamp', 'lamp_mount': 'bent_mast', 'lamp_type': 'led', 'light:colour': 'white', 'light:direction': '20', 'light:tilt': '-90', 'line_attachment': 'suspension', 'material': 'concrete', 'power': 'pole'}",10,0,0,3,0.52,,Bengaluru
street_lamp,13.0032878,77.6187469,"{'highway': 'street_lamp', 'lamp_mount': 'bent_mast', 'lamp_type': 'led', 'light:colour': 'white', 'light:direction': '20', 'light:tilt': '-90', 'line_attachment': 'pin', 'material': 'concrete', 'power': 'pole'}",10,0,0,2,0.58,,Bengaluru
street_lamp,13.0033322,77.6186307,"{'highway': 'street_lamp', 'lamp_mount': 'bent_mast', 'lamp_type': 'led', 'light:colour': 'white', 'light:direction': '20', 'light:tilt': '-90', 'line_attachment': 'pin', 'material': 'concrete', 'power': 'pole'}",10,0,0,4,0.46,Hall Road,Bangalore
street_lamp,13.0035593,77.6186611,"{'highway': 'street_lamp', 'lamp_mount': 'bent_mast', 'lamp_type': 'led', 'light:colour': 'white', 'light:direction': '200', 'light:tilt': '-90', 'material': 'metal'}",10,0,0,2,0.58,,Bengaluru
street_lamp,13.0036468,77.6184135,"{'highway': 'street_lamp', 'lamp_mount': 'bent_mast', 'lamp_type': 'led', 'light:colour': 'white', 'light:direction': '200', 'light:tilt': '-90', 'material': 'metal'}",10,0,0,2,0.58,Hall Road,Bangalore
street_lamp,13.0033767,77.6185141,"{'highway': 'street_lamp', 'lamp_mount': 'bent_mast', 'lamp_type': 'led', 'light:colour': 'white', 'light:direction': '20', 'light:tilt': '-90', 'line_attachment': 'pin', 'material': 'concrete', 'power': 'pole'}",10,0,0,2,0.58,Hall Road,Bangalore
street_lamp,13.0034218,77.6183961,"{'highway': 'street_lamp', 'lamp_mount': 'bent_mast', 'lamp_type': 'led', 'light:colour': 'white', 'light:direction': '20', 'light:tilt': '-90', 'line_attachment': 'pin', 'material': 'concrete', 'power': 'pole'}",10,0,0,1,0.64,Hall Road,Bangalore
street_lamp,13.0035029,77.6181837,"{'highway': 'street_lamp', 'lamp_mount': 'bent_mast', 'lamp_type': 'led', 'light:colour': 'white', 'light:direction': '290', 'light:tilt': '-90', 'line_attachment': 'pin', 'line_management': 'branch', 'material': 'concrete', 'power': 'pole'}",10,0,0,4,0.46,Hall Road,Bangalore
street_lamp,13.0037812,77.6181579,"{'highway': 'street_lamp', 'lamp_mount': 'bent_mast', 'lamp_type': 'led', 'light:colour': 'white', 'light:direction': '110', 'light:tilt': '-90', 'material': 'metal'}",10,0,0,1,0.64,Cookson Road,Bangalore
street_lamp,13.0037416,77.6182895,"{'highway': 'street_lamp', 'lamp_mount': 'bent_mast', 'lamp_type': 'led', 'light:colour': 'white', 'light:direction': '290', 'light:tilt': '-90', 'material': 'concrete'}",10,0,0,0,0.7,Hall Road,Bangalore
street_lamp,13.0039527,77.6183705,"{'highway': 'street_lamp', 'lamp_mount': 'bent_mast', 'lamp_type': 'led', 'light:colour': 'white', 'light:direction': '290', 'light:tilt': '-90', 'line_attachment': 'pin', 'material': 'concrete', 'power': 'pole'}",10,0,0,2,0.58,Cookson Road,Bangalore
street_lamp,13.0039621,77.6182304,"{'highway': 'street_lamp', 'lamp_mount': 'bent_mast', 'lamp_type': 'led', 'light:colour': 'white', 'light:direction': '110', 'light:tilt': '-90', 'line_attachment': 'pin', 'material': 'concrete', 'power': 'pole'}",10,0,0,3,0.52,Cookson Road,Bangalore
street_lamp,13.0041007,77.6182799,"{'highway': 'street_lamp', 'lamp_mount': 'bent_mast', 'lamp_type': 'led', 'light:colour': 'white', 'light:direction': '110', 'light:tilt': '-90', 'line_attachment': 'pin', 'material': 'concrete', 'power': 'pole'}",10,0,0,3,0.52,Cookson Road,Bangalore
street_lamp,13.004347,77.6185345,"{'highway': 'street_lamp', 'lamp_mount': 'bent_mast', 'lamp_type': 'led', 'light:colour': 'white', 'light:direction': '290', 'light:tilt': '-90', 'line_attachment': 'pin', 'line_management': 'termination', 'material': 'concrete', 'power': 'pole'}",10,0,0,0,0.7,,Bengaluru
street_lamp,13.0031804,77.6180523,"{'highway': 'street_lamp', 'lamp_mount': 'bent_mast', 'lamp_type': 'led', 'light:colour': 'white', 'light:direction': '290', 'light:tilt': '-90', 'line_attachment': 'pin', 'material': 'concrete', 'power': 'pole'}",10,0,0,2,0.58,Viviani Road,Bangalore
street_lamp,13.0030095,77.6179827,"{'highway': 'street_lamp', 'lamp_mount': 'bent_mast', 'lamp_type': 'led', 'light:colour': 'white', 'light:direction': '290', 'light:tilt': '-90', 'line_attachment': 'pin', 'material': 'concrete', 'power': 'pole'}",10,0,0,1,0.64,Viviani Road,Bangalore
street_lamp,13.0028232,77.6179068,"{'guyed': 'pole', 'highway': 'street_lamp', 'lamp_mount': 'bent_mast', 'lamp_type': 'led', 'light:colour': 'white', 'light:direction': '290', 'light:tilt': '-90', 'line_attachment': 'pin', 'line_management': 'branch', 'material': 'concrete', 'power': 'pole'}",10,0,0,1,0.64,,Bengaluru
street_lamp,13.0027905,77.6177562,"{'highway': 'street_lamp', 'lamp_mount': 'bent_mast', 'lamp_type': 'led', 'light:colour': 'white', 'light:direction': '20', 'light:tilt': '-90', 'line_attachment': 'suspension', 'line_management': 'termination', 'material': 'concrete', 'power': 'pole'}",10,0,0,4,0.46,,Bengaluru
street_lamp,13.0028768,77.617525,"{'highway': 'street_lamp', 'lamp_mount': 'bent_mast', 'lamp_type': 'led', 'light:colour': 'white', 'light:direction': '20', 'light:tilt': '-90', 'line_attachment': 'suspension', 'material': 'concrete', 'power': 'pole'}",10,0,0,0,0.7,Viviani Road,Bangalore
street_lamp,13.0029501,77.6173289,"{'highway': 'street_lamp', 'lamp_mount': 'bent_mast', 'lamp_type': 'led', 'light:colour': 'white', 'light:direction': '20', 'light:tilt': '-90', 'line_attachment': 'suspension', 'material': 'concrete', 'power': 'pole'}",10,0,0,1,0.64,Viviani Road,Bengaluru
street_lamp,13.0030557,77.6170462,"{'highway': 'street_lamp', 'lamp_mount': 'bent_mast', 'lamp_type': 'led', 'light:colour': 'white', 'light:direction': '20', 'light:tilt': '-90', 'line_attachment': 'suspension', 'material': 'concrete', 'power': 'pole'}",10,0,0,0,0.7,Viviani Road,Bengaluru
street_lamp,13.0030978,77.6169336,"{'highway': 'street_lamp', 'lamp_mount': 'bent_mast', 'lamp_type': 'led', 'light:colour': 'white', 'light:direction': '20', 'light:tilt': '-90', 'line_attachment': 'suspension', 'material': 'concrete', 'power': 'pole'}",10,0,0,0,0.7,Clarke Road,Bangalore
street_lamp,13.0031635,77.6167576,"{'highway': 'street_lamp', 'lamp_mount': 'bent_mast', 'lamp_type': 'led', 'light:colour': 'white', 'light:direction': '290', 'light:tilt': '-90', 'line_attachment': 'suspension', 'material': 'concrete', 'power': 'pole'}",10,0,0,0,0.7,,Bengaluru
street_lamp,13.0032676,77.6168067,"{'highway': 'street_lamp', 'lamp_mount': 'bent_mast', 'lamp_type': 'led', 'light:colour': 'white', 'light:direction': '200', 'light:tilt': '-90', 'material': 'metal'}",10,0,0,4,0.46,Viviani Road,Bengaluru
street_lamp,13.002358,77.6164231,"{'highway': 'street_lamp', 'lamp_mount': 'high_mast', 'light:count': '6', 'material': 'metal'}",10,0,0,3,0.52,,Bengaluru
street_lamp,13.0024982,77.6187411,"{'highway': 'street_lamp', 'lamp_mount': 'bent_mast', 'lamp_type': 'led', 'light:colour': 'white', 'light:direction': '200', 'light:tilt': '-90', 'line_attachment': 'pin', 'material': 'concrete', 'power': 'pole'}",10,0,0,0,0.7,Viviani Road,Bangalore
street_lamp,13.0024289,77.618919,"{'guyed': 'yes', 'highway': 'street_lamp', 'lamp_mount': 'bent_mast', 'lamp_type': 'incandescent', 'light:colour': 'yellow', 'light:direction': '200', 'light:tilt': '-90', 'line_attachment': 'pin', 'material': 'concrete', 'power': 'pole'}",10,0,0,4,0.46,Viviani Road,Bangalore
street_lamp,13.0026117,77.6184498,"{'highway': 'street_lamp', 'lamp_mount': 'bent_mast', 'lamp_type': 'led', 'light:colour': 'white', 'light:direction': '200', 'light:tilt': '-90', 'line_attachment': 'pin', 'material': 'concrete', 'power': 'pole'}",10,0,0,2,0.58,Viviani Road,Bangalore
street_lamp,13.0026696,77.6183011,"{'highway': 'street_lamp', 'lamp_mount': 'bent_mast', 'lamp_type': 'led', 'light:colour': 'white', 'light:direction': '200', 'light:tilt': '-90', 'line_attachment': 'pin', 'material': 'concrete', 'power': 'pole'}",10,0,0,3,0.52,Viviani Road,Bangalore
street_lamp,13.0027577,77.618075,"{'highway': 'street_lamp', 'lamp_mount': 'bent_mast', 'lamp_type': 'led', 'light:colour': 'white', 'light:direction': '200', 'light:tilt': '-90', 'line_attachment': 'pin', 'material': 'concrete', 'power': 'pole'}",10,0,0,1,0.64,Viviani Road,Bengaluru
street_lamp,13.0026031,77.617811,"{'highway': 'street_lamp', 'lamp_mount': 'bent_mast', 'lamp_type': 'led', 'light:colour': 'white', 'light:direction': '290', 'light:tilt': '-90', 'line_attachment': 'pin', 'material': 'concrete', 'power': 'pole'}",10,0,0,3,0.52,Viviani Road,Bangalore
street_lamp,13.0022179,77.6176434,"{'highway': 'street_lamp', 'lamp_mount': 'bent_mast', 'lamp_type': 'led', 'light:colour': 'white', 'light:direction': '290', 'light:tilt': '-90', 'line_attachment': 'pin', 'material': 'concrete', 'power': 'pole'}",10,0,0,2,0.58,Pottery Road,Bengaluru
street_lamp,13.0018881,77.6174889,"{'guyed': 'yes', 'highway': 'street_lamp', 'lamp_mount': 'bent_mast', 'lamp_type': 'led', 'light:colour': 'white', 'light:direction': '20', 'light:tilt': '-90', 'line_attachment': 'pin', 'material': 'concrete', 'power': 'pole'}",10,0,0,3,0.52,,Bengaluru
street_lamp,13.0046313,77.6182663,"{'highway': 'street_lamp', 'lamp_mount': 'bent_mast', 'lamp_type': 'led', 'light:colour': 'white', 'light:direction': '200', 'light:tilt': '-90', 'line_attachment': 'suspension', 'material': 'concrete', 'power': 'pole'}",10,0,0,1,0.64,Cookson Road,Bangalore
street_lamp,13.0049526,77.6174442,"{'highway': 'street_lamp', 'lamp_mount': 'bent_mast', 'lamp_type': 'led', 'light:colour': 'white', 'light:direction': '200', 'light:tilt': '-90', 'line_attachment': 'suspension', 'line_management': 'branch', 'material': 'concrete', 'power': 'pole'}",10,0,0,2,0.58,Clarke Road,Bengaluru
street_lamp,13.005087,77.6175051,"{'highway': 'street_lamp', 'lamp_mount': 'bent_mast', 'lamp_type': 'led', 'light:colour': 'white', 'light:direction': '290', 'light:tilt': '-90', 'line_attachment': 'suspension', 'material': 'concrete', 'power': 'pole'}",10,0,0,4,0.46,Clarke Road,Bengaluru
street_lamp,13.005292,77.6175981,"{'highway': 'street_lamp', 'lamp_mount': 'bent_mast', 'lamp_type': 'led', 'light:colour': 'white', 'light:direction': '290', 'light:tilt': '-90', 'line_attachment': 'suspension', 'material': 'concrete', 'power': 'pole'}",10,0,0,3,0.52,,Bengaluru
street_lamp,13.0056015,77.617747,"{'highway': 'street_lamp', 'lamp_mount': 'bent_mast', 'lamp_type': 'led', 'light:colour': 'white', 'light:direction': '200', 'light:tilt': '-90', 'material': 'concrete'}",10,0,0,0,0.7,Clarke Road,Bangalore
street_lamp,13.0056598,77.6175965,"{'highway': 'street_lamp', 'lamp_mount': 'bent_mast', 'lamp_type': 'led', 'light:colour': 'white', 'light:count': '2', 'light:direction': '20;200', 'light:tilt': '-90', 'material': 'concrete'}",10,0,0,2,0.58,Clarke Road,Bengaluru
street_lamp,13.0056262,77.6176867,"{'highway': 'street_lamp', 'lamp_mount': 'bent_mast', 'lamp_type': 'led', 'light:colour': 'white', 'light:count': '2', 'light:direction': '20;200', 'light:tilt': '-90', 'material': 'concrete'}",10,0,0,0,0.7,,Bengaluru
street_lamp,13.0055665,77.6177014,"{'highway': 'street_lamp', 'lamp_mount': 'high_mast', 'light:count': '6', 'material': 'metal'}",10,0,0,0,0.7,,Bengaluru
street_lamp,13.0053298,77.6174928,"{'highway': 'street_lamp', 'lamp_mount': 'bent_mast', 'lamp_type': 'led', 'light:colour': 'white', 'light:direction': '110', 'light:tilt': '-90', 'material': 'concrete'}",10,0,0,0,0.7,,Bengaluru
street_lamp,13.0053411,77.6174584,"{'highway': 'street_lamp', 'lamp_mount': 'bent_mast', 'lamp_type': 'led', 'light:colour': 'white', 'light:direction': '110', 'light:tilt': '-90', 'line_attachment': 'suspension', 'line_management': 'transition', 'material': 'concrete', 'power': 'pole'}",10,0,0,4,0.46,,Bengaluru
street_lamp,13.0051228,77.6173629,"{'highway': 'street_lamp', 'lamp_mount': 'bent_mast', 'lamp_type': 'led', 'light:colour': 'white', 'light:direction': '110', 'light:tilt': '-90', 'line_attachment': 'suspension', 'material': 'concrete', 'power': 'pole'}",10,0,0,4,0.46,Clarke Road,Bengaluru
street_lamp,13.0048235,77.6172273,"{'highway': 'street_lamp', 'lamp_mount': 'bent_mast', 'lamp_type': 'led', 'light:colour': 'white', 'light:direction': '110', 'light:tilt': '-90', 'line_attachment': 'suspension', 'material': 'concrete', 'power': 'pole'}",10,0,0,2,0.58,Davis Road,Bengaluru
street_lamp,13.0051263,77.6169993,"{'highway': 'street_lamp', 'lamp_mount': 'bent_mast', 'lamp_type': 'led', 'light:colour': 'white', 'light:direction': '200', 'light:tilt': '-90', 'line_attachment': 'suspension', 'material': 'concrete', 'power': 'pole'}",10,0,0,4,0.46,Clarke Road,Bangalore
street_lamp,13.0053358,77.6164624,"{'highway': 'street_lamp', 'lamp_mount': 'bent_mast', 'lamp_type': 'led', 'light:colour': 'white', 'light:direction': '200', 'light:tilt': '-90', 'line_attachment': 'suspension', 'material': 'concrete', 'power': 'pole'}",10,0,0,2,0.58,,Bengaluru
street_lamp,13.0054275,77.6162275,"{'highway': 'street_lamp', 'lamp_mount': 'bent_mast', 'lamp_type': 'led', 'light:colour': 'white', 'light:direction': '200', 'light:tilt': '-90', 'line_attachment': 'suspension', 'material': 'concrete', 'power': 'pole'}",10,0,0,2,0.58,Davis Road,Bengaluru
street_lamp,13.0057608,77.6163619,"{'highway': 'street_lamp', 'lamp_mount': 'bent_mast', 'lamp_type': 'led', 'light:colour': 'white', 'light:direction': '290', 'light:tilt': '-90', 'material': 'concrete'}",10,0,0,4,0.46,,Bengaluru
street_lamp,13.0056922,77.6162624,"{'highway': 'street_lamp', 'lamp_mount': 'bent_mast', 'lamp_type': 'led', 'light:colour': 'white', 'light:direction': '110', 'light:tilt': '-90', 'line_attachment': 'suspension', 'material': 'concrete', 'power': 'pole'}",10,0,0,4,0.46,,Bengaluru
street_lamp,13.005202,77.6160572,"{'highway': 'street_lamp', 'lamp_mount': 'bent_mast', 'lamp_type': 'led', 'light:colour': 'white', 'light:direction': '110', 'light:tilt': '-90', 'line_attachment': 'suspension', 'material': 'concrete', 'power': 'pole'}",10,0,0,1,0.64,John Armstrong Road,Bangalore
street_lamp,13.0050534,77.6159894,"{'highway': 'street_lamp', 'lamp_mount': 'bent_mast', 'lamp_type': 'led', 'light:colour': 'white', 'light:direction': '110', 'light:tilt': '-90', 'line_attachment': 'suspension', 'material': 'concrete', 'power': 'pole'}",10,0,0,4,0.46,,Bengaluru
street_lamp,13.0048372,77.6158907,"{'highway': 'street_lamp', 'lamp_mount': 'bent_mast', 'lamp_type': 'led', 'light:colour': 'white', 'light:direction': '110', 'light:tilt': '-90', 'line_attachment': 'suspension', 'material': 'concrete', 'power': 'pole'}",10,0,0,2,0.58,Hall Road,Bangalore
street_lamp,13.0047444,77.6158483,"{'highway': 'street_lamp', 'lamp_mount': 'bent_mast', 'lamp_type': 'led', 'light:colour': 'white', 'light:direction': '200', 'light:tilt': '-90', 'line_attachment': 'suspension', 'material': 'concrete', 'power': 'pole'}",10,0,0,0,0.7,Hall Road,Bangalore
street_lamp,13.0044708,77.6158883,"{'highway': 'street_lamp', 'lamp_mount': 'high_mast', 'light:count': '6', 'material': 'metal'}",10,0,0,3,0.52,Hall Road,Bengaluru
street_lamp,13.0051603,77.6145359,"{'highway': 'street_lamp', 'lamp_mount': 'bent_mast', 'lamp_type': 'led', 'light:colour': 'white', 'light:direction': '110', 'light:tilt': '-90', 'material': 'concrete'}",10,0,0,0,0.7,,Bengaluru
street_lamp,13.0048761,77.6146228,"{'highway': 'street_lamp', 'lamp_mount': 'bent_mast', 'lamp_type': 'led', 'light:colour': 'white', 'light:direction': '20', 'light:tilt': '-90', 'line_attachment': 'suspension', 'material': 'concrete', 'power': 'pole'}",10,0,0,1,0.64,Hall Road,Bangalore
street_lamp,13.0048264,77.6147534,"{'highway': 'street_lamp', 'lamp_mount': 'bent_mast', 'lamp_type': 'led', 'light:colour': 'white', 'light:direction': '20', 'light:tilt': '-90', 'line_attachment': 'suspension', 'material': 'concrete', 'power': 'pole'}",10,0,0,3,0.52,Hall Road,Bangalore
street_lamp,13.0047907,77.6148472,"{'highway': 'street_lamp', 'lamp_mount': 'bent_mast', 'lamp_type': 'led', 'light:colour': 'white', 'light:direction': '20', 'light:tilt': '-90', 'line_attachment': 'suspension', 'material': 'concrete', 'power': 'pole'}",10,0,0,1,0.64,Hall Road,Bangalore
street_lamp,13.0047374,77.6149871,"{'highway': 'street_lamp', 'lamp_mount': 'bent_mast', 'lamp_type': 'led', 'light:colour': 'white', 'light:direction': '20', 'light:tilt': '-90', 'line_attachment': 'suspension', 'material': 'concrete', 'power': 'pole'}",10,0,0,1,0.64,Hall Road,Bangalore
street_lamp,13.0046455,77.6152284,"{'highway': 'street_lamp', 'lamp_mount': 'bent_mast', 'lamp_type': 'led', 'light:colour': 'white', 'light:direction': '20', 'light:tilt': '-90', 'line_attachment': 'suspension', 'material': 'concrete', 'power': 'pole'}",10,0,0,3,0.52,Hall Road,Bangalore
street_lamp,13.0045838,77.6153903,"{'highway': 'street_lamp', 'lamp_mount': 'bent_mast', 'lamp_type': 'led', 'light:colour': 'white', 'light:direction': '20', 'light:tilt': '-90', 'line_attachment': 'suspension', 'material': 'concrete', 'power': 'pole'}",10,0,0,4,0.46,Hall Road,Bangalore
street_lamp,13.004504,77.6155999,"{'highway': 'street_lamp', 'lamp_mount': 'bent_mast', 'lamp_type': 'led', 'light:colour': 'white', 'light:direction': '20', 'light:tilt': '-90', 'line_attachment': 'suspension', 'material': 'concrete', 'power': 'pole'}",10,0,0,1,0.64,Hall Road,Bangalore
street_lamp,13.0044534,77.6157327,"{'highway': 'street_lamp', 'lamp_mount': 'bent_mast', 'lamp_type': 'led', 'light:colour': 'white', 'light:count': '2', 'light:direction': '20;110', 'light:tilt': '-90', 'line_attachment': 'suspension', 'material': 'concrete', 'power': 'pole'}",10,0,0,4,0.46,Hall Road,Bangalore
street_lamp,13.0042448,77.6156498,"{'highway': 'street_lamp', 'lamp_mount': 'bent_mast', 'lamp_type': 'led', 'light:colour': 'white', 'light:direction': '110', 'light:tilt': '-90', 'line_attachment': 'suspension', 'material': 'concrete', 'power': 'pole'}",10,0,0,1,0.64,Hall Road,Bangalore
street_lamp,13.0040333,77.6155657,"{'highway': 'street_lamp', 'lamp_mount': 'bent_mast', 'lamp_type': 'led', 'light:colour': 'white', 'light:direction': '110', 'light:tilt': '-90', 'line_attachment': 'suspension', 'material': 'concrete', 'power': 'pole'}",10,0,0,0,0.7,John Armstrong Road,Bangalore
street_lamp,13.0037711,77.6154615,"{'highway': 'street_lamp', 'lamp_mount': 'bent_mast', 'lamp_type': 'led', 'light:colour': 'white', 'light:direction': '110', 'light:tilt': '-90', 'line_attachment': 'suspension', 'material': 'concrete', 'power': 'pole'}",10,0,0,1,0.64,John Armstrong Road,Bengaluru
street_lamp,13.0036753,77.6154209,"{'highway': 'street_lamp', 'lamp_mount': 'bent_mast', 'lamp_type': 'led', 'light:colour': 'white', 'light:direction': '110', 'light:tilt': '-90', 'line_attachment': 'suspension', 'material': 'concrete', 'power': 'pole'}",10,0,0,3,0.52,John Armstrong Road,Bengaluru
street_lamp,13.0034566,77.6153281,"{'highway': 'street_lamp', 'lamp_mount': 'bent_mast', 'lamp_type': 'led', 'light:colour': 'white', 'light:direction': '110', 'light:tilt': '-90', 'line_attachment': 'suspension', 'material': 'concrete', 'power': 'pole'}",10,0,0,1,0.64,,Bengaluru
street_lamp,13.003301,77.6152621,"{'highway': 'street_lamp', 'lamp_mount': 'bent_mast', 'lamp_type': 'led', 'light:colour': 'white', 'light:direction': '110', 'light:tilt': '-90', 'line_attachment': 'suspension', 'material': 'concrete', 'power': 'pole'}",10,0,0,3,0.52,John Armstrong Road,Bangalore
street_lamp,13.0030969,77.6151756,"{'highway': 'street_lamp', 'lamp_mount': 'bent_mast', 'lamp_type': 'led', 'light:colour': 'white', 'light:direction': '110', 'light:tilt': '-90', 'line_attachment': 'suspension', 'material': 'concrete', 'power': 'pole'}",10,0,0,2,0.58,John Armstrong Road,Bangalore
street_lamp,13.0029793,77.6152274,"{'highway': 'street_lamp', 'lamp_mount': 'bent_mast', 'lamp_type': 'led', 'light:colour': 'white', 'light:direction': '290', 'light:tilt': '-90', 'material': 'concrete'}",10,0,0,1,0.64,John Armstrong Road,Bangalore
street_lamp,13.0029248,77.6151026,"{'highway': 'street_lamp', 'lamp_mount': 'bent_mast', 'lamp_type': 'led', 'light:colour': 'white', 'light:direction': '110', 'light:tilt': '-90', 'line_attachment': 'suspension', 'material': 'concrete', 'power': 'pole'}",10,0,0,3,0.52,John Armstrong Road,Bangalore
street_lamp,13.0027834,77.6150426,"{'highway': 'street_lamp', 'lamp_mount': 'bent_mast', 'lamp_type': 'led', 'light:colour': 'white', 'light:direction': '110', 'light:tilt': '-90', 'line_attachment': 'suspension', 'material': 'concrete', 'power': 'pole'}",10,0,0,2,0.58,John Armstrong Road,Bangalore
street_lamp,13.0025474,77.6149425,"{'highway': 'street_lamp', 'lamp_mount': 'bent_mast', 'lamp_type': 'led', 'light:colour': 'white', 'light:direction': '110', 'light:tilt': '-90', 'line_attachment': 'suspension', 'material': 'concrete', 'power': 'pole'}",10,0,0,3,0.52,John Armstrong Road,Bangalore
street_lamp,13.0024499,77.614912,"{'highway': 'street_lamp', 'lamp_mount': 'high_mast', 'light:count': '6', 'material': 'metal'}",10,0,0,4,0.46,John Armstrong Road,Bangalore
street_lamp,13.0024111,77.6158255,"{'highway': 'street_lamp', 'lamp_mount': 'bent_mast', 'lamp_type': 'led', 'light:colour': 'white', 'light:direction': '190', 'light:tilt': '-90', 'line_attachment': 'suspension', 'material': 'concrete', 'power': 'pole'}",10,0,0,2,0.58,Pottery Road,Bangalore
street_lamp,13.0023963,77.6161666,"{'highway': 'street_lamp', 'lamp_mount': 'bent_mast', 'lamp_type': 'led', 'light:colour': 'white', 'light:direction': '200', 'light:tilt': '-90', 'line_attachment': 'suspension', 'material': 'concrete', 'power': 'pole'}",10,0,0,1,0.64,,Bengaluru
street_lamp,13.0004685,77.6224813,"{'highway': 'street_lamp', 'lamp_mount': 'bent_mast', 'lamp_type': 'incandescent', 'light:colour': 'yellow', 'light:direction': '20', 'light:tilt': '-90', 'line_attachment': 'suspension', 'material': 'concrete', 'power': 'pole'}",10,0,0,4,0.46,Lewis Road,Bangalore
street_lamp,13.0003617,77.6227665,"{'highway': 'street_lamp', 'lamp_mount': 'bent_mast', 'lamp_type': 'incandescent', 'light:colour': 'yellow', 'light:direction': '20', 'light:tilt': '-90', 'line_attachment': 'suspension', 'material': 'concrete', 'power': 'pole'}",10,0,0,0,0.7,Lewis Road,Bangalore
street_lamp,13.0003058,77.62292,"{'highway': 'street_lamp', 'lamp_mount': 'bent_mast', 'lamp_type': 'incandescent', 'light:colour': 'yellow', 'light:direction': '20', 'light:tilt': '-90', 'line_attachment': 'suspension', 'material': 'concrete', 'power': 'pole'}",10,0,0,0,0.7,Wheeler Road Extension,Bangalore
street_lamp,13.0002257,77.6231514,"{'highway': 'street_lamp', 'lamp_mount': 'bent_mast', 'lamp_type': 'incandescent', 'light:colour': 'yellow', 'light:direction': '110', 'light:tilt': '-90', 'line_attachment': 'suspension', 'material': 'concrete', 'power': 'pole'}",10,0,0,2,0.58,Wheeler Road Extension,Bangalore
street_lamp,13.0002097,77.6234347,"{'highway': 'street_lamp', 'lamp_mount': 'bent_mast', 'lamp_type': 'incandescent', 'light:colour': 'yellow', 'light:direction': '200', 'light:tilt': '-90', 'line_attachment': 'suspension', 'material': 'concrete', 'power': 'pole'}",10,0,0,0,0.7,"Wheeler Rd Ext, Balaji Layout, Cooke Town",Bengaluru
street_lamp,13.0001562,77.6236028,"{'highway': 'street_lamp', 'lamp_mount': 'bent_mast', 'lamp_type': 'incandescent', 'light:colour': 'yellow', 'light:direction': '200', 'light:tilt': '-90', 'line_attachment': 'suspension', 'material': 'concrete', 'power': 'pole'}",10,0,0,2,0.58,,Bengaluru
street_lamp,13.0000797,77.6238237,"{'highway': 'street_lamp', 'lamp_mount': 'bent_mast', 'lamp_type': 'incandescent', 'light:colour': 'yellow', 'light:direction': '200', 'light:tilt': '-90', 'line_attachment': 'suspension', 'material': 'concrete', 'power': 'pole'}",10,0,0,1,0.64,,Bengaluru
street_lamp,12.999986,77.6240866,"{'highway': 'street_lamp', 'lamp_mount': 'bent_mast', 'lamp_type': 'incandescent', 'light:colour': 'yellow', 'light:direction': '200', 'light:tilt': '-90', 'line_attachment': 'suspension', 'material': 'concrete', 'power': 'pole'}",10,0,0,1,0.64,Lewis Road,Bangalore
street_lamp,12.9998925,77.6243486,"{'highway': 'street_lamp', 'lamp_mount': 'bent_mast', 'lamp_type': 'incandescent', 'light:colour': 'yellow', 'light:direction': '200', 'light:tilt': '-90', 'line_attachment': 'suspension', 'material': 'concrete', 'power': 'pole'}",10,0,0,1,0.64,Lewis Road,Bangalore
street_lamp,12.9997986,77.6246226,"{'highway': 'street_lamp', 'lamp_mount': 'bent_mast', 'lamp_type': 'incandescent', 'light:colour': 'yellow', 'light:direction': '200', 'light:tilt': '-90', 'line_attachment': 'suspension', 'material': 'concrete', 'power': 'pole'}",10,0,0,2,0.58,Lewis Road,Bangalore
street_lamp,12.9997553,77.624733,"{'highway': 'street_lamp', 'lamp_mount': 'bent_mast', 'lamp_type': 'incandescent', 'light:colour': 'yellow', 'light:direction': '200', 'light:tilt': '-90', 'line_attachment': 'suspension', 'material': 'concrete', 'power': 'pole'}",10,0,0,2,0.58,Banaswadi Road,Bangalore
street_lamp,12.9996858,77.6249513,"{'highway': 'street_lamp', 'lamp_mount': 'bent_mast', 'lamp_type': 'incandescent', 'light:direction': '200', 'light:tilt': '-90', 'line_attachment': 'pin', 'material': 'concrete', 'power': 'pole'}",10,0,0,0,0.7,Lewis Road,Bangalore
street_lamp,12.9996688,77.6250077,"{'highway': 'street_lamp', 'lamp_mount': 'bent_mast', 'lamp_type': 'led', 'light:colour': 'white', 'light:direction': '130', 'light:tilt': '-90', 'line_attachment': 'pin', 'material': 'concrete', 'power': 'pole'}",10,0,0,3,0.52,Lewis Road,Bangalore
street_lamp,13.002481,77.6162121,"{'highway': 'street_lamp', 'lamp_mount': 'bent_mast', 'lamp_type': 'led', 'light:colour': 'white', 'light:direction': '110', 'light:tilt': '-90', 'material': 'metal'}",10,0,0,2,0.58,,Bengaluru
street_lamp,13.0028286,77.616369,"{'highway': 'street_lamp', 'lamp_mount': 'bent_mast', 'lamp_type': 'led', 'light:colour': 'white', 'light:direction': '110', 'light:tilt': '-90', 'material': 'metal'}",10,0,0,2,0.58,Clarke Road,Bengaluru
street_lamp,13.0033359,77.6162717,"{'highway': 'street_lamp', 'lamp_mount': 'bent_mast', 'lamp_type': 'led', 'light:colour': 'white', 'light:direction': '20', 'light:tilt': '-90', 'line_attachment': 'suspension', 'material': 'concrete', 'power': 'pole'}",10,0,0,2,0.58,Viviani Road,Bangalore
street_lamp,13.0034497,77.6159818,"{'highway': 'street_lamp', 'lamp_mount': 'bent_mast', 'lamp_type': 'led', 'light:colour': 'white', 'light:direction': '20', 'light:tilt': '-90', 'line_attachment': 'suspension', 'material': 'concrete', 'power': 'pole'}",10,0,0,1,0.64,Viviani Road,Bangalore
street_lamp,13.0034992,77.6158476,"{'highway': 'street_lamp', 'lamp_mount': 'bent_mast', 'lamp_type': 'led', 'light:colour': 'white', 'light:direction': '20', 'light:tilt': '-90', 'line_attachment': 'suspension', 'material': 'concrete', 'power': 'pole'}",10,0,0,4,0.46,Viviani Road,Bangalore
street_lamp,13.0034985,77.6166585,"{'highway': 'street_lamp', 'lamp_mount': 'bent_mast', 'lamp_type': 'led', 'light:colour': 'white', 'light:direction': '110', 'light:tilt': '-90', 'line_attachment': 'pin', 'material': 'concrete', 'power': 'pole'}",10,0,0,0,0.7,Clarke Road,Bengaluru
street_lamp,13.0034745,77.6168919,"{'highway': 'street_lamp', 'lamp_mount': 'bent_mast', 'lamp_type': 'led', 'light:colour': 'white', 'light:direction': '290', 'light:tilt': '-90', 'material': 'metal'}",10,0,0,0,0.7,Clarke Road,Bengaluru
street_lamp,13.0035874,77.6169359,"{'highway': 'street_lamp', 'lamp_mount': 'bent_mast', 'lamp_type': 'led', 'light:colour': 'white', 'light:direction': '290', 'light:tilt': '-90', 'line_attachment': 'suspension', 'line_management': 'transition', 'material': 'concrete', 'power': 'pole'}",10,0,0,0,0.7,,Bengaluru
street_lamp,13.0035527,77.6166623,"{'highway': 'street_lamp', 'lamp_mount': 'bent_mast', 'lamp_type': 'incandescent', 'light:colour': 'yellow', 'light:direction': '110', 'light:tilt': '-90', 'line_attachment': 'pin', 'material': 'concrete', 'power': 'pole'}",10,0,0,4,0.46,Clarke Road,Bengaluru
street_lamp,13.00368,77.6167222,"{'highway': 'street_lamp', 'lamp_mount': 'bent_mast', 'lamp_type': 'led', 'light:colour': 'white', 'light:direction': '20', 'light:tilt': '-90', 'line_attachment': 'suspension', 'material': 'concrete', 'power': 'pole'}",10,0,0,3,0.52,Clarke Road,Bangalore
street_lamp,13.0037522,77.6165403,"{'highway': 'street_lamp', 'lamp_mount': 'bent_mast', 'lamp_type': 'led', 'light:colour': 'white', 'light:direction': '20', 'light:tilt': '-90', 'line_attachment': 'suspension', 'material': 'concrete', 'power': 'pole'}",10,0,0,0,0.7,Clarke Road,Bangalore
street_lamp,13.0038832,77.6162107,"{'highway': 'street_lamp', 'lamp_mount': 'bent_mast', 'lamp_type': 'incandescent', 'light:colour': 'yellow', 'light:direction': '20', 'light:tilt': '-90', 'line_attachment': 'suspension', 'material': 'concrete', 'power': 'pole'}",10,0,0,2,0.58,Clarke Road,Bangalore
street_lamp,13.0041156,77.6162993,"{'highway': 'street_lamp', 'lamp_mount': 'bent_mast', 'lamp_type': 'led', 'light:colour': 'white', 'light:direction': '110', 'light:tilt': '-90', 'line_attachment': 'suspension', 'material': 'concrete', 'power': 'pole'}",10,0,0,2,0.58,Hall Road,Bangalore
street_lamp,13.0042683,77.6163513,"{'highway': 'street_lamp', 'lamp_mount': 'bent_mast', 'lamp_type': 'led', 'light:colour': 'white', 'light:direction': '110', 'light:tilt': '-90', 'line_attachment': 'suspension', 'line_management': 'branch', 'material': 'concrete', 'power': 'pole'}",10,0,0,4,0.46,,Bengaluru
street_lamp,13.0043288,77.6161831,"{'highway': 'street_lamp', 'lamp_mount': 'bent_mast', 'lamp_type': 'led', 'light:colour': 'white', 'light:direction': '20', 'light:tilt': '-90', 'line_attachment': 'suspension', 'material': 'concrete', 'power': 'pole'}",10,0,0,4,0.46,,Bengaluru
street_lamp,13.0043761,77.6160623,"{'highway': 'street_lamp', 'lamp_mount': 'bent_mast', 'lamp_type': 'led', 'light:colour': 'white', 'light:direction': '20', 'light:tilt': '-90', 'line_attachment': 'suspension', 'line_management': 'termination', 'material': 'concrete', 'power': 'pole'}",10,0,0,2,0.58,,Bengaluru
street_lamp,13.0046182,77.6159991,"{'highway': 'street_lamp', 'lamp_mount': 'bent_mast', 'lamp_type': 'led', 'light:colour': 'white', 'light:direction': '200', 'light:tilt': '-90', 'material': 'concrete'}",10,0,0,1,0.64,,Bengaluru
street_lamp,13.0044546,77.6164277,"{'highway': 'street_lamp', 'lamp_mount': 'bent_mast', 'lamp_type': 'led', 'light:colour': 'white', 'light:count': '2', 'light:direction': '110;200', 'light:tilt': '-90', 'line_attachment': 'suspension', 'material': 'concrete', 'power': 'pole'}",10,0,0,1,0.64,,Bengaluru
street_lamp,13.0046341,77.6164984,"{'highway': 'street_lamp', 'lamp_mount': 'bent_mast', 'lamp_type': 'led', 'light:colour': 'white', 'light:direction': '110', 'light:tilt': '-90', 'line_attachment': 'suspension', 'material': 'concrete', 'power': 'pole'}",10,0,0,3,0.52,Clarke Road,Bangalore
street_lamp,13.004783,77.6165558,"{'guyed': 'pole', 'highway': 'street_lamp', 'lamp_mount': 'bent_mast', 'lamp_type': 'led', 'light:colour': 'white', 'light:direction': '155', 'light:tilt': '-90', 'line_attachment': 'suspension', 'material': 'concrete', 'power': 'pole'}",10,0,0,0,0.7,Clarke Road,Bangalore
street_lamp,13.004681,77.6168553,"{'highway': 'street_lamp', 'lamp_mount': 'bent_mast', 'lamp_type': 'led', 'light:colour': 'white', 'light:direction': '200', 'light:tilt': '-90', 'line_attachment': 'suspension', 'material': 'concrete', 'power': 'pole'}",10,0,0,1,0.64,Clarke Road,Bangalore
street_lamp,13.0045909,77.6171196,"{'highway': 'street_lamp', 'lamp_mount': 'bent_mast', 'lamp_type': 'led', 'light:colour': 'white', 'light:direction': '200', 'light:tilt': '-90', 'line_attachment': 'suspension', 'material': 'concrete', 'power': 'pole'}",10,0,0,4,0.46,Clarke Road,Bangalore
street_lamp,13.0045379,77.6172632,"{'highway': 'street_lamp', 'lamp_mount': 'bent_mast', 'lamp_type': 'led', 'light:colour': 'white', 'light:direction': '290', 'light:tilt': '-90', 'line_attachment': 'suspension', 'material': 'concrete', 'power': 'pole'}",10,0,0,2,0.58,,Bengaluru
street_lamp,13.0043441,77.6177037,"{'highway': 'street_lamp', 'lamp_mount': 'bent_mast', 'lamp_type': 'led', 'light:colour': 'white', 'light:direction': '200', 'light:tilt': '-90', 'line_attachment': 'pin', 'material': 'concrete', 'power': 'pole'}",10,0,0,3,0.52,,Bengaluru
street_lamp,13.0039804,77.6175881,"{'highway': 'street_lamp', 'lamp_mount': 'bent_mast', 'lamp_type': 'incandescent', 'light:colour': 'yellow', 'light:direction': '200', 'light:tilt': '-90', 'line_attachment': 'pin', 'material': 'concrete', 'power': 'pole'}",10,0,0,0,0.7,Clarke Road,Bengaluru
street_lamp,13.003863,77.6178786,"{'highway': 'street_lamp', 'lamp_mount': 'bent_mast', 'lamp_type': 'led', 'light:colour': 'white', 'light:direction': '200', 'light:tilt': '-90', 'line_attachment': 'pin', 'line_management': 'termination', 'material': 'concrete', 'power': 'pole'}",10,0,0,2,0.58,,Bengaluru
street_lamp,13.003425,77.6174209,"{'highway': 'street_lamp', 'lamp_mount': 'bent_mast', 'lamp_type': 'led', 'light:colour': 'white', 'light:direction': '335', 'light:tilt': '-90', 'line_attachment': 'pin', 'line_management': 'transition', 'material': 'concrete', 'power': 'pole'}",10,0,0,0,0.7,Clarke Road,Bangalore
street_lamp,13.0035044,77.6171838,"{'highway': 'street_lamp', 'lamp_mount': 'bent_mast', 'lamp_type': 'led', 'light:colour': 'white', 'light:direction': '20', 'light:tilt': '-90', 'material': 'concrete'}",10,0,0,2,0.58,Clarke Road,Bengaluru
street_lamp,13.0013624,77.6238389,"{'highway': 'street_lamp', 'lamp_mount': 'bent_mast', 'lamp_type': 'incandescent', 'light:colour': 'yellow', 'light:direction': '20', 'light:tilt': '-90', 'line_attachment': 'suspension', 'line_management': 'transition', 'material': 'concrete', 'power': 'pole'}",10,0,0,0,0.7,Milton Street,Bengaluru
street_lamp,13.0012858,77.6240261,"{'highway': 'street_lamp', 'lamp_mount': 'bent_mast', 'lamp_type': 'incandescent', 'light:colour': 'yellow', 'light:direction': '20', 'light:tilt': '-90', 'line_attachment': 'suspension', 'line_management': 'transition', 'material': 'concrete', 'power': 'pole'}",10,0,0,1,0.64,Milton Street,Bengaluru
street_lamp,13.0012363,77.6241554,"{'highway': 'street_lamp', 'lamp_mount': 'bent_mast', 'lamp_type': 'incandescent', 'light:colour': 'yellow', 'light:direction': '20', 'light:tilt': '-90', 'line_attachment': 'suspension', 'material': 'concrete', 'power': 'pole'}",10,0,0,0,0.7,Milton Street,Bengaluru
street_lamp,13.0011165,77.6244757,"{'highway': 'street_lamp', 'lamp_mount': 'bent_mast', 'lamp_type': 'incandescent', 'light:colour': 'yellow', 'light:direction': '20', 'light:tilt': '-90', 'line_attachment': 'suspension', 'material': 'concrete', 'power': 'pole'}",10,0,0,2,0.58,,Bengaluru
street_lamp,13.001039,77.6247043,"{'highway': 'street_lamp', 'lamp_mount': 'bent_mast', 'lamp_type': 'incandescent', 'light:colour': 'yellow', 'light:direction': '20', 'light:tilt': '-90', 'line_attachment': 'suspension', 'material': 'concrete', 'power': 'pole'}",10,0,0,3,0.52,,Bengaluru
street_lamp,13.0009466,77.6249606,"{'highway': 'street_lamp', 'lamp_mount': 'bent_mast', 'lamp_type': 'incandescent', 'light:colour': 'yellow', 'light:direction': '20', 'light:tilt': '-90', 'line_attachment': 'suspension', 'line_management': 'branch', 'material': 'concrete', 'power': 'pole'}",10,0,0,1,0.64,Milton Street,Bengaluru
street_lamp,13.0004819,77.6261884,"{'highway': 'street_lamp', 'lamp_mount': 'bent_mast', 'lamp_type': 'led', 'light:colour': 'white', 'light:direction': '150', 'light:tilt': '-90', 'line_attachment': 'suspension', 'line_management': 'branch', 'material': 'concrete', 'power': 'pole'}",10,0,0,1,0.64,Milton Street,Bengaluru
street_lamp,13.0005498,77.6261204,"{'highway': 'street_lamp', 'lamp_mount': 'bent_mast', 'lamp_type': 'incandescent', 'light:colour': 'yellow', 'light:direction': '20', 'light:tilt': '-90', 'line_attachment': 'suspension', 'material': 'concrete', 'power': 'pole'}",10,0,0,4,0.46,Milton Street,Bengaluru
street_lamp,13.0005856,77.6260336,"{'highway': 'street_lamp', 'lamp_mount': 'bent_mast', 'lamp_type': 'incandescent', 'light:colour': 'yellow', 'light:direction': '20', 'light:tilt': '-90', 'line_attachment': 'suspension', 'material': 'concrete', 'power': 'pole'}",10,0,0,0,0.7,Milton Street,Bengaluru
street_lamp,13.0006416,77.6258732,"{'highway': 'street_lamp', 'lamp_mount': 'bent_mast', 'lamp_type': 'incandescent', 'light:colour': 'yellow', 'light:direction': '20', 'light:tilt': '-90', 'line_attachment': 'suspension', 'material': 'concrete', 'power': 'pole'}",10,0,0,4,0.46,Milton Street,Bengaluru
street_lamp,13.0006913,77.6257212,"{'highway': 'street_lamp', 'lamp_mount': 'bent_mast', 'lamp_type': 'incandescent', 'light:colour': 'yellow', 'light:direction': '20', 'light:tilt': '-90', 'line_attachment': 'suspension', 'material': 'concrete', 'power': 'pole'}",10,0,0,0,0.7,Milton Street,Bangalore
street_lamp,13.0007422,77.6255703,"{'highway': 'street_lamp', 'lamp_mount': 'bent_mast', 'lamp_type': 'incandescent', 'light:colour': 'yellow', 'light:direction': '20', 'light:tilt': '-90', 'line_attachment': 'suspension', 'material': 'concrete', 'power': 'pole'}",10,0,0,3,0.52,Milton Street,Bangalore
street_lamp,13.0008062,77.6253919,"{'highway': 'street_lamp', 'lamp_mount': 'bent_mast', 'lamp_type': 'incandescent', 'light:colour': 'yellow', 'light:direction': '20', 'light:tilt': '-90', 'line_attachment': 'suspension', 'material': 'concrete', 'power': 'pole'}",10,0,0,1,0.64,Milton Street,Bengaluru
street_lamp,13.0016532,77.62321,"{'highway': 'street_lamp', 'lamp_mount': 'bent_mast', 'lamp_type': 'incandescent', 'light:colour': 'yellow', 'light:direction': '200', 'light:tilt': '-90', 'line_attachment': 'suspension', 'material': 'concrete', 'power': 'pole'}",10,0,0,0,0.7,Milton Street,Bangalore
street_lamp,13.0014043,77.6236318,"{'highway': 'street_lamp', 'lamp_mount': 'bent_mast', 'lamp_type': 'incandescent', 'light:colour': 'yellow', 'light:direction': '110', 'light:tilt': '-90', 'material': 'metal'}",10,0,0,1,0.64,Wheeler Road Extension,Bengaluru
street_lamp,13.0015043,77.6234279,"{'highway': 'street_lamp', 'lamp_mount': 'bent_mast', 'lamp_type': 'incandescent', 'light:colour': 'yellow', 'light:direction': '20', 'light:tilt': '-90', 'line_attachment': 'suspension', 'material': 'concrete', 'power': 'pole'}",10,0,0,3,0.52,Milton Street,Bangalore
street_lamp,13.0015817,77.6231863,"{'highway': 'street_lamp', 'lamp_mount': 'bent_mast', 'lamp_type': 'led', 'light:colour': 'white', 'light:direction': '290', 'light:tilt': '-90', 'line_attachment': 'suspension', 'material': 'concrete', 'power': 'pole'}",10,0,0,3,0.52,,Bengaluru
street_lamp,13.0011719,77.6230529,"{'highway': 'street_lamp', 'lamp_mount': 'bent_mast', 'lamp_type': 'incandescent', 'light:colour': 'yellow', 'light:direction': '290', 'light:tilt': '-90', 'line_attachment': 'suspension', 'line_management': 'transition', 'material': 'concrete', 'power': 'pole'}",10,0,0,3,0.52,High Street Cross,Bangalore
street_lamp,13.0013364,77.6231088,"{'highway': 'street_lamp', 'lamp_mount': 'bent_mast', 'lamp_type': 'led', 'light:colour': 'white', 'light:direction': '290', 'light:tilt': '-90', 'line_attachment': 'suspension', 'material': 'concrete', 'power': 'pole'}",10,0,0,3,0.52,High Street Cross,Bangalore
street_lamp,13.0015604,77.6240163,"{'highway': 'street_lamp', 'lamp_mount': 'bent_mast', 'lamp_type': 'incandescent', 'light:colour': 'yellow', 'light:direction': '20', 'light:tilt': '-90', 'line_attachment': 'suspension', 'material': 'concrete', 'power': 'pole'}",10,0,0,3,0.52,Wheeler Road Extension,Bangalore
street_lamp,13.0016315,77.6237891,"{'highway': 'street_lamp', 'lamp_mount': 'bent_mast', 'lamp_type': 'incandescent', 'light:colour': 'yellow', 'light:direction': '20', 'light:tilt': '-90', 'line_attachment': 'suspension', 'line_management': 'branch', 'material': 'concrete', 'power': 'pole'}",10,0,0,2,0.58,Wheeler Road Extension,Bengaluru
street_lamp,13.0010664,77.6237013,"{'highway': 'street_lamp', 'lamp_mount': 'bent_mast', 'lamp_type': 'incandescent', 'light:colour': 'yellow', 'light:direction': '20', 'light:tilt': '-90', 'line_attachment': 'suspension', 'material': 'concrete', 'power': 'pole'}",10,0,0,3,0.52,Wheeler Road Extension,Bangalore
street_lamp,13.0010089,77.6238806,"{'highway': 'street_lamp', 'lamp_mount': 'bent_mast', 'lamp_type': 'incandescent', 'light:colour': 'yellow', 'light:direction': '20', 'light:tilt': '-90', 'line_attachment': 'suspension', 'material': 'concrete', 'power': 'pole'}",10,0,0,2,0.58,Wheeler Road Extension,Bangalore
street_lamp,13.0008396,77.6234685,"{'highway': 'street_lamp', 'lamp_mount': 'bent_mast', 'lamp_type': 'incandescent', 'light:colour': 'yellow', 'light:direction': '290', 'light:tilt': '-90', 'line_attachment': 'suspension', 'material': 'concrete', 'power': 'pole'}",10,0,0,3,0.52,Wheeler Road Extension,Bengaluru
street_lamp,13.0010898,77.6225605,"{'highway': 'street_lamp', 'lamp_mount': 'bent_mast', 'lamp_type': 'incandescent', 'light:colour': 'yellow', 'light:direction': '20', 'light:tilt': '-90', 'line_attachment': 'suspension', 'line_management': 'split', 'material': 'concrete', 'power': 'pole'}",10,0,0,4,0.46,Lloyd Road,Bangalore
street_lamp,13.0009862,77.6228566,"{'highway': 'street_lamp', 'lamp_mount': 'bent_mast', 'lamp_type': 'incandescent', 'light:colour': 'yellow', 'light:direction': '20', 'light:tilt': '-90', 'line_attachment': 'suspension', 'material': 'concrete', 'power': 'pole'}",10,0,0,2,0.58,Lloyd Road,Bangalore
street_lamp,13.000937,77.622995,"{'highway': 'street_lamp', 'lamp_mount': 'bent_mast', 'lamp_type': 'incandescent', 'light:colour': 'yellow', 'light:direction': '20', 'light:tilt': '-90', 'line_attachment': 'suspension', 'line_management': 'transition', 'material': 'concrete', 'power': 'pole'}",10,0,0,0,0.7,High Street,Bengaluru
street_lamp,13.0008015,77.6233616,"{'highway': 'street_lamp', 'lamp_mount': 'bent_mast', 'lamp_type': 'incandescent', 'light:colour': 'yellow', 'light:direction': '110', 'light:tilt': '-90', 'material': 'metal'}",10,0,0,2,0.58,Wheeler Road Extension,Bengaluru
street_lamp,13.0006606,77.6237127,"{'highway': 'street_lamp', 'lamp_mount': 'bent_mast', 'lamp_type': 'incandescent', 'light:colour': 'yellow', 'light:direction': '20', 'light:tilt': '-90', 'line_attachment': 'suspension', 'line_management': 'transition', 'material': 'concrete', 'power': 'pole'}",10,0,0,3,0.52,High Street,Bengaluru
street_lamp,13.0005721,77.6239683,"{'highway': 'street_lamp', 'lamp_mount': 'bent_mast', 'lamp_type': 'incandescent', 'light:colour': 'yellow', 'light:direction': '20', 'light:tilt': '-90', 'line_attachment': 'suspension', 'material': 'concrete', 'power': 'pole'}",10,0,0,3,0.52,,Bengaluru
street_lamp,13.0004868,77.6242121,"{'highway': 'street_lamp', 'lamp_mount': 'bent_mast', 'lamp_type': 'incandescent', 'light:colour': 'yellow', 'light:direction': '20', 'light:tilt': '-90', 'line_attachment': 'suspension', 'material': 'concrete', 'power': 'pole'}",10,0,0,1,0.64,High Street,bangalore
street_lamp,13.0004486,77.6243304,"{'highway': 'street_lamp', 'lamp_mount': 'bent_mast', 'lamp_type': 'incandescent', 'light:colour': 'yellow', 'light:direction': '20', 'light:tilt': '-90', 'line_attachment': 'suspension', 'material': 'concrete', 'power': 'pole'}",10,0,0,2,0.58,High Street,Bengaluru
street_lamp,13.0003204,77.62475,"{'highway': 'street_lamp', 'lamp_mount': 'bent_mast', 'lamp_type': 'incandescent', 'light:colour': 'yellow', 'light:direction': '20', 'light:tilt': '-90', 'line_attachment': 'suspension', 'material': 'concrete', 'power': 'pole'}",10,0,0,2,0.58,High Street,Bengaluru
street_lamp,13.0002351,77.6250199,"{'highway': 'street_lamp', 'lamp_mount': 'bent_mast', 'lamp_type': 'incandescent', 'light:colour': 'yellow', 'light:direction': '20', 'light:tilt': '-90', 'line_attachment': 'suspension', 'material': 'concrete', 'power': 'pole'}",10,0,0,4,0.46,High Street,Bangalore
street_lamp,13.0001351,77.6252827,"{'highway': 'street_lamp', 'lamp_mount': 'bent_mast', 'lamp_type': 'incandescent', 'light:colour': 'yellow', 'light:direction': '20', 'light:tilt': '-90', 'line_attachment': 'suspension', 'material': 'concrete', 'power': 'pole'}",10,0,0,3,0.52,High Street,Bangalore
street_lamp,13.0001023,77.6253756,"{'highway': 'street_lamp', 'lamp_mount': 'bent_mast', 'lamp_type': 'incandescent', 'light:colour': 'yellow', 'light:direction': '20', 'light:tilt': '-90', 'line_attachment': 'suspension', 'material': 'concrete', 'power': 'pole'}",10,0,0,4,0.46,High Street,Bangalore
street_lamp,13.0001155,77.6256226,"{'highway': 'street_lamp', 'lamp_mount': 'bent_mast', 'lamp_type': 'led', 'light:colour': 'white', 'light:direction': '140', 'light:tilt': '-90', 'line_attachment': 'suspension', 'line_management': 'branch', 'material': 'concrete', 'power': 'pole'}",10,0,0,4,0.46,Banaswadi Road,Bengaluru
street_lamp,13.0004865,77.6233345,"{'highway': 'street_lamp', 'lamp_mount': 'bent_mast', 'lamp_type': 'incandescent', 'light:colour': 'yellow', 'light:direction': '290', 'light:tilt': '-90', 'line_attachment': 'suspension', 'line_management': 'transition', 'material': 'metal', 'power': 'pole'}",10,0,0,4,0.46,Wheeler Road Extension,Bengaluru
street_lamp,13.0001197,77.6232254,"{'highway': 'street_lamp', 'lamp_mount': 'bent_mast', 'lamp_type': 'incandescent', 'light:colour': 'yellow', 'light:direction': '290', 'light:tilt': '-90', 'material': 'metal'}",10,0,0,0,0.7,Lewis Road,Bangalore
street_lamp,12.9998009,77.6231172,"{'highway': 'street_lamp', 'lamp_mount': 'bent_mast', 'lamp_type': 'incandescent', 'light:colour': 'yellow', 'light:direction': '290', 'light:tilt': '-90', 'material': 'metal'}",10,0,0,3,0.52,,Bengaluru
street_lamp,12.9993786,77.6229591,"{'highway': 'street_lamp', 'lamp_mount': 'bent_mast', 'lamp_type': 'incandescent', 'light:colour': 'yellow', 'light:direction': '290', 'light:tilt': '-90', 'material': 'metal'}",10,0,0,4,0.46,Wheeler Road Extension,Bangalore
street_lamp,12.9990404,77.6228348,"{'highway': 'street_lamp', 'lamp_mount': 'bent_mast', 'lamp_type': 'incandescent', 'light:colour': 'yellow', 'light:direction': '290', 'light:tilt': '-90', 'material': 'metal'}",10,0,0,1,0.64,,Bengaluru
street_lamp,12.9984164,77.6225448,"{'highway': 'street_lamp', 'lamp_mount': 'bent_mast', 'lamp_type': 'incandescent', 'light:colour': 'yellow', 'light:direction': '290', 'light:tilt': '-90', 'material': 'metal'}",10,0,0,1,0.64,Pottery Road,Bengaluru
street_lamp,12.9990069,77.622666,"{'highway': 'street_lamp', 'lamp_mount': 'bent_mast', 'lamp_type': 'incandescent', 'light:colour': 'yellow', 'light:direction': '110', 'light:tilt': '-90', 'line_attachment': 'suspension', 'material': 'concrete', 'power': 'pole'}",10,0,0,3,0.52,Wheeler Road Extension,Bangalore
street_lamp,12.9992436,77.6227565,"{'highway': 'street_lamp', 'lamp_mount': 'bent_mast', 'lamp_type': 'incandescent', 'light:colour': 'yellow', 'light:direction': '110', 'light:tilt': '-90', 'line_attachment': 'suspension', 'material': 'concrete', 'power': 'pole'}",10,0,0,2,0.58,Wheeler Road Extension,Bangalore
street_lamp,12.9995307,77.6228722,"{'highway': 'street_lamp', 'lamp_mount': 'bent_mast', 'lamp_type': 'incandescent', 'light:colour': 'yellow', 'light:direction': '110', 'light:tilt': '-90', 'line_attachment': 'suspension', 'material': 'concrete', 'power': 'pole'}",10,0,0,2,0.58,Wheeler Road Extension,Bangalore
street_lamp,12.9997025,77.6229431,"{'highway': 'street_lamp', 'lamp_mount': 'bent_mast', 'lamp_type': 'incandescent', 'light:colour': 'yellow', 'light:direction': '110', 'light:tilt': '-90', 'line_attachment': 'suspension', 'line_management': 'branch', 'material': 'concrete', 'power': 'pole'}",10,0,0,3,0.52,Wheeler Road Extension,Bangalore
street_lamp,12.9999812,77.6230571,"{'highway': 'street_lamp', 'lamp_mount': 'bent_mast', 'lamp_type': 'incandescent', 'light:colour': 'yellow', 'light:direction': '110', 'light:tilt': '-90', 'line_attachment': 'suspension', 'material': 'concrete', 'power': 'pole'}",10,0,0,1,0.64,Wheeler Road Extension,Bangalore
street_lamp,13.0021829,77.6228547,"{'highway': 'street_lamp', 'lamp_mount': 'bent_mast', 'lamp_type': 'incandescent', 'light:colour': 'yellow', 'light:direction': '280', 'light:tilt': '-90', 'line_attachment': 'suspension', 'line_management': 'transition', 'material': 'concrete', 'power': 'pole'}",10,0,0,2,0.58,Lloyd Road,Bangalore
street_lamp,13.0017202,77.6227392,"{'highway': 'street_lamp', 'lamp_mount': 'bent_mast', 'lamp_type': 'incandescent', 'light:colour': 'yellow', 'light:direction': '280', 'light:tilt': '-90', 'line_attachment': 'suspension', 'material': 'concrete', 'power': 'pole'}",10,0,0,4,0.46,Lloyd Road,Bangalore
street_lamp,13.0014825,77.6226746,"{'highway': 'street_lamp', 'lamp_mount': 'bent_mast', 'lamp_type': 'incandescent', 'light:colour': 'yellow', 'light:direction': '280', 'light:tilt': '-90', 'line_attachment': 'suspension', 'material': 'concrete', 'power': 'pole'}",10,0,0,0,0.7,Lloyd Road,Bangalore
street_lamp,13.0012546,77.6226082,"{'highway': 'street_lamp', 'lamp_mount': 'bent_mast', 'lamp_type': 'incandescent', 'light:colour': 'yellow', 'light:direction': '280', 'light:tilt': '-90', 'line_attachment': 'suspension', 'material': 'concrete', 'power': 'pole'}",10,0,0,1,0.64,Lloyd Road,Bangalore
street_lamp,13.0009958,77.6225333,"{'highway': 'street_lamp', 'lamp_mount': 'bent_mast', 'lamp_type': 'incandescent', 'light:colour': 'yellow', 'light:direction': '290', 'light:tilt': '-90', 'line_attachment': 'suspension', 'line_management': 'branch', 'material': 'concrete', 'power': 'pole'}",10,0,0,3,0.52,Lloyd Road,Bangalore
street_lamp,13.0005673,77.6223184,"{'highway': 'street_lamp', 'lamp_mount': 'bent_mast', 'lamp_type': 'incandescent', 'light:colour': 'yellow', 'light:direction': '120', 'light:tilt': '-90', 'line_attachment': 'suspension', 'material': 'concrete', 'power': 'pole'}",10,0,0,1,0.64,,Bengaluru
street_lamp,13.0004185,77.622266,"{'highway': 'street_lamp', 'lamp_mount': 'bent_mast', 'lamp_type': 'incandescent', 'light:colour': 'yellow', 'light:direction': '110', 'light:tilt': '-90', 'line_attachment': 'suspension', 'material': 'concrete', 'power': 'pole'}",10,0,0,1,0.64,Lewis Road,Bangalore
street_lamp,13.0001987,77.6221722,"{'highway': 'street_lamp', 'lamp_mount': 'bent_mast', 'lamp_type': 'incandescent', 'light:colour': 'yellow', 'light:direction': '110', 'light:tilt': '-90', 'line_attachment': 'suspension', 'material': 'concrete', 'power': 'pole'}",10,0,0,4,0.46,Lloyd Road,Bangalore
street_lamp,12.9999782,77.6221032,"{'highway': 'street_lamp', 'lamp_mount': 'bent_mast', 'lamp_type': 'incandescent', 'light:colour': 'yellow', 'light:direction': '110', 'light:tilt': '-90', 'line_attachment': 'suspension', 'material': 'concrete', 'power': 'pole'}",10,0,0,2,0.58,Lloyd Road,Bangalore
street_lamp,12.9998081,77.6220349,"{'highway': 'street_lamp', 'lamp_mount': 'bent_mast', 'lamp_type': 'incandescent', 'light:colour': 'yellow', 'light:direction': '110', 'light:tilt': '-90', 'line_attachment': 'suspension', 'material': 'concrete', 'power': 'pole'}",10,0,0,4,0.46,Lloyd Road,Bangalore
street_lamp,12.9996405,77.6219652,"{'highway': 'street_lamp', 'lamp_mount': 'bent_mast', 'lamp_type': 'incandescent', 'light:colour': 'yellow', 'light:direction': '110', 'light:tilt': '-90', 'line_attachment': 'suspension', 'material': 'concrete', 'power': 'pole'}",10,0,0,4,0.46,Lloyd Road,Bangalore
street_lamp,12.9993352,77.6218505,"{'highway': 'street_lamp', 'lamp_mount': 'bent_mast', 'lamp_type': 'incandescent', 'light:colour': 'yellow', 'light:direction': '110', 'light:tilt': '-90', 'line_attachment': 'suspension', 'material': 'concrete', 'power': 'pole'}",10,0,0,3,0.52,Lloyd Road,Bangalore
street_lamp,12.9990633,77.621733,"{'highway': 'street_lamp', 'lamp_mount': 'bent_mast', 'lamp_type': 'incandescent', 'light:colour': 'yellow', 'light:direction': '110', 'light:tilt': '-90', 'line_attachment': 'suspension', 'material': 'concrete', 'power': 'pole'}",10,0,0,1,0.64,Lloyd Road,Bengaluru
street_lamp,12.9992291,77.6243154,"{'highway': 'street_lamp', 'lamp_mount': 'bent_mast', 'lamp_type': 'incandescent', 'light:colour': 'yellow', 'light:direction': '20', 'light:tilt': '-90', 'line_attachment': 'suspension', 'material': 'concrete', 'power': 'pole'}",10,0,0,0,0.7,Banaswadi Road,Bengaluru
street_lamp,12.9992146,77.6243587,"{'guyed': 'yes', 'highway': 'street_lamp', 'lamp_mount': 'bent_mast', 'lamp_type': 'incandescent', 'light:colour': 'yellow', 'light:direction': '20', 'light:tilt': '-90', 'line_attachment': 'suspension', 'line_management': 'transition', 'material': 'concrete', 'power': 'pole'}",10,0,0,1,0.64,Banaswadi Road,Bengaluru
street_lamp,12.9992721,77.6241874,"{'highway': 'street_lamp', 'lamp_mount': 'bent_mast', 'lamp_type': 'incandescent', 'light:colour': 'yellow', 'light:direction': '20', 'light:tilt': '-90', 'line_attachment': 'suspension', 'material': 'concrete', 'power': 'pole'}",10,0,0,1,0.64,Banaswadi Road,Bengaluru
street_lamp,12.9993559,77.6239381,"{'highway': 'street_lamp', 'lamp_mount': 'bent_mast', 'lamp_type': 'incandescent', 'light:colour': 'yellow', 'light:direction': '20', 'light:tilt': '-90', 'line_attachment': 'suspension', 'material': 'concrete', 'power': 'pole'}",10,0,0,4,0.46,McPherson Road,Bangalore
street_lamp,12.9993999,77.6238072,"{'highway': 'street_lamp', 'lamp_mount': 'bent_mast', 'lamp_type': 'incandescent', 'light:colour': 'yellow', 'light:direction': '20', 'light:tilt': '-90', 'line_attachment': 'suspension', 'material': 'concrete', 'power': 'pole'}",10,0,0,3,0.52,McPherson Road,Bangalore
street_lamp,12.9995185,77.6234542,"{'highway': 'street_lamp', 'lamp_mount': 'bent_mast', 'lamp_type': 'incandescent', 'light:colour': 'yellow', 'light:direction': '20', 'light:tilt': '-90', 'line_attachment': 'suspension', 'material': 'concrete', 'power': 'pole'}",10,0,0,1,0.64,,Bengaluru
street_lamp,12.9995922,77.6232348,"{'highway': 'street_lamp', 'lamp_mount': 'bent_mast', 'lamp_type': 'incandescent', 'light:colour': 'yellow', 'light:direction': '20', 'light:tilt': '-90', 'line_attachment': 'suspension', 'line_management': 'transition', 'material': 'concrete', 'power': 'pole'}",10,0,0,3,0.52,McPherson Road,Bangalore
street_lamp,12.9998261,77.6225187,"{'highway': 'street_lamp', 'lamp_mount': 'bent_mast', 'lamp_type': 'incandescent', 'light:colour': 'yellow', 'light:direction': '20', 'light:tilt': '-90', 'line_attachment': 'suspension', 'material': 'concrete', 'power': 'pole'}",10,0,0,3,0.52,McPherson Road,Bangalore
street_lamp,12.9999215,77.6222545,"{'highway': 'street_lamp', 'lamp_mount': 'bent_mast', 'lamp_type': 'incandescent', 'light:colour': 'yellow', 'light:direction': '20', 'light:tilt': '-90', 'line_attachment': 'suspension', 'material': 'concrete', 'power': 'pole'}",10,0,0,1,0.64,Lloyd Road,Bangalore
street_lamp,12.9992278,77.6220937,"{'highway': 'street_lamp', 'lamp_mount': 'bent_mast', 'lamp_type': 'incandescent', 'light:colour': 'yellow', 'light:direction': '20', 'light:tilt': '-90', 'line_attachment': 'suspension', 'material': 'concrete', 'power': 'pole'}",10,0,0,0,0.7,Carleston Road,Bangalore
street_lamp,12.9991078,77.6224162,"{'highway': 'street_lamp', 'lamp_mount': 'bent_mast', 'lamp_type': 'incandescent', 'light:colour': 'yellow', 'light:direction': '20', 'light:tilt': '-90', 'line_attachment': 'suspension', 'material': 'concrete', 'power': 'pole'}",10,0,0,4,0.46,Carleston Road,Bangalore
street_lamp,12.9988977,77.6229568,"{'highway': 'street_lamp', 'lamp_mount': 'bent_mast', 'lamp_type': 'incandescent', 'light:colour': 'yellow', 'light:direction': '20', 'light:tilt': '-90', 'line_attachment': 'suspension', 'material': 'concrete', 'power': 'pole'}",10,0,0,3,0.52,,Bengaluru
street_lamp,12.9987935,77.6232345,"{'highway': 'street_lamp', 'lamp_mount': 'bent_mast', 'lamp_type': 'incandescent', 'light:colour': 'yellow', 'light:direction': '20', 'light:tilt': '-90', 'line_attachment': 'suspension', 'material': 'concrete', 'power': 'pole'}",10,0,0,3,0.52,Carleston Road,Bangalore
street_lamp,12.9987435,77.6233677,"{'highway': 'street_lamp', 'lamp_mount': 'bent_mast', 'lamp_type': 'incandescent', 'light:colour': 'yellow', 'light:direction': '20', 'light:tilt': '-90', 'line_attachment': 'suspension', 'material': 'concrete', 'power': 'pole'}",10,0,0,1,0.64,Carleston Road,Bangalore
street_lamp,12.9986272,77.6236772,"{'highway': 'street_lamp', 'lamp_mount': 'bent_mast', 'lamp_type': 'incandescent', 'light:colour': 'yellow', 'light:direction': '20', 'light:tilt': '-90', 'line_attachment': 'suspension', 'line_management': 'branch', 'material': 'concrete', 'power': 'pole'}",10,0,0,1,0.64,Carleston Road,Bangalore
street_lamp,12.9985779,77.6238086,"{'guyed': 'yes', 'highway': 'street_lamp', 'lamp_mount': 'bent_mast', 'lamp_type': 'incandescent', 'light:colour': 'yellow', 'light:direction': '135', 'light:tilt': '-90', 'line_attachment': 'suspension', 'line_management': 'transition', 'material': 'concrete', 'power': 'pole'}",10,0,0,3,0.52,,Bengaluru
street_lamp,12.9994239,77.6213434,"{'highway': 'street_lamp', 'lamp_mount': 'bent_mast', 'lamp_type': 'incandescent', 'light:colour': 'yellow', 'light:direction': '290', 'light:tilt': '-90', 'line_attachment': 'suspension', 'material': 'concrete', 'power': 'pole'}",10,0,0,3,0.52,Cline Road,Bangalore
street_lamp,13.0000164,77.6215588,"{'highway': 'street_lamp', 'lamp_mount': 'bent_mast', 'lamp_type': 'incandescent', 'light:colour': 'yellow', 'light:direction': '290', 'light:tilt': '-90', 'line_attachment': 'suspension', 'material': 'concrete', 'power': 'pole'}",10,0,0,3,0.52,Cline Road,Bangalore
street_lamp,13.0001314,77.6215995,"{'highway': 'street_lamp', 'lamp_mount': 'bent_mast', 'lamp_type': 'incandescent', 'light:colour': 'yellow', 'light:direction': '290', 'light:tilt': '-90', 'line_attachment': 'suspension', 'material': 'concrete', 'power': 'pole'}",10,0,0,2,0.58,Cline Road,Bangalore
street_lamp,13.0002589,77.6216467,"{'highway': 'street_lamp', 'lamp_mount': 'bent_mast', 'lamp_type': 'incandescent', 'light:colour': 'yellow', 'light:direction': '290', 'light:tilt': '-90', 'line_attachment': 'suspension', 'line_management': 'transition', 'material': 'concrete', 'power': 'pole'}",10,0,0,2,0.58,Cline Road,Bangalore
street_lamp,13.0004149,77.6217254,"{'highway': 'street_lamp', 'lamp_mount': 'bent_mast', 'lamp_type': 'incandescent', 'light:colour': 'yellow', 'light:direction': '290', 'light:tilt': '-90', 'line_attachment': 'suspension', 'line_management': 'transition', 'material': 'concrete', 'power': 'pole'}",10,0,0,4,0.46,Cline Road,Bangalore
street_lamp,13.0005485,77.6217706,"{'highway': 'street_lamp', 'lamp_mount': 'bent_mast', 'lamp_type': 'incandescent', 'light:colour': 'yellow', 'light:direction': '290', 'light:tilt': '-90', 'line_attachment': 'suspension', 'material': 'concrete', 'power': 'pole'}",10,0,0,0,0.7,Cline Road,Bangalore
street_lamp,13.0008105,77.621859,"{'highway': 'street_lamp', 'lamp_mount': 'bent_mast', 'lamp_type': 'incandescent', 'light:colour': 'yellow', 'light:direction': '290', 'light:tilt': '-90', 'line_attachment': 'suspension', 'material': 'concrete', 'power': 'pole'}",10,0,0,1,0.64,Cline Road,Bangalore
street_lamp,13.0010193,77.6219185,"{'highway': 'street_lamp', 'lamp_mount': 'bent_mast', 'lamp_type': 'incandescent', 'light:colour': 'yellow', 'light:direction': '290', 'light:tilt': '-90', 'line_attachment': 'suspension', 'material': 'concrete', 'power': 'pole'}",10,0,0,3,0.52,Cline Road,Bangalore
street_lamp,13.0012259,77.6220013,"{'highway': 'street_lamp', 'lamp_mount': 'bent_mast', 'lamp_type': 'incandescent', 'light:colour': 'yellow', 'light:direction': '290', 'light:tilt': '-90', 'line_attachment': 'suspension', 'material': 'concrete', 'power': 'pole'}",10,0,0,1,0.64,Cline Road,Bangalore
street_lamp,13.001408,77.6220772,"{'highway': 'street_lamp', 'lamp_mount': 'bent_mast', 'lamp_type': 'incandescent', 'light:colour': 'yellow', 'light:direction': '290', 'light:tilt': '-90', 'line_attachment': 'suspension', 'material': 'concrete', 'power': 'pole'}",10,0,0,0,0.7,Cline Road,Bangalore
street_lamp,13.0015474,77.6221086,"{'highway': 'street_lamp', 'lamp_mount': 'bent_mast', 'lamp_type': 'incandescent', 'light:colour': 'yellow', 'light:direction': '290', 'light:tilt': '-90', 'line_attachment': 'suspension', 'material': 'concrete', 'power': 'pole'}",10,0,0,4,0.46,Cline Road,Bangalore
street_lamp,13.00169,77.6221709,"{'highway': 'street_lamp', 'lamp_mount': 'bent_mast', 'lamp_type': 'incandescent', 'light:colour': 'yellow', 'light:direction': '290', 'light:tilt': '-90', 'line_attachment': 'suspension', 'material': 'concrete', 'power': 'pole'}",10,0,0,0,0.7,Cline Road,Bangalore
street_lamp,13.0018331,77.622232,"{'highway': 'street_lamp', 'lamp_mount': 'bent_mast', 'lamp_type': 'incandescent', 'light:colour': 'yellow', 'light:direction': '290', 'light:tilt': '-90', 'line_attachment': 'suspension', 'material': 'concrete', 'power': 'pole'}",10,0,0,1,0.64,Cline Road,Bangalore
street_lamp,13.0020308,77.6223187,"{'highway': 'street_lamp', 'lamp_mount': 'bent_mast', 'lamp_type': 'incandescent', 'light:colour': 'yellow', 'light:direction': '290', 'light:tilt': '-90', 'line_attachment': 'suspension', 'material': 'concrete', 'power': 'pole'}",10,0,0,2,0.58,Cline Road,Bangalore
street_lamp,13.0021703,77.6224037,"{'highway': 'street_lamp', 'lamp_mount': 'bent_mast', 'lamp_type': 'incandescent', 'light:colour': 'yellow', 'light:direction': '290', 'light:tilt': '-90', 'line_attachment': 'suspension', 'material': 'concrete', 'power': 'pole'}",10,0,0,2,0.58,Cline Road,Bangalore
street_lamp,13.0023121,77.6224776,"{'highway': 'street_lamp', 'lamp_mount': 'bent_mast', 'lamp_type': 'incandescent', 'light:colour': 'yellow', 'light:direction': '290', 'light:tilt': '-90', 'line_attachment': 'suspension', 'material': 'concrete', 'power': 'pole'}",10,0,0,2,0.58,Cline Road,Bangalore
street_lamp,13.0020832,77.6238545,"{'highway': 'street_lamp', 'lamp_mount': 'bent_mast', 'lamp_type': 'incandescent', 'light:colour': 'yellow', 'light:direction': '110', 'light:tilt': '-90', 'material': 'metal'}",10,0,0,2,0.58,Balaji Layout,Bangalore
street_lamp,13.0017805,77.6238636,"{'highway': 'street_lamp', 'lamp_mount': 'bent_mast', 'lamp_type': 'incandescent', 'light:colour': 'yellow', 'light:direction': '290', 'light:tilt': '-90', 'line_attachment': 'suspension', 'material': 'concrete', 'power': 'pole'}",10,0,0,4,0.46,Wheeler Road Extension,Bangalore
street_lamp,13.0021121,77.6239829,"{'highway': 'street_lamp', 'lamp_mount': 'bent_mast', 'lamp_type': 'incandescent', 'light:colour': 'yellow', 'light:direction': '290', 'light:tilt': '-90', 'line_attachment': 'suspension', 'line_management': 'branch', 'material': 'concrete', 'power': 'pole'}",10,0,0,0,0.7,Balaji Layout,Bangalore
street_lamp,13.0017982,77.6249329,"{'highway': 'street_lamp', 'lamp_mount': 'bent_mast', 'lamp_type': 'incandescent', 'light:colour': 'yellow', 'light:direction': '20', 'light:tilt': '-90', 'line_attachment': 'suspension', 'material': 'concrete', 'power': 'pole'}",10,0,0,3,0.52,DaCosta Layout 1st Cross,Bangalore
street_lamp,13.0017302,77.6250985,"{'highway': 'street_lamp', 'lamp_mount': 'bent_mast', 'lamp_type': 'incandescent', 'light:colour': 'yellow', 'light:direction': '20', 'light:tilt': '-90', 'line_attachment': 'suspension', 'material': 'concrete', 'power': 'pole'}",10,0,0,3,0.52,DaCosta Layout 1st Cross,Bangalore
street_lamp,13.0016739,77.6252363,"{'highway': 'street_lamp', 'lamp_mount': 'bent_mast', 'lamp_type': 'incandescent', 'light:colour': 'yellow', 'light:direction': '20', 'light:tilt': '-90', 'line_attachment': 'suspension', 'material': 'concrete', 'power': 'pole'}",10,0,0,3,0.52,DaCosta Layout 1st Cross,Bangalore
street_lamp,13.0014801,77.6257404,"{'highway': 'street_lamp', 'lamp_mount': 'bent_mast', 'lamp_type': 'incandescent', 'light:colour': 'yellow', 'light:direction': '20', 'light:tilt': '-90', 'line_attachment': 'suspension', 'material': 'concrete', 'power': 'pole'}",10,0,0,4,0.46,DaCosta Layout 1st Cross,Bangalore
street_lamp,13.0019873,77.6247861,"{'highway': 'street_lamp', 'lamp_mount': 'bent_mast', 'lamp_type': 'incandescent', 'light:colour': 'yellow', 'light:direction': '200', 'light:tilt': '-90', 'line_attachment': 'suspension', 'material': 'concrete', 'power': 'pole'}",10,0,0,2,0.58,,Bengaluru
street_lamp,13.0020342,77.6246671,"{'highway': 'street_lamp', 'lamp_mount': 'bent_mast', 'lamp_type': 'incandescent', 'light:colour': 'yellow', 'light:direction': '200', 'light:tilt': '-90', 'line_attachment': 'suspension', 'material': 'concrete', 'power': 'pole'}",10,0,0,2,0.58,,Bengaluru
street_lamp,13.0021455,77.6243456,"{'highway': 'street_lamp', 'lamp_mount': 'bent_mast', 'lamp_type': 'incandescent', 'light:colour': 'yellow', 'light:direction': '200', 'light:tilt': '-90', 'line_attachment': 'suspension', 'material': 'concrete', 'power': 'pole'}",10,0,0,4,0.46,DaCosta Layout 1st Cross,Bangalore
street_lamp,13.0029101,77.6206723,"{'highway': 'street_lamp', 'lamp_mount': 'bent_mast', 'lamp_type': 'led', 'light:colour': 'white', 'light:direction': '200', 'light:tilt': '-90', 'line_attachment': 'pin', 'line_management': 'transition', 'material': 'concrete', 'power': 'pole'}",10,0,0,0,0.7,Lazar Road,Bangalore
street_lamp,13.0029961,77.6204954,"{'highway': 'street_lamp', 'lamp_mount': 'bent_mast', 'lamp_type': 'led', 'light:colour': 'white', 'light:direction': '200', 'light:tilt': '-90', 'line_attachment': 'pin', 'material': 'concrete', 'power': 'pole'}",10,0,0,4,0.46,Davis Road,Bangalore
street_lamp,13.0031888,77.6201156,"{'highway': 'street_lamp', 'lamp_mount': 'bent_mast', 'lamp_type': 'led', 'light:colour': 'white', 'light:direction': '200', 'light:tilt': '-90', 'line_attachment': 'pin', 'material': 'concrete', 'power': 'pole'}",10,0,0,0,0.7,Davis Road,Bangalore
street_lamp,13.003296,77.6199164,"{'highway': 'street_lamp', 'lamp_mount': 'bent_mast', 'lamp_type': 'incandescent', 'light:colour': 'yellow', 'light:direction': '200', 'light:tilt': '-90', 'line_attachment': 'pin', 'material': 'concrete', 'power': 'pole'}",10,0,0,2,0.58,Ashoka Road,Bangalore
street_lamp,13.0047229,77.6186732,"{'highway': 'street_lamp', 'lamp_mount': 'bent_mast', 'lamp_type': 'led', 'light:colour': 'white', 'light:direction': '290', 'light:tilt': '-90', 'line_attachment': 'suspension', 'material': 'concrete', 'power': 'pole'}",10,0,0,1,0.64,Cookson Road,Bangalore
street_lamp,13.0042349,77.6180141,"{'highway': 'street_lamp', 'lamp_mount': 'bent_mast', 'lamp_type': 'incandescent', 'light:colour': 'yellow', 'light:direction': '200', 'light:tilt': '-90', 'line_attachment': 'pin', 'material': 'concrete', 'power': 'pole'}",10,0,0,1,0.64,Davis Road,Bangalore
street_lamp,13.0033845,77.6181355,"{'highway': 'street_lamp', 'lamp_mount': 'bent_mast', 'lamp_type': 'led', 'light:colour': 'white', 'light:direction': '290', 'light:tilt': '-90', 'line_attachment': 'pin', 'material': 'concrete', 'power': 'pole'}",10,0,0,2,0.58,Hall Road,Bangalore
street_lamp,13.0023866,77.6177168,"{'highway': 'street_lamp', 'lamp_mount': 'bent_mast', 'lamp_type': 'led', 'light:colour': 'white', 'light:direction': '290', 'light:tilt': '-90', 'line_attachment': 'pin', 'material': 'concrete', 'power': 'pole'}",10,0,0,2,0.58,Pottery Road,Bengaluru
street_lamp,13.0013948,77.6186015,"{'guyed': 'yes', 'highway': 'street_lamp', 'lamp_mount': 'bent_mast', 'lamp_type': 'led', 'light:colour': 'white', 'light:direction': '20', 'light:tilt': '-90', 'line_attachment': 'pin', 'material': 'concrete', 'power': 'pole'}",10,0,0,2,0.58,,Bengaluru
street_lamp,13.0013473,77.6186895,"{'guyed': 'yes', 'highway': 'street_lamp', 'lamp_mount': 'bent_mast', 'lamp_type': 'led', 'light:colour': 'white', 'light:direction': '20', 'light:tilt': '-90', 'line_attachment': 'pin', 'material': 'concrete', 'power': 'pole'}",10,0,0,1,0.64,,Bengaluru
street_lamp,13.0014621,77.618458,"{'guyed': 'yes', 'highway': 'street_lamp', 'lamp_mount': 'bent_mast', 'lamp_type': 'led', 'light:colour': 'white', 'light:direction': '20', 'light:tilt': '-90', 'line_attachment': 'pin', 'material': 'concrete', 'power': 'pole'}",10,0,0,0,0.7,Pottery Road,Bengaluru
street_lamp,13.0015834,77.6182198,"{'guyed': 'yes', 'highway': 'street_lamp', 'lamp_mount': 'bent_mast', 'lamp_type': 'led', 'light:colour': 'white', 'light:direction': '20', 'light:tilt': '-90', 'line_attachment': 'pin', 'material': 'concrete', 'power': 'pole'}",10,0,0,2,0.58,,Bengaluru
street_lamp,13.0016533,77.6180587,"{'guyed': 'yes', 'highway': 'street_lamp', 'lamp_mount': 'bent_mast', 'lamp_type': 'led', 'light:colour': 'white', 'light:direction': '20', 'light:tilt': '-90', 'line_attachment': 'pin', 'material': 'concrete', 'power': 'pole'}",10,0,0,0,0.7,,Bengaluru
street_lamp,13.0017271,77.6178827,"{'guyed': 'yes', 'highway': 'street_lamp', 'lamp_mount': 'bent_mast', 'lamp_type': 'led', 'light:colour': 'white', 'light:direction': '20', 'light:tilt': '-90', 'line_attachment': 'pin', 'material': 'concrete', 'power': 'pole'}",10,0,0,4,0.46,,Bengaluru
street_lamp,13.0017693,77.6177785,"{'guyed': 'yes', 'highway': 'street_lamp', 'lamp_mount': 'bent_mast', 'lamp_type': 'led', 'light:colour': 'white', 'light:direction': '20', 'light:tilt': '-90', 'line_attachment': 'pin', 'material': 'concrete', 'power': 'pole'}",10,0,0,1,0.64,,Bengaluru
street_lamp,13.001718,77.6181703,"{'guyed': 'yes', 'highway': 'street_lamp', 'lamp_mount': 'bent_mast', 'lamp_type': 'led', 'light:colour': 'white', 'light:direction': '200', 'light:tilt': '-90', 'line_attachment': 'pin', 'material': 'concrete', 'power': 'pole'}",10,0,0,4,0.46,,Bengaluru
street_lamp,13.0050046,77.6173112,"{'highway': 'street_lamp', 'lamp_mount': 'bent_mast', 'lamp_type': 'led', 'light:colour': 'white', 'light:direction': '200', 'light:tilt': '-90', 'line_attachment': 'suspension', 'material': 'concrete', 'power': 'pole'}",10,0,0,1,0.64,Clarke Road,Bengaluru
street_lamp,13.0026032,77.616495,"{'highway': 'street_lamp', 'lamp_mount': 'bent_mast', 'lamp_type': 'led', 'light:colour': 'white', 'light:direction': '290', 'light:tilt': '-90', 'line_attachment': 'suspension', 'material': 'concrete', 'power': 'pole'}",10,0,0,4,0.46,Pottery Road,Bangalore
street_lamp,13.0027797,77.616564,"{'highway': 'street_lamp', 'lamp_mount': 'bent_mast', 'lamp_type': 'led', 'light:colour': 'white', 'light:direction': '290', 'light:tilt': '-90', 'material': 'metal'}",10,0,0,0,0.7,Clarke Road,Bengaluru
street_lamp,13.0029935,77.6166576,"{'highway': 'street_lamp', 'lamp_mount': 'bent_mast', 'lamp_type': 'led', 'light:colour': 'white', 'light:direction': '290', 'light:tilt': '-90', 'material': 'metal'}",10,0,0,3,0.52,,Bengaluru
street_lamp,13.0052204,77.6177747,"{'highway': 'street_lamp', 'lamp_mount': 'bent_mast', 'lamp_type': 'incandescent', 'light:colour': 'yellow', 'light:direction': '20', 'light:tilt': '-90', 'line_attachment': 'suspension', 'material': 'concrete', 'power': 'pole'}",10,0,0,0,0.7,Clarke Road,Bangalore
street_lamp,13.0051656,77.6179148,"{'highway': 'street_lamp', 'lamp_mount': 'bent_mast', 'lamp_type': 'incandescent', 'light:colour': 'yellow', 'light:direction': '200', 'light:tilt': '-90', 'line_attachment': 'suspension', 'material': 'concrete', 'power': 'pole'}",10,0,0,1,0.64,Clarke Road,Bangalore
street_lamp,13.0050913,77.6181026,"{'highway': 'street_lamp', 'lamp_mount': 'bent_mast', 'lamp_type': 'incandescent', 'light:colour': 'yellow', 'light:direction': '200', 'light:tilt': '-90', 'line_attachment': 'suspension', 'material': 'concrete', 'power': 'pole'}",10,0,0,4,0.46,Cookson Road,Bangalore
street_lamp,13.0051995,77.6168118,"{'highway': 'street_lamp', 'lamp_mount': 'bent_mast', 'lamp_type': 'led', 'light:colour': 'white', 'light:direction': '200', 'light:tilt': '-90', 'line_attachment': 'suspension', 'material': 'concrete', 'power': 'pole'}",10,0,0,3,0.52,,Bengaluru
street_lamp,13.0054511,77.616171,"{'highway': 'street_lamp', 'lamp_mount': 'bent_mast', 'lamp_type': 'led', 'light:colour': 'white', 'light:direction': '200', 'light:tilt': '-90', 'line_attachment': 'suspension', 'material': 'concrete', 'power': 'pole'}",10,0,0,4,0.46,John Armstrong Road,Bengaluru
street_lamp,13.0055888,77.6162232,"{'highway': 'street_lamp', 'lamp_mount': 'bent_mast', 'lamp_type': 'led', 'light:colour': 'white', 'light:direction': '110', 'light:tilt': '-90', 'line_attachment': 'suspension', 'material': 'concrete', 'power': 'pole'}",10,0,0,1,0.64,,Bengaluru
street_lamp,13.0057674,77.6162909,"{'highway': 'street_lamp', 'lamp_mount': 'bent_mast', 'lamp_type': 'led', 'light:colour': 'white', 'light:direction': '110', 'light:tilt': '-90', 'line_attachment': 'suspension', 'material': 'concrete', 'power': 'pole'}",10,0,0,4,0.46,,Bengaluru
street_lamp,13.0045619,77.6166375,"{'highway': 'street_lamp', 'lamp_mount': 'bent_mast', 'lamp_type': 'led', 'light:colour': 'white', 'light:direction': '290', 'light:tilt': '-90', 'material': 'metal'}",10,0,0,4,0.46,Clarke Road,Bangalore
street_lamp,13.004333,77.6165463,"{'highway': 'street_lamp', 'lamp_mount': 'bent_mast', 'lamp_type': 'led', 'light:colour': 'white', 'light:direction': '290', 'light:tilt': '-90', 'material': 'metal'}",10,0,0,2,0.58,,Bengaluru
street_lamp,13.0040579,77.616438,"{'highway': 'street_lamp', 'lamp_mount': 'bent_mast', 'lamp_type': 'led', 'light:colour': 'white', 'light:direction': '290', 'light:tilt': '-90', 'material': 'metal'}",10,0,0,0,0.7,,Bengaluru
street_lamp,13.0039119,77.6164732,"{'highway': 'street_lamp', 'lamp_mount': 'bent_mast', 'lamp_type': 'led', 'light:colour': 'white', 'light:direction': '200', 'light:tilt': '-90', 'material': 'metal'}",10,0,0,2,0.58,Clarke Road,Bangalore
street_lamp,13.0037862,77.6167862,"{'highway': 'street_lamp', 'lamp_mount': 'bent_mast', 'lamp_type': 'led', 'light:colour': 'white', 'light:direction': '200', 'light:tilt': '-90', 'material': 'metal'}",10,0,0,0,0.7,,Bengaluru
street_lamp,13.0036236,77.6172283,"{'highway': 'street_lamp', 'lamp_mount': 'bent_mast', 'lamp_type': 'led', 'light:colour': 'white', 'light:direction': '200', 'light:tilt': '-90', 'material': 'metal'}",10,0,0,1,0.64,Clarke Road,Bangalore
street_lamp,13.003635,77.6173203,"{'highway': 'street_lamp', 'lamp_mount': 'bent_mast', 'lamp_type': 'led', 'light:colour': 'white', 'light:direction': '110', 'light:tilt': '-90', 'material': 'metal'}",10,0,0,1,0.64,Clarke Road,Bangalore
street_lamp,13.0038179,77.6173871,"{'highway': 'street_lamp', 'lamp_mount': 'bent_mast', 'lamp_type': 'led', 'light:colour': 'white', 'light:direction': '110', 'light:tilt': '-90', 'material': 'metal'}",10,0,0,0,0.7,,Bengaluru
street_lamp,13.0039814,77.6174475,"{'highway': 'street_lamp', 'lamp_mount': 'bent_mast', 'lamp_type': 'led', 'light:colour': 'white', 'light:direction': '110', 'light:tilt': '-90', 'material': 'metal'}",10,0,0,1,0.64,,Bengaluru
street_lamp,13.0042723,77.6175026,"{'highway': 'street_lamp', 'lamp_mount': 'bent_mast', 'lamp_type': 'led', 'light:colour': 'white', 'light:direction': '20', 'light:tilt': '-90', 'material': 'metal'}",10,0,0,1,0.64,,Bengaluru
street_lamp,13.0043497,77.6173239,"{'highway': 'street_lamp', 'lamp_mount': 'bent_mast', 'lamp_type': 'led', 'light:colour': 'white', 'light:direction': '20', 'light:tilt': '-90', 'material': 'metal'}",10,0,0,0,0.7,,Bengaluru
street_lamp,13.0044526,77.6170659,"{'highway': 'street_lamp', 'lamp_mount': 'bent_mast', 'lamp_type': 'led', 'light:colour': 'white', 'light:direction': '20', 'light:tilt': '-90', 'material': 'metal'}",10,0,0,2,0.58,,Bengaluru
street_lamp,13.004573,77.6167249,"{'highway': 'street_lamp', 'lamp_mount': 'bent_mast', 'lamp_type': 'led', 'light:colour': 'white', 'light:direction': '20', 'light:tilt': '-90', 'material': 'metal'}",10,0,0,0,0.7,Clarke Road,Bangalore
street_lamp,13.0038113,77.6163917,"{'highway': 'street_lamp', 'lamp_mount': 'bent_mast', 'lamp_type': 'led', 'light:colour': 'white', 'light:direction': '20', 'light:tilt': '-90', 'line_attachment': 'suspension', 'material': 'concrete', 'power': 'pole'}",10,0,0,3,0.52,Clarke Road,Bangalore
street_lamp,13.0036374,77.6168293,"{'highway': 'street_lamp', 'lamp_mount': 'bent_mast', 'lamp_type': 'led', 'light:colour': 'white', 'light:direction': '200', 'light:tilt': '-90', 'line_attachment': 'suspension', 'material': 'concrete', 'power': 'pole'}",10,0,0,2,0.58,,Bengaluru
street_lamp,13.0048433,77.6187177,"{'highway': 'street_lamp', 'lamp_mount': 'bent_mast', 'lamp_type': 'led', 'light:colour': 'white', 'light:direction': '290', 'light:tilt': '-90', 'line_attachment': 'suspension', 'material': 'concrete', 'power': 'pole'}",10,0,0,1,0.64,Cookson Road,Bengaluru
street_lamp,13.0049304,77.6187499,"{'highway': 'street_lamp', 'lamp_mount': 'bent_mast', 'lamp_type': 'led', 'light:colour': 'white', 'light:direction': '290', 'light:tilt': '-90', 'line_attachment': 'suspension', 'material': 'concrete', 'power': 'pole'}",10,0,0,2,0.58,Cookson Road,Bengaluru
street_lamp,13.0050994,77.6188123,"{'highway': 'street_lamp', 'lamp_mount': 'bent_mast', 'lamp_type': 'led', 'light:colour': 'white', 'light:direction': '290', 'light:tilt': '-90', 'line_attachment': 'suspension', 'material': 'concrete', 'power': 'pole'}",10,0,0,3,0.52,,Bengaluru
street_lamp,13.0051666,77.6188372,"{'highway': 'street_lamp', 'lamp_mount': 'bent_mast', 'lamp_type': 'led', 'light:colour': 'white', 'light:direction': '20', 'light:tilt': '-90', 'line_attachment': 'suspension', 'line_management': 'transition', 'material': 'concrete', 'power': 'pole'}",10,0,0,3,0.52,,Bengaluru
street_lamp,13.0021381,77.6257667,"{'highway': 'street_lamp', 'lamp_mount': 'bent_mast', 'lamp_type': 'led', 'light:colour': 'white', 'light:direction': '20', 'light:tilt': '-90', 'line_attachment': 'suspension', 'line_management': 'branch', 'material': 'concrete', 'power': 'pole'}",10,0,0,4,0.46,DaCosta Layout 1st Cross,Bangalore
street_lamp,13.0020862,77.6258919,"{'highway': 'street_lamp', 'lamp_mount': 'bent_mast', 'lamp_type': 'led', 'light:colour': 'white', 'light:direction': '20', 'light:tilt': '-90', 'line_attachment': 'suspension', 'material': 'concrete', 'power': 'pole'}",10,0,0,3,0.52,,Bengaluru
street_lamp,13.0020437,77.6260025,"{'highway': 'street_lamp', 'lamp_mount': 'bent_mast', 'lamp_type': 'led', 'light:colour': 'white', 'light:direction': '20', 'light:tilt': '-90', 'line_attachment': 'suspension', 'material': 'concrete', 'power': 'pole'}",10,0,0,2,0.58,,Bengaluru
street_lamp,13.0019581,77.6262253,"{'highway': 'street_lamp', 'lamp_mount': 'bent_mast', 'lamp_type': 'led', 'light:colour': 'white', 'light:direction': '20', 'light:tilt': '-90', 'line_attachment': 'suspension', 'material': 'concrete', 'power': 'pole'}",10,0,0,3,0.52,DaCosta Layout 2nd Cross,Bangalore
street_lamp,13.0018415,77.6265288,"{'highway': 'street_lamp', 'lamp_mount': 'bent_mast', 'lamp_type': 'led', 'light:colour': 'white', 'light:direction': '20', 'light:tilt': '-90', 'line_attachment': 'suspension', 'material': 'concrete', 'power': 'pole'}",10,0,0,4,0.46,DaCosta Layout 2nd Cross,Bangalore
street_lamp,13.001747,77.6267749,"{'highway': 'street_lamp', 'lamp_mount': 'bent_mast', 'lamp_type': 'led', 'light:colour': 'white', 'light:direction': '20', 'light:tilt': '-90', 'line_attachment': 'suspension', 'material': 'concrete', 'power': 'pole'}",10,0,0,4,0.46,DaCosta Layout 2nd Cross,Bangalore
street_lamp,13.0017032,77.6268891,"{'highway': 'street_lamp', 'lamp_mount': 'bent_mast', 'lamp_type': 'incandescent', 'light:colour': 'yellow', 'light:direction': '20', 'light:tilt': '-90', 'line_attachment': 'suspension', 'material': 'concrete', 'power': 'pole'}",10,0,0,0,0.7,DaCosta Layout 2nd Cross,Bangalore
street_lamp,13.0016306,77.6270781,"{'highway': 'street_lamp', 'lamp_mount': 'bent_mast', 'lamp_type': 'incandescent', 'light:colour': 'yellow', 'light:direction': '20', 'light:tilt': '-90', 'line_attachment': 'suspension', 'material': 'concrete', 'power': 'pole'}",10,0,0,2,0.58,DaCosta Layout 2nd Cross,Bangalore
street_lamp,13.0015811,77.627207,"{'highway': 'street_lamp', 'lamp_mount': 'bent_mast', 'lamp_type': 'incandescent', 'light:colour': 'yellow', 'light:direction': '20', 'light:tilt': '-90', 'line_attachment': 'suspension', 'material': 'concrete', 'power': 'pole'}",10,0,0,0,0.7,DaCosta Layout 2nd Cross,Bangalore
street_lamp,13.0010115,77.6269174,"{'highway': 'street_lamp', 'lamp_mount': 'bent_mast', 'lamp_type': 'incandescent', 'light:colour': 'yellow', 'light:direction': '20', 'light:tilt': '-90', 'line_attachment': 'pin', 'material': 'concrete', 'power': 'pole'}",10,0,0,2,0.58,DaCosta Layout 2nd Cross,Bangalore
street_lamp,13.0010454,77.6268323,"{'highway': 'street_lamp', 'lamp_mount': 'bent_mast', 'lamp_type': 'incandescent', 'light:colour': 'yellow', 'light:direction': '20', 'light:tilt': '-90', 'line_attachment': 'pin', 'material': 'concrete', 'power': 'pole'}",10,0,0,0,0.7,DaCosta Layout 1st Cross,Bangalore
street_lamp,13.0010802,77.6267449,"{'highway': 'street_lamp', 'lamp_mount': 'bent_mast', 'lamp_type': 'incandescent', 'light:colour': 'yellow', 'light:direction': '20', 'light:tilt': '-90', 'line_attachment': 'pin', 'material': 'concrete', 'power': 'pole'}",10,0,0,0,0.7,DaCosta Layout 1st Cross,Bangalore
street_lamp,13.0011548,77.6265573,"{'highway': 'street_lamp', 'lamp_mount': 'bent_mast', 'lamp_type': 'incandescent', 'light:colour': 'yellow', 'light:direction': '20', 'light:tilt': '-90', 'line_attachment': 'suspension', 'material': 'concrete', 'power': 'pole'}",10,0,0,1,0.64,DaCosta Layout 1st Cross,Bangalore
street_lamp,13.001227,77.6263761,"{'highway': 'street_lamp', 'lamp_mount': 'bent_mast', 'lamp_type': 'incandescent', 'light:colour': 'yellow', 'light:direction': '20', 'light:tilt': '-90', 'line_attachment': 'suspension', 'material': 'concrete', 'power': 'pole'}",10,0,0,4,0.46,DaCosta Layout 1st Cross,Bangalore
street_lamp,13.0012943,77.6262071,"{'highway': 'street_lamp', 'lamp_mount': 'bent_mast', 'lamp_type': 'incandescent', 'light:colour': 'yellow', 'light:direction': '20', 'light:tilt': '-90', 'line_attachment': 'suspension', 'material': 'concrete', 'power': 'pole'}",10,0,0,3,0.52,,Bengaluru
street_lamp,13.0013654,77.6260285,"{'highway': 'street_lamp', 'lamp_mount': 'bent_mast', 'lamp_type': 'incandescent', 'light:colour': 'yellow', 'light:direction': '20', 'light:tilt': '-90', 'line_attachment': 'suspension', 'material': 'concrete', 'power': 'pole'}",10,0,0,3,0.52,DaCosta Layout 1st Cross,Bangalore
street_lamp,13.0014282,77.6258707,"{'highway': 'street_lamp', 'lamp_mount': 'bent_mast', 'lamp_type': 'incandescent', 'light:colour': 'yellow', 'light:direction': '20', 'light:tilt': '-90', 'line_attachment': 'suspension', 'material': 'concrete', 'power': 'pole'}",10,0,0,0,0.7,DaCosta Layout 1st Cross,Bengaluru
street_lamp,13.0040844,77.6197809,"{'highway': 'street_lamp', 'lamp_mount': 'bent_mast', 'lamp_type': 'incandescent', 'light:colour': 'yellow', 'light:direction': '200', 'light:tilt': '-90', 'line_attachment': 'pin', 'material': 'concrete', 'power': 'pole'}",10,0,0,4,0.46,,Bengaluru
street_lamp,13.004035,77.6198809,"{'highway': 'street_lamp', 'lamp_mount': 'bent_mast', 'lamp_type': 'incandescent', 'light:colour': 'yellow', 'light:direction': '200', 'light:tilt': '-90', 'line_attachment': 'pin', 'material': 'concrete', 'power': 'pole'}",10,0,0,0,0.7,Davis Road,Bengaluru
street_lamp,13.003971,77.6200254,"{'highway': 'street_lamp', 'lamp_mount': 'bent_mast', 'lamp_type': 'incandescent', 'light:colour': 'yellow', 'light:direction': '200', 'light:tilt': '-90', 'line_attachment': 'pin', 'material': 'concrete', 'power': 'pole'}",10,0,0,0,0.7,Davis Road,Bangalore
street_lamp,13.0039194,77.6201319,"{'highway': 'street_lamp', 'lamp_mount': 'bent_mast', 'lamp_type': 'led', 'light:colour': 'white', 'light:direction': '120', 'light:tilt': '-90', 'line_attachment': 'pin', 'material': 'concrete', 'power': 'pole'}",10,0,0,4,0.46,Davis Road,Bangalore
street_lamp,13.0038004,77.6200776,"{'highway': 'street_lamp', 'lamp_mount': 'bent_mast', 'lamp_type': 'incandescent', 'light:colour': 'yellow', 'light:direction': '120', 'light:tilt': '-90', 'line_attachment': 'pin', 'material': 'concrete', 'power': 'pole'}",10,0,0,1,0.64,Davis Road,Bangalore
street_lamp,13.0036726,77.6200154,"{'highway': 'street_lamp', 'lamp_mount': 'bent_mast', 'lamp_type': 'led', 'light:colour': 'white', 'light:direction': '120', 'light:tilt': '-90', 'line_attachment': 'pin', 'material': 'concrete', 'power': 'pole'}",10,0,0,2,0.58,Davis Road,Bangalore
street_lamp,13.0035092,77.6199362,"{'highway': 'street_lamp', 'lamp_mount': 'bent_mast', 'lamp_type': 'led', 'light:colour': 'white', 'light:direction': '120', 'light:tilt': '-90', 'line_attachment': 'pin', 'material': 'concrete', 'power': 'pole'}",10,0,0,0,0.7,,Bengaluru
street_lamp,13.0034117,77.6198851,"{'highway': 'street_lamp', 'lamp_mount': 'bent_mast', 'lamp_type': 'led', 'light:colour': 'white', 'light:direction': '120', 'light:tilt': '-90', 'line_attachment': 'pin', 'line_management': 'branch', 'material': 'concrete', 'power': 'pole'}",10,0,0,1,0.64,,Bengaluru
street_lamp,13.0031858,77.6197591,"{'highway': 'street_lamp', 'lamp_mount': 'bent_mast', 'lamp_type': 'incandescent', 'light:colour': 'yellow', 'light:direction': '210', 'light:tilt': '-90', 'line_attachment': 'pin', 'material': 'concrete', 'power': 'pole'}",10,0,0,2,0.58,Lazar Road,Bengaluru
street_lamp,13.0032804,77.6198187,"{'highway': 'street_lamp', 'lamp_mount': 'bent_mast', 'lamp_type': 'led', 'light:colour': 'white', 'light:direction': '120', 'light:tilt': '-90', 'line_attachment': 'pin', 'material': 'concrete', 'power': 'pole'}",10,0,0,3,0.52,Ashoka Road,Bangalore
street_lamp,13.0038185,77.6203745,"{'highway': 'street_lamp', 'lamp_mount': 'bent_mast', 'lamp_type': 'led', 'light:colour': 'white', 'light:direction': '200', 'light:tilt': '-90', 'line_attachment': 'pin', 'material': 'concrete', 'power': 'pole'}",10,0,0,0,0.7,Davis Road,Bangalore
street_lamp,13.0036212,77.6205746,"{'highway': 'street_lamp', 'lamp_mount': 'bent_mast', 'lamp_type': 'incandescent', 'light:colour': 'yellow', 'light:direction': '20', 'light:tilt': '-90', 'material': 'metal'}",10,0,0,0,0.7,Davis Road,Bangalore
street_lamp,13.0033831,77.621016,"{'highway': 'street_lamp', 'lamp_mount': 'bent_mast', 'lamp_type': 'incandescent', 'light:colour': 'yellow', 'light:direction': '30', 'light:tilt': '-90', 'material': 'metal'}",10,0,0,1,0.64,Davis Road,Bengaluru
street_lamp,13.0032531,77.6212746,"{'highway': 'street_lamp', 'lamp_mount': 'bent_mast', 'lamp_type': 'incandescent', 'light:colour': 'yellow', 'light:direction': '30', 'light:tilt': '-90', 'material': 'metal'}",10,0,0,2,0.58,Davis Road,Bengaluru
street_lamp,13.0030543,77.6215989,"{'highway': 'street_lamp', 'lamp_mount': 'bent_mast', 'lamp_type': 'incandescent', 'light:colour': 'yellow', 'light:direction': '30', 'light:tilt': '-90', 'material': 'metal'}",10,0,0,3,0.52,Davis Road,Bangalore
street_lamp,13.0029971,77.6219345,"{'highway': 'street_lamp', 'lamp_mount': 'bent_mast', 'lamp_type': 'incandescent', 'light:colour': 'yellow', 'light:direction': '210', 'light:tilt': '-90', 'material': 'metal'}",10,0,0,0,0.7,,Bengaluru
street_lamp,13.002799,77.6220745,"{'highway': 'street_lamp', 'lamp_mount': 'bent_mast', 'lamp_type': 'incandescent', 'light:colour': 'yellow', 'light:direction': '30', 'light:tilt': '-90', 'line_attachment': 'suspension', 'line_management': 'branch', 'material': 'concrete', 'power': 'pole'}",10,0,0,3,0.52,Davis Road,Bangalore
street_lamp,13.0032822,77.621958,"{'highway': 'street_lamp', 'lamp_mount': 'bent_mast', 'lamp_type': 'incandescent', 'light:colour': 'yellow', 'light:direction': '120', 'light:tilt': '-90', 'line_attachment': 'pin', 'line_management': 'transition', 'material': 'concrete', 'power': 'pole'}",10,0,0,2,0.58,Davis Road,Bangalore
street_lamp,13.0028506,77.6222065,"{'highway': 'street_lamp', 'lamp_mount': 'bent_mast', 'lamp_type': 'incandescent', 'light:colour': 'yellow', 'light:direction': '240', 'light:tilt': '-90', 'material': 'metal'}",10,0,0,1,0.64,Davis Road,Bangalore
street_lamp,13.0026417,77.6225059,"{'highway': 'street_lamp', 'lamp_mount': 'bent_mast', 'lamp_type': 'incandescent', 'light:colour': 'yellow', 'light:direction': '210', 'light:tilt': '-90', 'material': 'metal'}",10,0,0,2,0.58,Davis Road,Bengaluru
street_lamp,13.0024936,77.6227835,"{'highway': 'street_lamp', 'lamp_mount': 'bent_mast', 'lamp_type': 'incandescent', 'light:colour': 'yellow', 'light:direction': '210', 'light:tilt': '-90', 'material': 'metal'}",10,0,0,4,0.46,Cline Road,Bangalore
street_lamp,13.0022097,77.6231044,"{'highway': 'street_lamp', 'lamp_mount': 'bent_mast', 'lamp_type': 'incandescent', 'light:colour': 'yellow', 'light:direction': '30', 'light:tilt': '-90', 'line_attachment': 'suspension', 'material': 'concrete', 'power': 'pole'}",10,0,0,0,0.7,Davis Road,Bangalore
street_lamp,13.0023298,77.6229063,"{'highway': 'street_lamp', 'lamp_mount': 'bent_mast', 'lamp_type': 'incandescent', 'light:colour': 'yellow', 'light:direction': '30', 'light:tilt': '-90', 'line_attachment': 'suspension', 'material': 'concrete', 'power': 'pole'}",10,0,0,1,0.64,Lloyd Road,Bangalore
street_lamp,13.0020389,77.6233699,"{'highway': 'street_lamp', 'lamp_mount': 'bent_mast', 'lamp_type': 'incandescent', 'light:colour': 'yellow', 'light:direction': '40', 'light:tilt': '-90', 'line_attachment': 'suspension', 'material': 'concrete', 'power': 'pole'}",10,0,0,3,0.52,Davis Road,Bengaluru
street_lamp,13.0019717,77.6235272,"{'highway': 'street_lamp', 'lamp_mount': 'bent_mast', 'lamp_type': 'incandescent', 'light:colour': 'yellow', 'light:direction': '220', 'light:tilt': '-90', 'line_attachment': 'suspension', 'material': 'concrete', 'power': 'pole'}",10,0,0,1,0.64,Davis Road,Bangalore
street_lamp,13.00404,77.6201997,"{'highway': 'street_lamp', 'lamp_mount': 'bent_mast', 'lamp_type': 'led', 'light:colour': 'white', 'light:direction': '120', 'light:tilt': '-90', 'line_attachment': 'pin', 'material': 'concrete', 'power': 'pole'}",10,0,0,2,0.58,Davis Road,Bangalore
street_lamp,13.004218,77.6202887,"{'highway': 'street_lamp', 'lamp_mount': 'bent_mast', 'lamp_type': 'led', 'light:colour': 'white', 'light:direction': '120', 'light:tilt': '-90', 'line_attachment': 'pin', 'material': 'concrete', 'power': 'pole'}",10,0,0,2,0.58,Ashoka Road,Bangalore
street_lamp,13.004306,77.6203294,"{'highway': 'street_lamp', 'lamp_mount': 'bent_mast', 'lamp_type': 'led', 'light:colour': 'white', 'light:direction': '120', 'light:tilt': '-90', 'line_attachment': 'pin', 'material': 'concrete', 'power': 'pole'}",10,0,0,2,0.58,Ashoka Road,Bangalore
street_lamp,13.0044325,77.6204011,"{'highway': 'street_lamp', 'lamp_mount': 'bent_mast', 'lamp_type': 'led', 'light:colour': 'white', 'light:direction': '120', 'light:tilt': '-90', 'line_attachment': 'pin', 'material': 'concrete', 'power': 'pole'}",10,0,0,0,0.7,,Bengaluru
street_lamp,13.0045463,77.6204618,"{'highway': 'street_lamp', 'lamp_mount': 'bent_mast', 'lamp_type': 'led', 'light:colour': 'white', 'light:direction': '120', 'light:tilt': '-90', 'line_attachment': 'pin', 'material': 'concrete', 'power': 'pole'}",10,0,0,4,0.46,,Bengaluru
street_lamp,13.0047462,77.6205743,"{'highway': 'street_lamp', 'lamp_mount': 'bent_mast', 'lamp_type': 'led', 'light:colour': 'white', 'light:direction': '120', 'light:tilt': '-90', 'line_attachment': 'pin', 'material': 'concrete', 'power': 'pole'}",10,0,0,1,0.64,Ashoka Road,Bangalore
street_lamp,13.0046327,77.6205159,"{'highway': 'street_lamp', 'lamp_mount': 'bent_mast', 'lamp_type': 'led', 'light:colour': 'white', 'light:direction': '120', 'light:tilt': '-90', 'line_attachment': 'pin', 'material': 'concrete', 'power': 'pole'}",10,0,0,1,0.64,,Bengaluru
street_lamp,13.0048528,77.620616,"{'highway': 'street_lamp', 'lamp_mount': 'bent_mast', 'lamp_type': 'led', 'light:colour': 'white', 'light:direction': '120', 'light:tilt': '-90', 'line_attachment': 'pin', 'material': 'concrete', 'power': 'pole'}",10,0,0,2,0.58,Ashoka Road,Bangalore
street_lamp,13.0049457,77.6206589,"{'highway': 'street_lamp', 'lamp_mount': 'bent_mast', 'lamp_type': 'led', 'light:colour': 'white', 'light:direction': '120', 'light:tilt': '-90', 'line_attachment': 'pin', 'material': 'concrete', 'power': 'pole'}",10,0,0,0,0.7,Ashoka Road,Bangalore
street_lamp,13.0050568,77.6207109,"{'highway': 'street_lamp', 'lamp_mount': 'bent_mast', 'lamp_type': 'led', 'light:colour': 'white', 'light:direction': '120', 'light:tilt': '-90', 'line_attachment': 'pin', 'material': 'concrete', 'power': 'pole'}",10,0,0,2,0.58,Ashoka Road,Bangalore
street_lamp,13.0051596,77.620759,"{'guyed': 'yes', 'highway': 'street_lamp', 'lamp_mount': 'bent_mast', 'lamp_type': 'led', 'light:colour': 'white', 'light:direction': '200', 'light:tilt': '-90', 'line_attachment': 'pin', 'material': 'concrete', 'power': 'pole'}",10,0,0,4,0.46,Ashoka Road,Bangalore
street_lamp,13.0051082,77.6209293,"{'highway': 'street_lamp', 'lamp_mount': 'bent_mast', 'lamp_type': 'led', 'light:colour': 'white', 'light:direction': '200', 'light:tilt': '-90', 'line_attachment': 'pin', 'material': 'concrete', 'power': 'pole'}",10,0,0,0,0.7,Ashoka Road,Bangalore
street_lamp,13.0050812,77.6210443,"{'highway': 'street_lamp', 'lamp_mount': 'bent_mast', 'lamp_type': 'led', 'light:colour': 'white', 'light:direction': '200', 'light:tilt': '-90', 'line_attachment': 'pin', 'material': 'concrete', 'power': 'pole'}",10,0,0,0,0.7,Ashoka Road,Bangalore
street_lamp,13.0050544,77.6211657,"{'highway': 'street_lamp', 'lamp_mount': 'bent_mast', 'lamp_type': 'led', 'light:colour': 'white', 'light:direction': '200', 'light:tilt': '-90', 'line_attachment': 'pin', 'material': 'concrete', 'power': 'pole'}",10,0,0,2,0.58,,Bengaluru
street_lamp,13.005028,77.6212709,"{'highway': 'street_lamp', 'lamp_mount': 'bent_mast', 'lamp_type': 'led', 'light:colour': 'white', 'light:direction': '195', 'light:tilt': '-90', 'line_attachment': 'pin', 'material': 'concrete', 'power': 'pole'}",10,0,0,1,0.64,,Bengaluru
street_lamp,13.0049725,77.6214796,"{'highway': 'street_lamp', 'lamp_mount': 'bent_mast', 'lamp_type': 'led', 'light:colour': 'white', 'light:direction': '195', 'light:tilt': '-90', 'line_attachment': 'pin', 'material': 'concrete', 'power': 'pole'}",10,0,0,4,0.46,Ashoka Road,Bangalore
street_lamp,13.00493,77.6216357,"{'highway': 'street_lamp', 'lamp_mount': 'bent_mast', 'lamp_type': 'led', 'light:colour': 'white', 'light:direction': '195', 'light:tilt': '-90', 'line_attachment': 'pin', 'material': 'concrete', 'power': 'pole'}",10,0,0,3,0.52,Ashoka Road,Bangalore
street_lamp,13.0048921,77.6218025,"{'highway': 'street_lamp', 'lamp_mount': 'bent_mast', 'lamp_type': 'led', 'light:colour': 'white', 'light:direction': '195', 'light:tilt': '-90', 'line_attachment': 'pin', 'material': 'concrete', 'power': 'pole'}",10,0,0,1,0.64,Ashoka Road,Bangalore
street_lamp,13.0048688,77.6219073,"{'highway': 'street_lamp', 'lamp_mount': 'bent_mast', 'lamp_type': 'led', 'light:colour': 'white', 'light:direction': '195', 'light:tilt': '-90', 'line_attachment': 'pin', 'material': 'concrete', 'power': 'pole'}",10,0,0,2,0.58,Ashoka Road,Bangalore
street_lamp,13.0048352,77.6220507,"{'highway': 'street_lamp', 'lamp_mount': 'bent_mast', 'lamp_type': 'led', 'light:colour': 'white', 'light:direction': '195', 'light:tilt': '-90', 'line_attachment': 'pin', 'material': 'concrete', 'power': 'pole'}",10,0,0,3,0.52,Ashoka Road,Bangalore
street_lamp,13.0047971,77.6222344,"{'highway': 'street_lamp', 'lamp_mount': 'bent_mast', 'lamp_type': 'led', 'light:colour': 'white', 'light:direction': '195', 'light:tilt': '-90', 'line_attachment': 'pin', 'material': 'concrete', 'power': 'pole'}",10,0,0,3,0.52,Ashoka Road,Bangalore
street_lamp,13.0047348,77.6224888,"{'highway': 'street_lamp', 'lamp_mount': 'bent_mast', 'lamp_type': 'led', 'light:colour': 'white', 'light:direction': '195', 'light:tilt': '-90', 'line_attachment': 'pin', 'material': 'concrete', 'power': 'pole'}",10,0,0,3,0.52,Ashoka Road,Bangalore
street_lamp,13.0046899,77.6226679,"{'highway': 'street_lamp', 'lamp_mount': 'bent_mast', 'lamp_type': 'led', 'light:colour': 'white', 'light:direction': '195', 'light:tilt': '-90', 'line_attachment': 'pin', 'material': 'concrete', 'power': 'pole'}",10,0,0,2,0.58,Ashoka Road,Bangalore
street_lamp,13.0046515,77.6228182,"{'highway': 'street_lamp', 'lamp_mount': 'bent_mast', 'lamp_type': 'led', 'light:colour': 'white', 'light:direction': '195', 'light:tilt': '-90', 'line_attachment': 'pin', 'material': 'concrete', 'power': 'pole'}",10,0,0,4,0.46,Ashoka Road,Bangalore
street_lamp,13.0046045,77.6230294,"{'highway': 'street_lamp', 'lamp_mount': 'bent_mast', 'lamp_type': 'incandescent', 'light:colour': 'yellow', 'light:direction': '195', 'light:tilt': '-90', 'line_attachment': 'pin', 'material': 'concrete', 'power': 'pole'}",10,0,0,2,0.58,Ashoka Road,Bangalore
street_lamp,13.0045752,77.6231487,"{'highway': 'street_lamp', 'lamp_mount': 'bent_mast', 'lamp_type': 'incandescent', 'light:colour': 'yellow', 'light:direction': '280', 'light:tilt': '-90', 'line_attachment': 'suspension', 'line_management': 'branch', 'material': 'concrete', 'power': 'pole'}",10,0,0,1,0.64,Hutchins Main Road,Bengaluru
street_lamp,12.9996637,77.6214306,"{'highway': 'street_lamp', 'lamp_mount': 'bent_mast', 'lamp_type': 'incandescent', 'light:colour': 'yellow', 'light:direction': '290', 'light:tilt': '-90', 'line_attachment': 'suspension', 'material': 'concrete', 'power': 'pole'}",10,0,0,4,0.46,Cline Road,Bengaluru
street_lamp,12.9998286,77.6214947,"{'highway': 'street_lamp', 'lamp_mount': 'bent_mast', 'lamp_type': 'incandescent', 'light:colour': 'yellow', 'light:direction': '290', 'light:tilt': '-90', 'line_attachment': 'suspension', 'material': 'concrete', 'power': 'pole'}",10,0,0,3,0.52,Cline Road,Bengaluru
street_lamp,13.0026451,77.6220032,"{'highway': 'street_lamp', 'lamp_mount': 'bent_mast', 'lamp_type': 'incandescent', 'light:colour': 'yellow', 'light:direction': '120', 'light:tilt': '-90', 'line_attachment': 'suspension', 'material': 'concrete', 'power': 'pole'}",10,0,0,4,0.46,Hutchins Main Road,Bengaluru
street_lamp,13.0024546,77.6219104,"{'highway': 'street_lamp', 'lamp_mount': 'bent_mast', 'lamp_type': 'incandescent', 'light:colour': 'yellow', 'light:direction': '120', 'light:tilt': '-90', 'line_attachment': 'suspension', 'material': 'concrete', 'power': 'pole'}",10,0,0,3,0.52,Hutchins Main Road,Bangalore
street_lamp,13.0022826,77.6218189,"{'highway': 'street_lamp', 'lamp_mount': 'bent_mast', 'lamp_type': 'incandescent', 'light:colour': 'yellow', 'light:direction': '120', 'light:tilt': '-90', 'line_attachment': 'suspension', 'material': 'concrete', 'power': 'pole'}",10,0,0,1,0.64,Hutchins Main Road,Bangalore
street_lamp,13.0021107,77.6217349,"{'highway': 'street_lamp', 'lamp_mount': 'bent_mast', 'lamp_type': 'incandescent', 'light:colour': 'yellow', 'light:direction': '120', 'light:tilt': '-90', 'line_attachment': 'suspension', 'material': 'concrete', 'power': 'pole'}",10,0,0,1,0.64,Hutchins Main Road,Bangalore
street_lamp,13.0019963,77.621684,"{'highway': 'street_lamp', 'lamp_mount': 'bent_mast', 'lamp_type': 'incandescent', 'light:colour': 'yellow', 'light:direction': '120', 'light:tilt': '-90', 'line_attachment': 'suspension', 'material': 'concrete', 'power': 'pole'}",10,0,0,2,0.58,Hutchins Main Road,Bangalore
street_lamp,13.0017569,77.6215736,"{'highway': 'street_lamp', 'lamp_mount': 'bent_mast', 'lamp_type': 'incandescent', 'light:colour': 'yellow', 'light:direction': '120', 'light:tilt': '-90', 'line_attachment': 'suspension', 'material': 'concrete', 'power': 'pole'}",10,0,0,4,0.46,Hutchins Main Road,Bangalore
street_lamp,13.0015797,77.6214925,"{'highway': 'street_lamp', 'lamp_mount': 'bent_mast', 'lamp_type': 'incandescent', 'light:colour': 'yellow', 'light:direction': '110', 'light:tilt': '-90', 'line_attachment': 'suspension', 'material': 'concrete', 'power': 'pole'}",10,0,0,0,0.7,Hutchins Main Road,Bangalore
street_lamp,13.0012064,77.6213616,"{'highway': 'street_lamp', 'lamp_mount': 'bent_mast', 'lamp_type': 'incandescent', 'light:colour': 'yellow', 'light:direction': '110', 'light:tilt': '-90', 'line_attachment': 'suspension', 'material': 'concrete', 'power': 'pole'}",10,0,0,1,0.64,Hutchins Main Road,Bangalore
street_lamp,13.0008523,77.6212358,"{'highway': 'street_lamp', 'lamp_mount': 'bent_mast', 'lamp_type': 'incandescent', 'light:colour': 'yellow', 'light:direction': '110', 'light:tilt': '-90', 'line_attachment': 'suspension', 'material': 'concrete', 'power': 'pole'}",10,0,0,4,0.46,Hutchins Main Road,Bangalore
street_lamp,13.0006987,77.6211843,"{'highway': 'street_lamp', 'lamp_mount': 'bent_mast', 'lamp_type': 'incandescent', 'light:colour': 'yellow', 'light:direction': '110', 'light:tilt': '-90', 'line_attachment': 'suspension', 'material': 'concrete', 'power': 'pole'}",10,0,0,1,0.64,Hutchins Main Road,Bangalore
street_lamp,13.0004851,77.6210922,"{'highway': 'street_lamp', 'lamp_mount': 'bent_mast', 'lamp_type': 'incandescent', 'light:colour': 'yellow', 'light:direction': '110', 'light:tilt': '-90', 'line_attachment': 'suspension', 'material': 'concrete', 'power': 'pole'}",10,0,0,0,0.7,Hutchins Main Road,Bangalore
street_lamp,13.0002936,77.6210185,"{'highway': 'street_lamp', 'lamp_mount': 'bent_mast', 'lamp_type': 'incandescent', 'light:colour': 'yellow', 'light:direction': '110', 'light:tilt': '-90', 'line_attachment': 'suspension', 'material': 'concrete', 'power': 'pole'}",10,0,0,2,0.58,Hutchins Main Road,Bangalore
street_lamp,13.0001019,77.6209419,"{'highway': 'street_lamp', 'lamp_mount': 'bent_mast', 'lamp_type': 'incandescent', 'light:colour': 'yellow', 'light:direction': '110', 'light:tilt': '-90', 'line_attachment': 'suspension', 'material': 'concrete', 'power': 'pole'}",10,0,0,2,0.58,Hutchins Main Road,Bangalore
street_lamp,12.9999183,77.62088,"{'highway': 'street_lamp', 'lamp_mount': 'bent_mast', 'lamp_type': 'incandescent', 'light:colour': 'yellow', 'light:direction': '110', 'light:tilt': '-90', 'line_attachment': 'suspension', 'material': 'concrete', 'power': 'pole'}",10,0,0,4,0.46,Pottery Road,Bangalore
street_lamp,12.9996635,77.6207795,"{'highway': 'street_lamp', 'lamp_mount': 'bent_mast', 'lamp_type': 'incandescent', 'light:colour': 'yellow', 'light:direction': '35', 'light:tilt': '-90', 'line_attachment': 'pin', 'material': 'concrete', 'power': 'pole'}",10,0,0,2,0.58,Pottery Road,Bangalore
street_lamp,12.999775,77.6208984,"{'highway': 'street_lamp', 'lamp_mount': 'bent_mast', 'lamp_type': 'incandescent', 'light:colour': 'yellow', 'light:direction': '295', 'light:tilt': '-90', 'line_attachment': 'suspension', 'line_management': 'termination', 'material': 'concrete', 'power': 'pole'}",10,0,0,0,0.7,Pottery Road,Bangalore
street_lamp,12.9987778,77.6239971,"{'highway': 'street_lamp', 'lamp_mount': 'bent_mast', 'lamp_type': 'incandescent', 'light:colour': 'yellow', 'light:direction': '135', 'light:tilt': '-90', 'line_attachment': 'suspension', 'line_management': 'transition', 'material': 'concrete', 'power': 'pole'}",10,0,0,0,0.7,Banaswadi Road,Bangalore
street_lamp,12.9988643,77.623796,"{'highway': 'street_lamp', 'lamp_mount': 'bent_mast', 'lamp_type': 'incandescent', 'light:colour': 'yellow', 'light:direction': '25', 'light:tilt': '-90', 'material': 'concrete'}",10,0,0,4,0.46,Banaswadi Road,Bangalore
street_lamp,12.9992786,77.6245937,"{'guyed': 'yes', 'highway': 'street_lamp', 'lamp_mount': 'bent_mast', 'lamp_type': 'led', 'light:colour': 'white', 'light:direction': '135', 'light:tilt': '-90', 'line_attachment': 'suspension', 'line_management': 'transition', 'material': 'concrete', 'power': 'pole'}",10,0,0,3,0.52,Banaswadi Road,Bengaluru
street_lamp,12.9994495,77.6247767,"{'guyed': 'yes', 'highway': 'street_lamp', 'lamp_mount': 'bent_mast', 'lamp_type': 'led', 'light:colour': 'white', 'light:direction': '135', 'light:tilt': '-90', 'line_attachment': 'suspension', 'line_management': 'transition', 'material': 'concrete', 'power': 'pole'}",10,0,0,1,0.64,Banaswadi Road,Bengaluru
street_lamp,12.9997893,77.6251137,"{'highway': 'street_lamp', 'lamp_mount': 'bent_mast', 'lamp_type': 'led', 'light:colour': 'white', 'light:direction': '130', 'light:tilt': '-90', 'line_attachment': 'suspension', 'material': 'concrete', 'power': 'pole'}",10,0,0,2,0.58,Banaswadi Road,Bengaluru
street_lamp,12.9998951,77.6252297,"{'highway': 'street_lamp', 'lamp_mount': 'bent_mast', 'lamp_type': 'led', 'light:colour': 'white', 'light:direction': '130', 'light:tilt': '-90', 'line_attachment': 'suspension', 'material': 'concrete', 'power': 'pole'}",10,0,0,2,0.58,Banaswadi Road,Bangalore
street_lamp,13.0000301,77.6253809,"{'highway': 'street_lamp', 'lamp_mount': 'bent_mast', 'lamp_type': 'led', 'light:colour': 'white', 'light:direction': '130', 'light:tilt': '-90', 'line_attachment': 'suspension', 'material': 'concrete', 'power': 'pole'}",10,0,0,4,0.46,High Street,Bangalore
street_lamp,13.0014191,77.6236896,"{'highway': 'street_lamp', 'lamp_mount': 'bent_mast', 'lamp_type': 'incandescent', 'light:colour': 'yellow', 'light:direction': '290', 'light:tilt': '-90', 'line_attachment': 'suspension', 'line_management': 'branch', 'material': 'concrete', 'power': 'pole'}",10,0,0,3,0.52,Wheeler Road Extension,Bengaluru
street_lamp,13.0002199,77.6258127,"{'highway': 'street_lamp', 'lamp_mount': 'bent_mast', 'lamp_type': 'led', 'light:colour': 'white', 'light:direction': '140', 'light:tilt': '-90', 'line_attachment': 'suspension', 'material': 'concrete', 'power': 'pole'}",10,0,0,2,0.58,Banaswadi Road,Bengaluru
street_lamp,13.0003561,77.626036,"{'highway': 'street_lamp', 'lamp_mount': 'bent_mast', 'lamp_type': 'led', 'light:colour': 'white', 'light:direction': '140', 'light:tilt': '-90', 'line_attachment': 'suspension', 'material': 'concrete', 'power': 'pole'}",10,0,0,4,0.46,Milton Street,Bengaluru
street_lamp,13.0004116,77.6261207,"{'highway': 'street_lamp', 'lamp_mount': 'bent_mast', 'lamp_type': 'led', 'light:colour': 'white', 'light:direction': '140', 'light:tilt': '-90', 'line_attachment': 'suspension', 'material': 'concrete', 'power': 'pole'}",10,0,0,2,0.58,Milton Street,Bengaluru
street_lamp,13.0006388,77.626429,"{'highway': 'street_lamp', 'lamp_mount': 'bent_mast', 'lamp_type': 'led', 'light:colour': 'white', 'light:direction': '150', 'light:tilt': '-90', 'line_attachment': 'pin', 'material': 'concrete', 'power': 'pole'}",10,0,0,2,0.58,Milton Street,Bangalore
street_lamp,13.0007519,77.6266283,"{'highway': 'street_lamp', 'lamp_mount': 'bent_mast', 'lamp_type': 'led', 'light:colour': 'white', 'light:direction': '150', 'light:tilt': '-90', 'line_attachment': 'pin', 'material': 'concrete', 'power': 'pole'}",10,0,0,1,0.64,DaCosta Layout 1st Cross,Bangalore
street_lamp,13.0009586,77.6269403,"{'highway': 'street_lamp', 'lamp_mount': 'bent_mast', 'lamp_type': 'led', 'light:colour': 'white', 'light:direction': '150', 'light:tilt': '-90', 'line_attachment': 'pin', 'material': 'concrete', 'power': 'pole'}",10,0,0,2,0.58,DaCosta Layout 1st Cross,Bangalore
street_lamp,13.0021654,77.623894,"{'highway': 'street_lamp', 'lamp_mount': 'bent_mast', 'lamp_type': 'incandescent', 'light:colour': 'yellow', 'light:direction': '20', 'light:tilt': '-90', 'line_attachment': 'suspension', 'material': 'concrete', 'power': 'pole'}",10,0,0,0,0.7,Balaji Layout,Bangalore
street_lamp,13.0046877,77.6207723,"{'highway': 'street_lamp', 'lamp_mount': 'bent_mast', 'lamp_type': 'led', 'light:colour': 'white', 'light:direction': '200', 'light:tilt': '-90', 'line_attachment': 'pin', 'material': 'concrete', 'power': 'pole'}",10,0,0,4,0.46,North Road,Bangalore
street_lamp,13.0046465,77.6209265,"{'highway': 'street_lamp', 'lamp_mount': 'bent_mast', 'lamp_type': 'led', 'light:colour': 'white', 'light:direction': '200', 'light:tilt': '-90', 'line_attachment': 'pin', 'material': 'concrete', 'power': 'pole'}",10,0,0,0,0.7,North Road,Bangalore
street_lamp,13.0045807,77.6211992,"{'highway': 'street_lamp', 'lamp_mount': 'bent_mast', 'lamp_type': 'led', 'light:colour': 'white', 'light:direction': '200', 'light:tilt': '-90', 'line_attachment': 'pin', 'line_management': 'branch', 'material': 'concrete', 'power': 'pole'}",10,0,0,3,0.52,North Road,Bangalore
street_lamp,13.0045695,77.621043,"{'highway': 'street_lamp', 'lamp_mount': 'bent_mast', 'lamp_type': 'led', 'light:colour': 'white', 'light:direction': '15', 'light:tilt': '-90', 'line_attachment': 'pin', 'line_management': 'transition', 'material': 'concrete', 'power': 'pole'}",10,0,0,4,0.46,North Road,Bangalore
street_lamp,13.0046146,77.6210581,"{'highway': 'street_lamp', 'lamp_mount': 'bent_mast', 'lamp_type': 'led', 'light:colour': 'white', 'light:direction': '200', 'light:tilt': '-90', 'line_attachment': 'pin', 'line_management': 'branch', 'material': 'concrete', 'power': 'pole'}",10,0,0,4,0.46,North Road,Bangalore
street_lamp,13.0045054,77.6214552,"{'highway': 'street_lamp', 'lamp_mount': 'bent_mast', 'lamp_type': 'led', 'light:colour': 'white', 'light:direction': '200', 'light:tilt': '-90', 'line_attachment': 'pin', 'material': 'concrete', 'power': 'pole'}",10,0,0,3,0.52,North Road,Bangalore
street_lamp,13.0044066,77.6217345,"{'highway': 'street_lamp', 'lamp_mount': 'bent_mast', 'lamp_type': 'led', 'light:colour': 'white', 'light:direction': '210', 'light:tilt': '-90', 'line_attachment': 'pin', 'material': 'concrete', 'power': 'pole'}",10,0,0,1,0.64,,Bengaluru
street_lamp,13.0043299,77.6218997,"{'highway': 'street_lamp', 'lamp_mount': 'bent_mast', 'lamp_type': 'led', 'light:colour': 'white', 'light:direction': '210', 'light:tilt': '-90', 'line_attachment': 'pin', 'material': 'concrete', 'power': 'pole'}",10,0,0,4,0.46,North Road,Bangalore
street_lamp,13.004216,77.6221488,"{'highway': 'street_lamp', 'lamp_mount': 'bent_mast', 'lamp_type': 'led', 'light:colour': 'white', 'light:direction': '210', 'light:tilt': '-90', 'line_attachment': 'pin', 'material': 'concrete', 'power': 'pole'}",10,0,0,1,0.64,North Road,Bengaluru
street_lamp,13.0041008,77.6223547,"{'highway': 'street_lamp', 'lamp_mount': 'bent_mast', 'lamp_type': 'led', 'light:colour': 'white', 'light:direction': '220', 'light:tilt': '-90', 'line_attachment': 'pin', 'material': 'concrete', 'power': 'pole'}",10,0,0,1,0.64,North Road,Bangalore
street_lamp,13.0038801,77.6225907,"{'highway': 'street_lamp', 'lamp_mount': 'bent_mast', 'lamp_type': 'led', 'light:colour': 'white', 'light:direction': '220', 'light:tilt': '-90', 'line_attachment': 'pin', 'material': 'concrete', 'power': 'pole'}",10,0,0,3,0.52,North Road,Bengaluru
street_lamp,13.0044777,77.6231126,"{'highway': 'street_lamp', 'lamp_mount': 'bent_mast', 'lamp_type': 'incandescent', 'light:colour': 'yellow', 'light:direction': '280', 'light:tilt': '-90', 'line_attachment': 'suspension', 'material': 'concrete', 'power': 'pole'}",10,0,0,1,0.64,Hutchins Main Road,Bengaluru
street_lamp,13.0043966,77.623081,"{'highway': 'street_lamp', 'lamp_mount': 'bent_mast', 'lamp_type': 'incandescent', 'light:colour': 'yellow', 'light:direction': '280', 'light:tilt': '-90', 'line_attachment': '(suspension)|(pin)', 'material': 'concrete', 'power': 'pole'}",10,0,0,3,0.52,Hutchins Main Road,Bengaluru
street_lamp,13.0042456,77.6230173,"{'highway': 'street_lamp', 'lamp_mount': 'bent_mast', 'lamp_type': 'incandescent', 'light:colour': 'yellow', 'light:direction': '290', 'light:tilt': '-90', 'line_attachment': '(suspension)|(pin)', 'material': 'concrete', 'power': 'pole'}",10,0,0,1,0.64,Hutchins Main Road,Bangalore
street_lamp,13.0040762,77.6229169,"{'highway': 'street_lamp', 'lamp_mount': 'bent_mast', 'lamp_type': 'incandescent', 'light:colour': 'yellow', 'light:direction': '300', 'light:tilt': '-90', 'line_attachment': '(suspension)|(pin)', 'material': 'concrete', 'power': 'pole'}",10,0,0,4,0.46,Hutchins Main Road,Bengaluru
street_lamp,13.0035707,77.6225761,"{'highway': 'street_lamp', 'lamp_mount': 'bent_mast', 'lamp_type': 'incandescent', 'light:colour': 'yellow', 'light:direction': '120', 'light:tilt': '-90', 'line_attachment': '(suspension)|(pin)', 'material': 'concrete', 'power': 'pole'}",10,0,0,2,0.58,Hutchins Main Road,Bengaluru
street_lamp,13.003473,77.6225158,"{'highway': 'street_lamp', 'lamp_mount': 'bent_mast', 'lamp_type': 'incandescent', 'light:colour': 'yellow', 'light:direction': '120', 'light:tilt': '-90', 'line_attachment': '(suspension)|(pin)', 'material': 'concrete', 'power': 'pole'}",10,0,0,4,0.46,Hutchins Main Road,Bangalore
street_lamp,13.0033562,77.6224447,"{'highway': 'street_lamp', 'lamp_mount': 'bent_mast', 'lamp_type': 'incandescent', 'light:colour': 'yellow', 'light:direction': '120', 'light:tilt': '-90', 'line_attachment': '(suspension)|(pin)', 'material': 'concrete', 'power': 'pole'}",10,0,0,0,0.7,,Bengaluru
street_lamp,13.0030915,77.6222818,"{'highway': 'street_lamp', 'lamp_mount': 'bent_mast', 'lamp_type': 'incandescent', 'light:colour': 'yellow', 'light:direction': '120', 'light:tilt': '-90', 'line_attachment': '(suspension)|(pin)', 'material': 'concrete', 'power': 'pole'}",10,0,0,1,0.64,Davis Road,Bangalore
street_lamp,13.002486,77.6241301,"{'highway': 'street_lamp', 'lamp_mount': 'bent_mast', 'lamp_type': 'incandescent', 'light:colour': 'yellow', 'light:direction': '290', 'light:tilt': '-90', 'line_attachment': 'suspension', 'material': 'concrete', 'power': 'pole'}",10,0,0,2,0.58,Wheeler Road Extension,Bengaluru
street_lamp,13.0027821,77.6242415,"{'highway': 'street_lamp', 'lamp_mount': 'bent_mast', 'lamp_type': 'incandescent', 'light:colour': 'yellow', 'light:direction': '290', 'light:tilt': '-90', 'line_attachment': 'suspension', 'line_management': 'branch', 'material': 'concrete', 'power': 'pole'}",10,0,0,4,0.46,North Road,Bengaluru
street_lamp,13.0028203,77.6241449,"{'highway': 'street_lamp', 'lamp_mount': 'bent_mast', 'lamp_type': 'incandescent', 'light:colour': 'yellow', 'light:direction': '25', 'light:tilt': '-90', 'line_attachment': 'suspension', 'material': 'concrete', 'power': 'pole'}",10,0,0,3,0.52,North Road,Bengaluru
street_lamp,13.0026884,77.62447,"{'highway': 'street_lamp', 'lamp_mount': 'bent_mast', 'lamp_type': 'led', 'light:colour': 'white', 'light:direction': '25', 'light:tilt': '-90', 'line_attachment': 'suspension', 'material': 'concrete', 'power': 'pole'}",10,0,0,4,0.46,DaCosta Layout 2nd Cross,Bangalore
street_lamp,13.0026272,77.6246139,"{'highway': 'street_lamp', 'lamp_mount': 'bent_mast', 'lamp_type': 'led', 'light:colour': 'white', 'light:direction': '25', 'light:tilt': '-90', 'line_attachment': 'suspension', 'material': 'concrete', 'power': 'pole'}",10,0,0,2,0.58,DaCosta Layout 2nd Cross,Bangalore
street_lamp,13.0025597,77.6247704,"{'highway': 'street_lamp', 'lamp_mount': 'bent_mast', 'lamp_type': 'led', 'light:colour': 'white', 'light:direction': '25', 'light:tilt': '-90', 'line_attachment': 'suspension', 'material': 'concrete', 'power': 'pole'}",10,0,0,0,0.7,DaCosta Layout 2nd Cross,Bangalore
street_lamp,13.0024748,77.6249739,"{'highway': 'street_lamp', 'lamp_mount': 'bent_mast', 'lamp_type': 'led', 'light:colour': 'white', 'light:direction': '25', 'light:tilt': '-90', 'line_attachment': 'suspension', 'material': 'concrete', 'power': 'pole'}",10,0,0,0,0.7,DaCosta Layout 2nd Cross,Bangalore
street_lamp,13.0024047,77.6251451,"{'highway': 'street_lamp', 'lamp_mount': 'bent_mast', 'lamp_type': 'led', 'light:colour': 'white', 'light:direction': '25', 'light:tilt': '-90', 'line_attachment': 'suspension', 'material': 'concrete', 'power': 'pole'}",10,0,0,1,0.64,DaCosta Layout 2nd Cross,Bangalore
street_lamp,13.0022535,77.6255106,"{'highway': 'street_lamp', 'lamp_mount': 'bent_mast', 'lamp_type': 'led', 'light:colour': 'white', 'light:direction': '25', 'light:tilt': '-90', 'line_attachment': 'suspension', 'line_management': 'branch', 'material': 'concrete', 'power': 'pole'}",10,0,0,4,0.46,,Bengaluru
street_lamp,13.0021876,77.6256749,"{'highway': 'street_lamp', 'lamp_mount': 'bent_mast', 'lamp_type': 'led', 'light:colour': 'white', 'light:direction': '25', 'light:tilt': '-90', 'line_attachment': 'suspension', 'line_management': 'branch', 'material': 'concrete', 'power': 'pole'}",10,0,0,3,0.52,,Bengaluru
street_lamp,13.0021013,77.6257389,"{'highway': 'street_lamp', 'lamp_mount': 'bent_mast', 'lamp_type': 'incandescent', 'light:colour': 'yellow', 'light:direction': '290', 'light:tilt': '-90', 'line_attachment': 'suspension', 'line_management': 'transition', 'material': 'concrete', 'power': 'pole'}",10,0,0,2,0.58,DaCosta Layout 1st Cross,Bangalore
street_lamp,13.001782,77.6255186,"{'highway': 'street_lamp', 'lamp_mount': 'bent_mast', 'lamp_type': 'incandescent', 'light:colour': 'yellow', 'light:direction': '110', 'light:tilt': '-90', 'line_attachment': 'suspension', 'line_management': 'transition', 'material': 'concrete', 'power': 'pole'}",10,0,0,0,0.7,DaCosta Layout 1st Cross,Bangalore
street_lamp,12.9982775,77.6224121,"{'highway': 'street_lamp', 'lamp_mount': 'bent_mast', 'lamp_type': 'incandescent', 'light:colour': 'yellow', 'light:direction': '40', 'light:tilt': '-90', 'line_attachment': 'suspension', 'line_management': 'transition', 'material': 'concrete', 'power': 'pole'}",10,0,0,2,0.58,Pottery Road,Bengaluru
street_lamp,12.9985675,77.6220631,"{'highway': 'street_lamp', 'lamp_mount': 'bent_mast', 'lamp_type': 'incandescent', 'light:colour': 'yellow', 'light:direction': '40', 'light:tilt': '-90', 'line_attachment': 'suspension', 'material': 'concrete', 'power': 'pole'}",10,0,0,0,0.7,Pottery Road,Bengaluru
street_lamp,12.9986679,77.6219423,"{'highway': 'street_lamp', 'lamp_mount': 'bent_mast', 'lamp_type': 'incandescent', 'light:colour': 'yellow', 'light:direction': '40', 'light:tilt': '-90', 'line_attachment': 'suspension', 'material': 'concrete', 'power': 'pole'}",10,0,0,3,0.52,Pottery Road,Bengaluru
street_lamp,12.9987692,77.6218204,"{'highway': 'street_lamp', 'lamp_mount': 'bent_mast', 'lamp_type': 'incandescent', 'light:colour': 'yellow', 'light:direction': '40', 'light:tilt': '-90', 'line_attachment': 'suspension', 'material': 'concrete', 'power': 'pole'}",10,0,0,4,0.46,Lloyd Road,Bangalore
street_lamp,12.998397,77.6222683,"{'highway': 'street_lamp', 'lamp_mount': 'bent_mast', 'lamp_type': 'incandescent', 'light:colour': 'yellow', 'light:direction': '40', 'light:tilt': '-90', 'line_attachment': 'suspension', 'material': 'concrete', 'power': 'pole'}",10,0,0,1,0.64,Pottery Road,Bengaluru
street_lamp,12.9989849,77.6215619,"{'highway': 'street_lamp', 'lamp_mount': 'bent_mast', 'lamp_type': 'incandescent', 'light:colour': 'yellow', 'light:direction': '40', 'light:tilt': '-90', 'line_attachment': 'suspension', 'material': 'concrete', 'power': 'pole'}",10,0,0,4,0.46,,Bengaluru
street_lamp,12.9991041,77.6214152,"{'highway': 'street_lamp', 'lamp_mount': 'bent_mast', 'lamp_type': 'incandescent', 'light:colour': 'yellow', 'light:direction': '40', 'light:tilt': '-90', 'line_attachment': 'pin', 'line_management': 'transition', 'material': 'concrete', 'power': 'pole'}",10,0,0,2,0.58,Pottery Road,Bangalore
street_lamp,13.0019388,77.6188521,"{'highway': 'street_lamp', 'lamp_mount': 'bent_mast', 'lamp_type': 'led', 'light:colour': 'white', 'light:direction': '120', 'light:tilt': '-90', 'material': 'concrete'}",10,0,0,4,0.46,Pottery Road,Bangalore
street_lamp,13.0022883,77.6190102,"{'highway': 'street_lamp', 'lamp_mount': 'bent_mast', 'lamp_type': 'led', 'light:colour': 'white', 'light:count': '2', 'light:direction': '30;120', 'light:tilt': '-90', 'material': 'concrete'}",10,0,0,0,0.7,Viviani Road,Bangalore
street_lamp,13.0028809,77.6192332,"{'highway': 'street_lamp', 'lamp_mount': 'bent_mast', 'lamp_type': 'led', 'light:colour': 'white', 'light:direction': '120', 'light:tilt': '-90', 'material': 'concrete'}",10,0,0,1,0.64,Hall Road,Bangalore
street_lamp,13.0025612,77.6191018,"{'guyed': 'yes', 'highway': 'street_lamp', 'lamp_mount': 'bent_mast', 'lamp_type': 'led', 'light:colour': 'white', 'light:direction': '110', 'light:tilt': '-90', 'line_attachment': 'suspension', 'material': 'concrete', 'power': 'pole'}",10,0,0,3,0.52,Viviani Road,Bangalore
street_lamp,13.0041377,77.6195785,"{'highway': 'street_lamp', 'lamp_mount': 'bent_mast', 'lamp_type': 'led', 'light:colour': 'white', 'light:direction': '120', 'light:tilt': '-90', 'line_attachment': 'suspension', 'line_management': 'branch', 'material': 'concrete', 'power': 'pole'}",10,0,0,2,0.58,Davis Road,Bengaluru
street_lamp,13.0042721,77.619631,"{'highway': 'street_lamp', 'lamp_mount': 'bent_mast', 'lamp_type': 'led', 'light:colour': 'white', 'light:direction': '120', 'light:tilt': '-90', 'line_attachment': 'suspension', 'material': 'concrete', 'power': 'pole'}",10,0,0,2,0.58,,Bengaluru
street_lamp,13.0044023,77.6196835,"{'highway': 'street_lamp', 'lamp_mount': 'bent_mast', 'lamp_type': 'led', 'light:colour': 'white', 'light:direction': '120', 'light:tilt': '-90', 'line_attachment': 'suspension', 'line_management': 'branch', 'material': 'concrete', 'power': 'pole'}",10,0,0,2,0.58,Hennur Main Road,Bangalore
street_lamp,13.0046348,77.6197755,"{'highway': 'street_lamp', 'lamp_mount': 'bent_mast', 'lamp_type': 'led', 'light:colour': 'white', 'light:direction': '120', 'light:tilt': '-90', 'line_attachment': 'suspension', 'line_management': 'branch', 'material': 'concrete', 'power': 'pole'}",10,0,0,3,0.52,Hennur Main Road,Bengaluru
street_lamp,13.0047185,77.6198081,"{'highway': 'street_lamp', 'lamp_mount': 'bent_mast', 'lamp_type': 'led', 'light:colour': 'white', 'light:direction': '200', 'light:tilt': '-90', 'line_attachment': 'suspension', 'line_management': 'branch', 'material': 'concrete', 'power': 'pole'}",10,0,0,3,0.52,Hennur Main Road,Bengaluru
street_lamp,13.0025872,77.621241,"{'highway': 'street_lamp', 'lamp_mount': 'bent_mast', 'lamp_type': 'incandescent', 'light:colour': 'yellow', 'light:direction': '290', 'light:tilt': '-90', 'line_attachment': 'pin', 'line_management': 'transition', 'material': 'concrete', 'power': 'pole'}",10,0,0,3,0.52,Lazar Road Cross,Bangalore
street_lamp,13.0024918,77.6212027,"{'highway': 'street_lamp', 'lamp_mount': 'bent_mast', 'lamp_type': 'incandescent', 'light:colour': 'yellow', 'light:direction': '290', 'light:tilt': '-90', 'line_attachment': 'pin', 'material': 'concrete', 'power': 'pole'}",10,0,0,1,0.64,Lazar Road Cross,Bangalore
street_lamp,13.0021822,77.6210397,"{'highway': 'street_lamp', 'lamp_mount': 'bent_mast', 'lamp_type': 'incandescent', 'light:colour': 'yellow', 'light:direction': '290', 'light:tilt': '-90', 'line_attachment': 'pin', 'material': 'concrete', 'power': 'pole'}",10,0,0,0,0.7,Lazar Road,Bengaluru
street_lamp,13.0019847,77.6209517,"{'highway': 'street_lamp', 'lamp_mount': 'bent_mast', 'lamp_type': 'incandescent', 'light:colour': 'yellow', 'light:direction': '290', 'light:tilt': '-90', 'line_attachment': 'pin', 'line_management': 'branch', 'material': 'concrete', 'power': 'pole'}",10,0,0,1,0.64,Lazar Road,Bengaluru
street_lamp,13.0019325,77.6209254,"{'highway': 'street_lamp', 'lamp_mount': 'bent_mast', 'lamp_type': 'incandescent', 'light:colour': 'yellow', 'light:direction': '290', 'light:tilt': '-90', 'line_attachment': 'pin', 'material': 'concrete', 'power': 'pole'}",10,0,0,0,0.7,Lazar Road,Bengaluru
street_lamp,13.0020496,77.6208046,"{'highway': 'street_lamp', 'lamp_mount': 'bent_mast', 'lamp_type': 'incandescent', 'light:colour': 'yellow', 'light:direction': '200', 'light:tilt': '-90', 'line_attachment': 'pin', 'material': 'concrete', 'power': 'pole'}",10,0,0,0,0.7,,Bengaluru
street_lamp,13.0021101,77.6206685,"{'highway': 'street_lamp', 'lamp_mount': 'bent_mast', 'lamp_type': 'incandescent', 'light:colour': 'yellow', 'light:direction': '290', 'light:tilt': '-90', 'line_attachment': 'pin', 'line_management': 'branch', 'material': 'concrete', 'power': 'pole'}",10,0,0,1,0.64,,Bengaluru
street_lamp,13.0023495,77.6207511,"{'highway': 'street_lamp', 'lamp_mount': 'bent_mast', 'lamp_type': 'incandescent', 'light:colour': 'yellow', 'light:direction': '245', 'light:tilt': '-90', 'line_attachment': 'pin', 'material': 'concrete', 'power': 'pole'}",10,0,0,3,0.52,,Bengaluru
street_lamp,13.002421,77.6207047,"{'highway': 'street_lamp', 'lamp_mount': 'bent_mast', 'lamp_type': 'incandescent', 'light:colour': 'yellow', 'light:direction': '200', 'light:tilt': '-90', 'line_attachment': 'pin', 'material': 'concrete', 'power': 'pole'}",10,0,0,4,0.46,Lazar Road,Bengaluru
street_lamp,13.0024581,77.6206327,"{'highway': 'street_lamp', 'lamp_mount': 'bent_mast', 'lamp_type': 'incandescent', 'light:colour': 'yellow', 'light:direction': '200', 'light:tilt': '-90', 'line_attachment': 'pin', 'material': 'concrete', 'power': 'pole'}",10,0,0,3,0.52,Lazar Road,Bengaluru
street_lamp,13.0025713,77.6204348,"{'highway': 'street_lamp', 'lamp_mount': 'bent_mast', 'lamp_type': 'incandescent', 'light:colour': 'yellow', 'light:direction': '210', 'light:tilt': '-90', 'line_attachment': 'pin', 'material': 'concrete', 'power': 'pole'}",10,0,0,0,0.7,Lazar Road,Bengaluru
street_lamp,13.0026934,77.620235,"{'highway': 'street_lamp', 'lamp_mount': 'bent_mast', 'lamp_type': 'incandescent', 'light:colour': 'yellow', 'light:direction': '210', 'light:tilt': '-90', 'line_attachment': 'pin', 'material': 'concrete', 'power': 'pole'}",10,0,0,0,0.7,Lazar Road,Bengaluru
street_lamp,13.0028739,77.619999,"{'highway': 'street_lamp', 'lamp_mount': 'bent_mast', 'lamp_type': 'incandescent', 'light:colour': 'yellow', 'light:direction': '210', 'light:tilt': '-90', 'line_attachment': 'pin', 'material': 'concrete', 'power': 'pole'}",10,0,0,3,0.52,Lazar Road,Bengaluru
street_lamp,13.0030496,77.6197837,"{'highway': 'street_lamp', 'lamp_mount': 'bent_mast', 'lamp_type': 'incandescent', 'light:colour': 'yellow', 'light:direction': '210', 'light:tilt': '-90', 'line_attachment': 'pin', 'material': 'concrete', 'power': 'pole'}",10,0,0,0,0.7,Lazar Road,Bengaluru
street_lamp,13.0037573,77.6216191,"{'highway': 'street_lamp', 'lamp_mount': 'bent_mast', 'lamp_type': 'incandescent', 'light:colour': 'yellow', 'light:direction': '290', 'light:tilt': '-90', 'line_attachment': 'pin', 'material': 'concrete', 'power': 'pole'}",10,0,0,2,0.58,Davis Road,Bengaluru
street_lamp,13.0038436,77.6216603,"{'highway': 'street_lamp', 'lamp_mount': 'bent_mast', 'lamp_type': 'incandescent', 'light:colour': 'yellow', 'light:direction': '290', 'light:tilt': '-90', 'line_attachment': 'pin', 'material': 'concrete', 'power': 'pole'}",10,0,0,4,0.46,North Road,Bengaluru
street_lamp,13.0039688,77.6217244,"{'highway': 'street_lamp', 'lamp_mount': 'bent_mast', 'lamp_type': 'incandescent', 'light:colour': 'yellow', 'light:direction': '290', 'light:tilt': '-90', 'line_attachment': 'pin', 'material': 'concrete', 'power': 'pole'}",10,0,0,0,0.7,North Road,Bengaluru
street_lamp,13.0024118,77.6232445,"{'guyed': 'yes', 'highway': 'street_lamp', 'lamp_mount': 'bent_mast', 'lamp_type': 'incandescent', 'light:colour': 'yellow', 'light:direction': '20', 'light:tilt': '-90', 'line_attachment': 'suspension', 'line_management': 'transition', 'material': 'concrete', 'power': 'pole'}",10,0,0,2,0.58,,Bengaluru
street_lamp,13.0022963,77.6235305,"{'highway': 'street_lamp', 'lamp_mount': 'bent_mast', 'lamp_type': 'incandescent', 'light:colour': 'yellow', 'light:direction': '20', 'light:tilt': '-90', 'line_attachment': 'suspension', 'line_management': 'branch', 'material': 'concrete', 'power': 'pole'}",10,0,0,2,0.58,Balaji Layout,Bangalore
street_lamp,13.0022431,77.6236768,"{'highway': 'street_lamp', 'lamp_mount': 'bent_mast', 'lamp_type': 'incandescent', 'light:colour': 'yellow', 'light:direction': '20', 'light:tilt': '-90', 'line_attachment': 'suspension', 'material': 'concrete', 'power': 'pole'}",10,0,0,4,0.46,Balaji Layout,Bangalore
street_lamp,13.002541,77.6236055,"{'highway': 'street_lamp', 'lamp_mount': 'bent_mast', 'lamp_type': 'incandescent', 'light:colour': 'yellow', 'light:direction': '110', 'light:tilt': '-90', 'line_attachment': 'suspension', 'material': 'concrete', 'power': 'pole'}",10,0,0,1,0.64,,Bengaluru
street_lamp,13.0028118,77.6234689,"{'highway': 'street_lamp', 'lamp_mount': 'bent_mast', 'lamp_type': 'incandescent', 'light:colour': 'yellow', 'light:direction': '200', 'light:tilt': '-90', 'line_attachment': 'suspension', 'material': 'concrete', 'power': 'pole'}",10,0,0,2,0.58,Balaji Layout,Bangalore
street_lamp,13.0027383,77.6236693,"{'highway': 'street_lamp', 'lamp_mount': 'bent_mast', 'lamp_type': 'incandescent', 'light:colour': 'yellow', 'light:direction': '200', 'light:tilt': '-90', 'line_attachment': 'suspension', 'material': 'concrete', 'power': 'pole'}",10,0,0,3,0.52,Balaji Layout,Bangalore
street_lamp,13.0024346,77.6240085,"{'highway': 'street_lamp', 'lamp_mount': 'bent_mast', 'lamp_type': 'incandescent', 'light:colour': 'yellow', 'light:direction': '110', 'light:tilt': '-90', 'material': 'metal'}",10,0,0,4,0.46,Wheeler Road Extension,Bangalore
street_lamp,13.0027316,77.6241391,"{'highway': 'street_lamp', 'lamp_mount': 'bent_mast', 'lamp_type': 'incandescent', 'light:colour': 'yellow', 'light:direction': '110', 'light:tilt': '-90', 'material': 'metal'}",10,0,0,0,0.7,North Road,Bengaluru
street_lamp,13.0028761,77.6240252,"{'highway': 'street_lamp', 'lamp_mount': 'bent_mast', 'lamp_type': 'incandescent', 'light:colour': 'yellow', 'light:direction': '25', 'light:tilt': '-90', 'line_attachment': 'suspension', 'material': 'concrete', 'power': 'pole'}",10,0,0,2,0.58,North Road,Bengaluru
street_lamp,13.0030583,77.623657,"{'highway': 'street_lamp', 'lamp_mount': 'bent_mast', 'lamp_type': 'incandescent', 'light:colour': 'yellow', 'light:direction': '25', 'light:tilt': '-90', 'line_attachment': 'pin', 'material': 'concrete', 'power': 'pole'}",10,0,0,0,0.7,North Road,Bangalore
street_lamp,13.0031749,77.6233984,"{'highway': 'street_lamp', 'lamp_mount': 'bent_mast', 'lamp_type': 'incandescent', 'light:colour': 'yellow', 'light:direction': '25', 'light:tilt': '-90', 'line_attachment': 'pin', 'material': 'concrete', 'power': 'pole'}",10,0,0,0,0.7,,Bengaluru
street_lamp,13.0029756,77.6238394,"{'highway': 'street_lamp', 'lamp_mount': 'bent_mast', 'lamp_type': 'incandescent', 'light:colour': 'yellow', 'light:direction': '25', 'light:tilt': '-90', 'line_attachment': 'pin', 'material': 'concrete', 'power': 'pole'}",10,0,0,1,0.64,North Road,Bangalore
street_lamp,13.0032507,77.6232884,"{'highway': 'street_lamp', 'lamp_mount': 'bent_mast', 'lamp_type': 'incandescent', 'light:colour': 'yellow', 'light:direction': '25', 'light:tilt': '-90', 'line_attachment': 'pin', 'material': 'concrete', 'power': 'pole'}",10,0,0,3,0.52,,Bengaluru
street_lamp,13.0033439,77.6233342,"{'highway': 'street_lamp', 'lamp_mount': 'bent_mast', 'lamp_type': 'incandescent', 'light:colour': 'yellow', 'light:direction': '205', 'light:tilt': '-90', 'line_attachment': 'pin', 'material': 'concrete', 'power': 'pole'}",10,0,0,1,0.64,DaCosta Square,Bangalore
street_lamp,13.0033677,77.6231514,"{'highway': 'street_lamp', 'lamp_mount': 'bent_mast', 'lamp_type': 'led', 'light:colour': 'white', 'light:direction': '290', 'light:tilt': '-90', 'line_attachment': 'pin', 'material': 'concrete', 'power': 'pole'}",10,0,0,1,0.64,North Road,Bengaluru
street_lamp,13.0035394,77.6230057,"{'highway': 'street_lamp', 'lamp_mount': 'bent_mast', 'lamp_type': 'led', 'light:colour': 'white', 'light:direction': '210', 'light:tilt': '-90', 'line_attachment': 'pin', 'material': 'concrete', 'power': 'pole'}",10,0,0,1,0.64,North Road,Bengaluru
street_lamp,13.0030255,77.6243372,"{'highway': 'street_lamp', 'lamp_mount': 'bent_mast', 'lamp_type': 'incandescent', 'light:colour': 'yellow', 'light:direction': '290', 'light:tilt': '-90', 'line_attachment': 'pin', 'material': 'concrete', 'power': 'pole'}",10,0,0,0,0.7,Wheeler Road Extension,Bangalore
street_lamp,13.003247,77.6244227,"{'guyed': 'yes', 'highway': 'street_lamp', 'lamp_mount': 'bent_mast', 'lamp_type': 'incandescent', 'light:colour': 'yellow', 'light:direction': '290', 'light:tilt': '-90', 'line_attachment': 'pin', 'line_management': 'branch', 'material': 'concrete', 'power': 'pole'}",10,0,0,4,0.46,DaCosta Square,Bangalore
street_lamp,13.0036524,77.6234132,"{'highway': 'street_lamp', 'lamp_mount': 'bent_mast', 'lamp_type': 'led', 'light:colour': 'white', 'light:direction': '110', 'light:tilt': '-90', 'line_attachment': 'pin', 'material': 'concrete', 'power': 'pole'}",10,0,0,2,0.58,DaCosta Square,Bangalore
street_lamp,13.0038642,77.6234501,"{'highway': 'street_lamp', 'lamp_mount': 'bent_mast', 'lamp_type': 'incandescent', 'light:colour': 'yellow', 'light:direction': '100', 'light:tilt': '-90', 'line_attachment': 'pin', 'material': 'concrete', 'power': 'pole'}",10,0,0,2,0.58,,Bengaluru
street_lamp,13.0040988,77.6234875,"{'highway': 'street_lamp', 'lamp_mount': 'bent_mast', 'lamp_type': 'led', 'light:colour': 'white', 'light:direction': '110', 'light:tilt': '-90', 'line_attachment': 'pin', 'material': 'concrete', 'power': 'pole'}",10,0,0,2,0.58,DaCosta Square,Bengaluru
street_lamp,13.0043185,77.6235057,"{'guyed': 'yes', 'highway': 'street_lamp', 'lamp_mount': 'bent_mast', 'lamp_type': 'led', 'light:colour': 'white', 'light:direction': '110', 'light:tilt': '-90', 'line_attachment': 'pin', 'line_management': 'transition', 'material': 'concrete', 'power': 'pole'}",10,0,0,1,0.64,DaCosta Square,Bangalore
street_lamp,13.0045479,77.6235202,"{'highway': 'street_lamp', 'lamp_mount': 'bent_mast', 'lamp_type': 'led', 'light:colour': 'white', 'light:direction': '110', 'light:tilt': '-90', 'line_attachment': 'pin', 'line_management': 'transition', 'material': 'concrete', 'power': 'pole'}",10,0,0,4,0.46,DaCosta Square,Bangalore
street_lamp,13.0032501,77.6233523,"{'highway': 'street_lamp', 'lamp_mount': 'bent_mast', 'lamp_type': 'led', 'light:colour': 'white', 'light:direction': '20', 'light:tilt': '-90', 'line_attachment': 'pin', 'material': 'concrete', 'power': 'pole'}",10,0,0,4,0.46,,Bengaluru
street_lamp,13.0040625,77.6246812,"{'highway': 'street_lamp', 'lamp_mount': 'bent_mast', 'lamp_type': 'incandescent', 'light:colour': 'yellow', 'light:direction': '20', 'light:tilt': '-90', 'line_attachment': 'pin', 'material': 'concrete', 'power': 'pole'}",10,0,0,0,0.7,,Bengaluru
street_lamp,13.004115,77.6247844,"{'highway': 'street_lamp', 'lamp_mount': 'bent_mast', 'lamp_type': 'incandescent', 'light:colour': 'yellow', 'light:direction': '290', 'light:tilt': '-90', 'line_attachment': 'pin', 'line_management': 'branch', 'material': 'concrete', 'power': 'pole'}",10,0,0,3,0.52,Wheeler Road Extension,Bangalore
street_lamp,13.0041463,77.6244649,"{'highway': 'street_lamp', 'lamp_mount': 'bent_mast', 'lamp_type': 'incandescent', 'light:colour': 'yellow', 'light:direction': '20', 'light:tilt': '-90', 'line_attachment': 'pin', 'material': 'concrete', 'power': 'pole'}",10,0,0,4,0.46,DaCosta Square,Bangalore
street_lamp,13.0042203,77.6242458,"{'highway': 'street_lamp', 'lamp_mount': 'bent_mast', 'lamp_type': 'incandescent', 'light:colour': 'yellow', 'light:direction': '20', 'light:tilt': '-90', 'line_attachment': 'pin', 'material': 'concrete', 'power': 'pole'}",10,0,0,1,0.64,DaCosta Square,Bangalore
street_lamp,13.0042578,77.6241114,"{'highway': 'street_lamp', 'lamp_mount': 'bent_mast', 'lamp_type': 'incandescent', 'light:colour': 'yellow', 'light:direction': '20', 'light:tilt': '-90', 'line_attachment': 'pin', 'material': 'concrete', 'power': 'pole'}",10,0,0,3,0.52,,Bengaluru
street_lamp,13.0036259,77.6235001,"{'highway': 'street_lamp', 'lamp_mount': 'bent_mast', 'lamp_type': 'led', 'light:colour': 'white', 'light:direction': '25', 'light:tilt': '-90', 'line_attachment': 'pin', 'material': 'concrete', 'power': 'pole'}",10,0,0,4,0.46,"1st Cross, Dacosta Square",Bengaluru
street_lamp,13.0035698,77.6236356,"{'highway': 'street_lamp', 'lamp_mount': 'bent_mast', 'lamp_type': 'incandescent', 'light:colour': 'yellow', 'light:direction': '25', 'light:tilt': '-90', 'line_attachment': 'pin', 'material': 'concrete', 'power': 'pole'}",10,0,0,4,0.46,DaCosta Square,Bangalore
street_lamp,13.0034833,77.6238456,"{'highway': 'street_lamp', 'lamp_mount': 'bent_mast', 'lamp_type': 'incandescent', 'light:colour': 'yellow', 'light:direction': '25', 'light:tilt': '-90', 'line_attachment': 'pin', 'material': 'concrete', 'power': 'pole'}",10,0,0,0,0.7,,Bengaluru
street_lamp,13.0033685,77.6241171,"{'highway': 'street_lamp', 'lamp_mount': 'bent_mast', 'lamp_type': 'incandescent', 'light:colour': 'yellow', 'light:direction': '25', 'light:tilt': '-90', 'line_attachment': 'pin', 'material': 'concrete', 'power': 'pole'}",10,0,0,2,0.58,DaCosta Square,Bangalore
street_lamp,13.0032987,77.6242851,"{'highway': 'street_lamp', 'lamp_mount': 'bent_mast', 'lamp_type': 'incandescent', 'light:colour': 'yellow', 'light:direction': '25', 'light:tilt': '-90', 'line_attachment': 'pin', 'material': 'concrete', 'power': 'pole'}",10,0,0,2,0.58,DaCosta Square,Bangalore
street_lamp,13.0033997,77.6244857,"{'highway': 'street_lamp', 'lamp_mount': 'bent_mast', 'lamp_type': 'incandescent', 'light:colour': 'yellow', 'light:direction': '290', 'light:tilt': '-90', 'line_attachment': 'pin', 'material': 'concrete', 'power': 'pole'}",10,0,0,2,0.58,"1st Cross, Dacosta Square",Bengaluru
street_lamp,13.0036454,77.6245812,"{'highway': 'street_lamp', 'lamp_mount': 'bent_mast', 'lamp_type': 'incandescent', 'light:colour': 'yellow', 'light:direction': '20', 'light:tilt': '-90', 'line_attachment': 'pin', 'line_management': 'branch', 'material': 'concrete', 'power': 'pole'}",10,0,0,1,0.64,DaCosta Square,Bangalore
street_lamp,13.0037607,77.6242668,"{'highway': 'street_lamp', 'lamp_mount': 'bent_mast', 'lamp_type': 'incandescent', 'light:colour': 'yellow', 'light:direction': '20', 'light:tilt': '-90', 'line_attachment': 'pin', 'material': 'concrete', 'power': 'pole'}",10,0,0,2,0.58,DaCosta Square,Bangalore
street_lamp,13.0038095,77.6241339,"{'highway': 'street_lamp', 'lamp_mount': 'bent_mast', 'lamp_type': 'incandescent', 'light:colour': 'yellow', 'light:direction': '20', 'light:tilt': '-90', 'line_attachment': 'pin', 'material': 'concrete', 'power': 'pole'}",10,0,0,2,0.58,"2nd Cross, Dacosta Square",Bengaluru
street_lamp,13.003906,77.6238707,"{'highway': 'street_lamp', 'lamp_mount': 'bent_mast', 'lamp_type': 'incandescent', 'light:colour': 'yellow', 'light:direction': '20', 'light:tilt': '-90', 'line_attachment': 'pin', 'material': 'concrete', 'power': 'pole'}",10,0,0,0,0.7,DaCosta Square,Bangalore
street_lamp,13.0039976,77.6236209,"{'guyed': 'yes', 'highway': 'street_lamp', 'lamp_mount': 'bent_mast', 'lamp_type': 'incandescent', 'light:colour': 'yellow', 'light:direction': '20', 'light:tilt': '-90', 'line_attachment': 'pin', 'line_management': 'transition', 'material': 'concrete', 'power': 'pole'}",10,0,0,2,0.58,,Bengaluru
street_lamp,13.0042666,77.624835,"{'guyed': 'pole', 'highway': 'street_lamp', 'lamp_mount': 'bent_mast', 'lamp_type': 'incandescent', 'light:colour': 'yellow', 'light:direction': '290', 'light:tilt': '-90', 'line_attachment': 'pin', 'material': 'concrete', 'power': 'pole'}",10,0,0,0,0.7,DaCosta Square,Bangalore
street_lamp,13.004195,77.6250766,"{'highway': 'street_lamp', 'lamp_mount': 'bent_mast', 'lamp_type': 'incandescent', 'light:colour': 'yellow', 'light:direction': '200', 'light:tilt': '-90', 'line_attachment': 'pin', 'material': 'concrete', 'power': 'pole'}",10,0,0,2,0.58,,Bengaluru
street_lamp,13.0041185,77.6253093,"{'highway': 'street_lamp', 'lamp_mount': 'bent_mast', 'lamp_type': 'incandescent', 'light:colour': 'yellow', 'light:direction': '200', 'light:tilt': '-90', 'line_attachment': 'pin', 'material': 'concrete', 'power': 'pole'}",10,0,0,2,0.58,DaCosta Square,Bangalore
street_lamp,13.0038907,77.6252181,"{'highway': 'street_lamp', 'lamp_mount': 'bent_mast', 'lamp_type': 'incandescent', 'light:colour': 'yellow', 'light:direction': '290', 'light:tilt': '-90', 'line_attachment': 'pin', 'material': 'concrete', 'power': 'pole'}",10,0,0,3,0.52,DaCosta Square,Bangalore
street_lamp,13.0037537,77.6251544,"{'highway': 'street_lamp', 'lamp_mount': 'bent_mast', 'lamp_type': 'incandescent', 'light:colour': 'yellow', 'light:direction': '290', 'light:tilt': '-90', 'line_attachment': 'pin', 'line_management': 'transition', 'material': 'concrete', 'power': 'pole'}",10,0,0,0,0.7,DaCosta Square,Bangalore
street_lamp,13.0034943,77.6249447,"{'highway': 'street_lamp', 'lamp_mount': 'bent_mast', 'lamp_type': 'incandescent', 'light:colour': 'yellow', 'light:direction': '20', 'light:tilt': '-90', 'line_attachment': 'pin', 'line_management': 'transition', 'material': 'concrete', 'power': 'pole'}",10,0,0,3,0.52,,Bengaluru
street_lamp,13.0035556,77.6247902,"{'highway': 'street_lamp', 'lamp_mount': 'bent_mast', 'lamp_type': 'fluorescent', 'light:colour': 'white', 'light:direction': '20', 'light:tilt': '-90', 'line_attachment': 'pin', 'material': 'concrete', 'power': 'pole'}",10,0,0,0,0.7,,Bengaluru
street_lamp,13.0032582,77.6249312,"{'highway': 'street_lamp', 'lamp_mount': 'bent_mast', 'lamp_type': 'incandescent', 'light:colour': 'yellow', 'light:direction': '290', 'light:tilt': '-90', 'line_attachment': 'pin', 'line_management': 'transition', 'material': 'concrete', 'power': 'pole'}",10,0,0,4,0.46,DaCosta Square,Bangalore
street_lamp,13.0030727,77.6248548,"{'highway': 'street_lamp', 'lamp_mount': 'bent_mast', 'lamp_type': 'incandescent', 'light:colour': 'yellow', 'light:direction': '290', 'light:tilt': '-90', 'line_attachment': 'pin', 'material': 'concrete', 'power': 'pole'}",10,0,0,1,0.64,DaCosta Square,Bangalore
street_lamp,13.003171,77.6246036,"{'highway': 'street_lamp', 'lamp_mount': 'bent_mast', 'lamp_type': 'incandescent', 'light:colour': 'yellow', 'light:direction': '20', 'light:tilt': '-90', 'line_attachment': 'pin', 'material': 'concrete', 'power': 'pole'}",10,0,0,4,0.46,,Bengaluru
street_lamp,13.0033253,77.6195076,"{'highway': 'street_lamp', 'lamp_mount': 'bent_mast', 'lamp_type': 'led', 'light:colour': 'white', 'light:direction': '50', 'light:tilt': '-90', 'material': 'concrete'}",10,0,0,3,0.52,,Bengaluru
street_lamp,13.0023995,77.6203627,"{'guyed': 'yes', 'highway': 'street_lamp', 'lamp_mount': 'bent_mast', 'lamp_type': 'led', 'light:colour': 'white', 'light:direction': '115', 'light:tilt': '-90', 'line_attachment': 'suspension', 'line_management': 'transition', 'material': 'concrete', 'power': 'pole'}",10,0,0,2,0.58,Lazar Road,Bangalore
street_lamp,13.0020856,77.6202725,"{'highway': 'street_lamp', 'lamp_mount': 'bent_mast', 'lamp_type': 'led', 'light:colour': 'white', 'light:direction': '295', 'light:tilt': '-90', 'line_attachment': 'suspension', 'material': 'concrete', 'power': 'pole'}",10,0,0,1,0.64,Lazar Road,Bangalore
street_lamp,13.0021583,77.6203206,"{'highway': 'street_lamp', 'lamp_mount': 'bent_mast', 'lamp_type': 'led', 'light:colour': 'white', 'light:direction': '295', 'light:tilt': '-90', 'line_attachment': 'suspension', 'material': 'concrete', 'power': 'pole'}",10,0,0,4,0.46,Lazar Road,Bangalore
street_lamp,13.0019499,77.6201836,"{'highway': 'street_lamp', 'lamp_mount': 'bent_mast', 'lamp_type': 'led', 'light:colour': 'white', 'light:direction': '295', 'light:tilt': '-90', 'line_attachment': 'suspension', 'material': 'concrete', 'power': 'pole'}",10,0,0,2,0.58,Lazar Road,Bangalore
street_lamp,13.0018495,77.6201414,"{'highway': 'street_lamp', 'lamp_mount': 'bent_mast', 'lamp_type': 'led', 'light:colour': 'white', 'light:direction': '295', 'light:tilt': '-90', 'line_attachment': 'suspension', 'material': 'concrete', 'power': 'pole'}",10,0,0,2,0.58,Lazar Road,Bangalore
street_lamp,13.0016924,77.6200692,"{'highway': 'street_lamp', 'lamp_mount': 'bent_mast', 'lamp_type': 'led', 'light:colour': 'white', 'light:direction': '295', 'light:tilt': '-90', 'line_attachment': 'suspension', 'material': 'concrete', 'power': 'pole'}",10,0,0,4,0.46,Lazar Road,Bangalore
street_lamp,13.0014869,77.6200798,"{'highway': 'street_lamp', 'lamp_mount': 'bent_mast', 'lamp_type': 'led', 'light:colour': 'white', 'light:direction': '205', 'light:tilt': '-90', 'line_attachment': 'suspension', 'material': 'concrete', 'power': 'pole'}",10,0,0,3,0.52,1st Main Road,Bengaluru
street_lamp,13.0014266,77.6202165,"{'guyed': 'yes', 'highway': 'street_lamp', 'lamp_mount': 'bent_mast', 'lamp_type': 'led', 'light:colour': 'white', 'light:direction': '205', 'light:tilt': '-90', 'line_attachment': 'suspension', 'line_management': 'transition', 'material': 'concrete', 'power': 'pole'}",10,0,0,2,0.58,1st Main Road,Bengaluru
street_lamp,13.0015906,77.6198589,"{'highway': 'street_lamp', 'lamp_mount': 'bent_mast', 'lamp_type': 'led', 'light:colour': 'white', 'light:direction': '205', 'light:tilt': '-90', 'line_attachment': 'suspension', 'line_management': 'branch', 'material': 'concrete', 'power': 'pole'}",10,0,0,2,0.58,,Bengaluru
street_lamp,13.0016352,77.619762,"{'highway': 'street_lamp', 'lamp_mount': 'bent_mast', 'lamp_type': 'led', 'light:colour': 'white', 'light:direction': '205', 'light:tilt': '-90', 'line_attachment': 'suspension', 'material': 'concrete', 'power': 'pole'}",10,0,0,2,0.58,,Bengaluru
street_lamp,13.0016995,77.6196192,"{'guyed': 'yes', 'highway': 'street_lamp', 'lamp_mount': 'bent_mast', 'lamp_type': 'led', 'light:colour': 'white', 'light:direction': '205', 'light:tilt': '-90', 'line_attachment': 'suspension', 'line_management': 'transition', 'material': 'concrete', 'power': 'pole'}",10,0,0,3,0.52,Lazar Road,Bangalore
street_lamp,13.0018616,77.6193935,"{'guyed': 'yes', 'highway': 'street_lamp', 'lamp_mount': 'bent_mast', 'lamp_type': 'led', 'light:colour': 'white', 'light:direction': '280', 'light:tilt': '-90', 'line_attachment': 'suspension', 'material': 'concrete', 'power': 'pole'}",10,0,0,0,0.7,,Bengaluru
street_lamp,13.0019846,77.6194305,"{'guyed': 'yes', 'highway': 'street_lamp', 'lamp_mount': 'bent_mast', 'lamp_type': 'led', 'light:colour': 'white', 'light:direction': '280', 'light:tilt': '-90', 'line_attachment': 'suspension', 'material': 'concrete', 'power': 'pole'}",10,0,0,2,0.58,Lazar Road,Bangalore
street_lamp,13.0019986,77.6198741,"{'highway': 'street_lamp', 'lamp_mount': 'bent_mast', 'lamp_type': 'led', 'light:colour': 'white', 'light:direction': '205', 'light:tilt': '-90', 'line_attachment': 'suspension', 'line_management': 'transition', 'material': 'concrete', 'power': 'pole'}",10,0,0,4,0.46,,Bengaluru
street_lamp,13.0020892,77.6196824,"{'highway': 'street_lamp', 'lamp_mount': 'bent_mast', 'lamp_type': 'led', 'light:colour': 'white', 'light:direction': '205', 'light:tilt': '-90', 'line_attachment': 'suspension', 'line_management': 'transition', 'material': 'concrete', 'power': 'pole'}",10,0,0,2,0.58,2nd Cross,Bengaluru
street_lamp,13.0021795,77.6194876,"{'guyed': 'yes', 'highway': 'street_lamp', 'lamp_mount': 'bent_mast', 'lamp_type': 'led', 'light:colour': 'white', 'light:direction': '290', 'light:tilt': '-90', 'line_attachment': 'suspension', 'line_management': 'branch', 'material': 'concrete', 'power': 'pole'}",10,0,0,2,0.58,Lazar Road,Bangalore
street_lamp,13.002394,77.6197909,"{'highway': 'street_lamp', 'lamp_mount': 'bent_mast', 'lamp_type': 'led', 'light:colour': 'white', 'light:direction': '25', 'light:tilt': '-90', 'line_attachment': 'suspension', 'material': 'concrete', 'power': 'pole'}",10,0,0,3,0.52,Lazar Road,Bangalore
street_lamp,13.0024744,77.619608,"{'highway': 'street_lamp', 'lamp_mount': 'bent_mast', 'lamp_type': 'led', 'light:colour': 'white', 'light:direction': '290', 'light:tilt': '-90', 'line_attachment': 'suspension', 'line_management': 'branch', 'material': 'concrete', 'power': 'pole'}",10,0,0,2,0.58,Lazar Road,Bangalore
street_lamp,13.0023111,77.6199466,"{'highway': 'street_lamp', 'lamp_mount': 'bent_mast', 'lamp_type': 'led', 'light:colour': 'white', 'light:direction': '25', 'light:tilt': '-90', 'line_attachment': 'suspension', 'material': 'concrete', 'power': 'pole'}",10,0,0,4,0.46,,Bengaluru
street_lamp,13.0022291,77.6201175,"{'highway': 'street_lamp', 'lamp_mount': 'bent_mast', 'lamp_type': 'led', 'light:colour': 'white', 'light:direction': '25', 'light:tilt': '-90', 'line_attachment': 'suspension', 'material': 'concrete', 'power': 'pole'}",10,0,0,2,0.58,Lazar Road,Bangalore
street_lamp,13.0023818,77.6195702,"{'highway': 'street_lamp', 'lamp_mount': 'bent_mast', 'lamp_type': 'led', 'light:colour': 'white', 'light:direction': '290', 'light:tilt': '-90', 'line_attachment': 'suspension', 'line_management': 'branch', 'material': 'concrete', 'power': 'pole'}",10,0,0,2,0.58,Lazar Road,Bangalore
street_lamp,13.0027576,77.6197129,"{'highway': 'street_lamp', 'lamp_mount': 'bent_mast', 'lamp_type': 'led', 'light:colour': 'white', 'light:direction': '290', 'light:tilt': '-90', 'line_attachment': 'suspension', 'material': 'concrete', 'power': 'pole'}",10,0,0,3,0.52,Lazar Road,Bangalore
street_lamp,12.972659,77.5880912,{'highway': 'street_lamp'},10,0,0,2,0.58,Cubbon Park Nature Trail,Bengaluru
street_lamp,12.9728354,77.5881301,{'highway': 'street_lamp'},10,0,0,3,0.52,Cubbon Park Nature Trail,Bengaluru
street_lamp,12.9729778,77.5881703,{'highway': 'street_lamp'},10,0,0,1,0.64,Cubbon Park Nature Trail,Bengaluru
street_lamp,12.9731791,77.5881985,{'highway': 'street_lamp'},10,0,0,0,0.7,Cubbon Park Nature Trail,Bangalore
street_lamp,12.9753942,77.5915901,{'highway': 'street_lamp'},10,0,0,0,0.7,Doctor B R Ambedkar Veedhi,Bengaluru
street_lamp,12.9799283,77.5969462,{'highway': 'street_lamp'},10,0,0,3,0.52,King's Road,Bengaluru
street_lamp,13.0137486,77.5540479,{'highway': 'street_lamp'},10,0,0,3,0.52,,Bengaluru
street_lamp,12.9929539,77.5715634,{'highway': 'street_lamp'},10,0,0,4,0.46,Sampige Road,Bengaluru
street_lamp,12.9895223,77.5543752,{'highway': 'street_lamp'},10,0,0,3,0.52,12th Main Road,Bengaluru
street_lamp,12.9993557,77.5495237,{'highway': 'street_lamp'},10,0,0,2,0.58,10th Cross Road,Bengaluru
street_lamp,12.9993779,77.5497343,{'highway': 'street_lamp'},10,0,0,0,0.7,Star Circle Underpass,Bengaluru
street_lamp,12.9746134,77.5963001,{'highway': 'street_lamp'},10,0,0,1,0.64,,Bengaluru
street_lamp,12.9780288,77.5846097,{'highway': 'street_lamp'},10,0,0,4,0.46,,Bengaluru
street_lamp,12.9841804,77.5574175,{'highway': 'street_lamp'},10,0,0,2,0.58,Vatal Nagaraj Road,Bengaluru
street_lamp,13.0424858,77.5901503,"{'highway': 'street_lamp', 'light:colour': 'white', 'operational_status': 'non-operational', 'support': 'pole', 'survey:date': '2022-11-19'}",10,0,0,0,0.7,Tumkur Road Exit,Bengaluru
street_lamp,13.0425303,77.5901007,"{'highway': 'street_lamp', 'light:colour': 'white', 'operational_status': 'functional', 'support': 'pole', 'survey:date': '2022-11-19'}",10,0,0,1,0.64,Tumkur Road Exit,Bengaluru
street_lamp,13.04274,77.5902717,"{'highway': 'street_lamp', 'light:colour': 'white', 'operational_status': 'non-operational', 'support': 'pole', 'survey:date': '2022-11-19'}",10,0,0,3,0.52,,Bengaluru
street_lamp,13.0427705,77.5901934,"{'highway': 'street_lamp', 'light:colour': 'white', 'operational_status': 'functional', 'support': 'pole', 'survey:date': '2022-11-19'}",10,0,0,3,0.52,,Bengaluru
street_lamp,13.0432383,77.5905613,"{'highway': 'street_lamp', 'light:colour': 'white', 'operational_status': 'non-operational', 'support': 'pole', 'survey:date': '2022-11-19'}",10,0,0,3,0.52,Hebbal Flyover,Bengaluru
street_lamp,13.0431086,77.5904295,"{'highway': 'street_lamp', 'light:colour': 'white', 'operational_status': 'non-operational', 'support': 'pole', 'survey:date': '2022-11-19'}",10,0,0,3,0.52,,Bengaluru
street_lamp,13.0428606,77.5903183,"{'highway': 'street_lamp', 'light:colour': 'white', 'operational_status': 'non-operational', 'support': 'pole', 'survey:date': '2022-11-19'}",10,0,0,0,0.7,,Bengaluru
street_lamp,13.0428869,77.5902491,"{'highway': 'street_lamp', 'light:colour': 'white', 'operational_status': 'functional', 'support': 'pole', 'survey:date': '2022-11-19'}",10,0,0,0,0.7,,Bengaluru
street_lamp,13.0428967,77.5899878,"{'highway': 'street_lamp', 'light:colour': 'white', 'operational_status': 'non-operational', 'support': 'pole', 'survey:date': '2022-11-19'}",10,0,0,2,0.58,Srinagar - Kanyakumari Highway,Bengaluru
street_lamp,13.0431764,77.5900298,"{'highway': 'street_lamp', 'light:colour': 'orange', 'operational_status': 'non-operational', 'support': 'pole', 'survey:date': '2022-11-19'}",10,0,0,1,0.64,Srinagar - Kanyakumari Highway,Bengaluru
street_lamp,13.0432509,77.5902788,"{'highway': 'street_lamp', 'light:colour': 'orange', 'operational_status': 'non-operational', 'support': 'pole', 'survey:date': '2022-11-19'}",10,0,0,1,0.64,,Bengaluru
street_lamp,13.0431278,77.5903609,"{'highway': 'street_lamp', 'light:colour': 'white', 'operational_status': 'functional', 'support': 'pole', 'survey:date': '2022-11-19'}",10,0,0,4,0.46,,Bengaluru
street_lamp,13.0433152,77.5905107,"{'highway': 'street_lamp', 'light:colour': 'white', 'operational_status': 'non-operational', 'support': 'pole', 'survey:date': '2022-11-19'}",10,0,0,0,0.7,Hebbal Flyover,Bengaluru
street_lamp,13.0432915,77.5904394,"{'highway': 'street_lamp', 'light:colour': 'white', 'operational_status': 'needs_maintenance', 'support': 'pole', 'survey:date': '2022-11-19'}",10,0,0,4,0.46,Hebbal Flyover,Bengaluru
street_lamp,13.0434847,77.5905877,"{'highway': 'street_lamp', 'light:colour': 'white', 'operational_status': 'non-operational', 'support': 'pole', 'survey:date': '2022-11-19'}",10,0,0,3,0.52,Outer Ring Road,Bengaluru
street_lamp,13.0434639,77.5904534,"{'highway': 'street_lamp', 'light:colour': 'orange', 'operational_status': 'non-operational', 'support': 'pole', 'survey:date': '2022-11-19'}",10,0,0,0,0.7,Hebbal Flyover,Bengaluru
street_lamp,13.0435962,77.5905848,"{'highway': 'street_lamp', 'light:colour': 'white', 'operational_status': 'needs_maintenance', 'support': 'pole', 'survey:date': '2022-11-19'}",10,0,0,2,0.58,Outer Ring Road,Bengaluru
street_lamp,13.0437364,77.5905474,"{'highway': 'street_lamp', 'light:colour': 'orange', 'operational_status': 'non-operational', 'support': 'pole', 'survey:date': '2022-11-19'}",10,0,0,2,0.58,Outer Ring Road,Bengaluru
street_lamp,13.0437902,77.5906645,"{'highway': 'street_lamp', 'light:colour': 'white', 'operational_status': 'non-operational', 'support': 'pole', 'survey:date': '2022-11-19'}",10,0,0,1,0.64,Outer Ring Road,Bengaluru
street_lamp,13.0439175,77.5906935,"{'highway': 'street_lamp', 'light:colour': 'white', 'operational_status': 'non-operational', 'support': 'pole', 'survey:date': '2022-11-19'}",10,0,0,1,0.64,Outer Ring Road,Bengaluru
street_lamp,13.0439795,77.5905886,"{'highway': 'street_lamp', 'light:colour': 'orange', 'operational_status': 'non-operational', 'support': 'pole', 'survey:date': '2022-11-19'}",10,0,0,0,0.7,Outer Ring Road,Bengaluru
street_lamp,13.0440817,77.5907728,"{'highway': 'street_lamp', 'light:colour': 'white', 'operational_status': 'functional', 'support': 'pole', 'survey:date': '2022-11-19'}",10,0,0,4,0.46,Outer Ring Road,Bengaluru
street_lamp,13.0441916,77.5907136,"{'highway': 'street_lamp', 'light:colour': 'white', 'operational_status': 'non-operational', 'support': 'pole', 'survey:date': '2022-11-19'}",10,0,0,0,0.7,,Bengaluru
street_lamp,13.044234,77.5906165,"{'highway': 'street_lamp', 'light:colour': 'orange', 'operational_status': 'non-operational', 'support': 'pole', 'survey:date': '2022-11-19'}",10,0,0,0,0.7,,Bengaluru
street_lamp,13.0443145,77.5907996,"{'highway': 'street_lamp', 'light:colour': 'white', 'operational_status': 'non-operational', 'support': 'pole', 'survey:date': '2022-11-19'}",10,0,0,4,0.46,,Bengaluru
street_lamp,13.0445734,77.5908298,"{'highway': 'street_lamp', 'light:colour': 'white', 'operational_status': 'functional', 'support': 'pole', 'survey:date': '2022-11-19'}",10,0,0,2,0.58,,Bengaluru
street_lamp,13.0444592,77.5907494,"{'highway': 'street_lamp', 'light:colour': 'white', 'operational_status': 'non-operational', 'support': 'pole', 'survey:date': '2022-11-19'}",10,0,0,4,0.46,,Bengaluru
street_lamp,13.0445473,77.5906333,"{'highway': 'street_lamp', 'light:colour': 'orange', 'operational_status': 'non-operational', 'support': 'pole', 'survey:date': '2022-11-19'}",10,0,0,3,0.52,,Bengaluru
street_lamp,13.0447039,77.5907784,"{'highway': 'street_lamp', 'light:colour': 'white', 'operational_status': 'non-operational', 'support': 'pole', 'survey:date': '2022-11-19'}",10,0,0,0,0.7,,Bengaluru
street_lamp,13.0448029,77.5908599,"{'highway': 'street_lamp', 'light:colour': 'white', 'operational_status': 'functional', 'support': 'pole', 'survey:date': '2022-11-19'}",10,0,0,3,0.52,,Bengaluru
street_lamp,13.0449225,77.590803,"{'highway': 'street_lamp', 'light:colour': 'white', 'operational_status': 'non-operational', 'support': 'pole', 'survey:date': '2022-11-19'}",10,0,0,0,0.7,,Bengaluru
street_lamp,13.0450128,77.5906824,"{'highway': 'street_lamp', 'light:colour': 'white', 'operational_status': 'non-operational', 'support': 'pole', 'survey:date': '2022-11-19'}",10,0,0,4,0.46,,Bengaluru
street_lamp,13.0452836,77.5907226,"{'highway': 'street_lamp', 'light:colour': 'white', 'operational_status': 'non-operational', 'support': 'pole', 'survey:date': '2022-11-19'}",10,0,0,3,0.52,,Bengaluru
street_lamp,13.0453217,77.5908476,"{'highway': 'street_lamp', 'light:colour': 'white', 'operational_status': 'non-operational', 'support': 'pole', 'survey:date': '2022-11-19'}",10,0,0,4,0.46,,Bengaluru
street_lamp,13.0455806,77.5908018,"{'highway': 'street_lamp', 'light:colour': 'white', 'operational_status': 'non-operational', 'support': 'pole', 'survey:date': '2022-11-19'}",10,0,0,2,0.58,,Bengaluru
street_lamp,13.0455516,77.5909384,"{'highway': 'street_lamp', 'light:colour': 'white', 'operational_status': 'non-operational', 'support': 'pole', 'survey:date': '2022-11-19'}",10,0,0,3,0.52,,Bengaluru
street_lamp,13.048819,77.5925106,"{'highway': 'street_lamp', 'light:colour': 'white', 'operational_status': 'functional', 'support': 'pole', 'survey:date': '2022-11-19'}",10,0,0,4,0.46,,Bengaluru
street_lamp,13.042616,77.588725,"{'highway': 'street_lamp', 'light:colour': 'orange', 'operational_status': 'functional', 'support': 'pole', 'survey:date': '2022-11-19'}",10,0,0,1,0.64,,Bengaluru
street_lamp,13.0426578,77.588733,"{'highway': 'street_lamp', 'light:colour': 'orange', 'operational_status': 'functional', 'support': 'pole', 'survey:date': '2022-11-19'}",10,0,0,4,0.46,,Bengaluru
street_lamp,13.0427196,77.5889724,"{'highway': 'street_lamp', 'light:colour': 'orange', 'operational_status': 'non-operational', 'support': 'pole', 'survey:date': '2022-11-19'}",10,0,0,2,0.58,,Bengaluru
street_lamp,13.0427072,77.5889867,"{'highway': 'street_lamp', 'light:colour': 'orange', 'operational_status': 'non-operational', 'support': 'pole', 'survey:date': '2022-11-19'}",10,0,0,3,0.52,,Bengaluru
street_lamp,13.0427365,77.5891833,"{'highway': 'street_lamp', 'light:colour': 'orange', 'operational_status': 'non-operational', 'support': 'pole', 'survey:date': '2022-11-19'}",10,0,0,0,0.7,,Bengaluru
street_lamp,13.0427813,77.5891817,"{'highway': 'street_lamp', 'light:colour': 'orange', 'operational_status': 'non-operational', 'support': 'pole', 'survey:date': '2022-11-19'}",10,0,0,2,0.58,,Bengaluru
street_lamp,13.042803,77.589391,"{'highway': 'street_lamp', 'light:colour': 'orange', 'operational_status': 'non-operational', 'support': 'pole', 'survey:date': '2022-11-19'}",10,0,0,3,0.52,,Bengaluru
street_lamp,13.0428308,77.5893958,"{'highway': 'street_lamp', 'light:colour': 'orange', 'operational_status': 'non-operational', 'support': 'pole', 'survey:date': '2022-11-19'}",10,0,0,2,0.58,,Bengaluru
street_lamp,13.0428462,77.589659,"{'highway': 'street_lamp', 'light:colour': 'orange', 'operational_status': 'non-operational', 'support': 'pole', 'survey:date': '2022-11-19'}",10,0,0,1,0.64,,Bengaluru
street_lamp,13.0428787,77.5896575,"{'highway': 'street_lamp', 'light:colour': 'orange', 'operational_status': 'non-operational', 'support': 'pole', 'survey:date': '2022-11-19'}",10,0,0,3,0.52,,Bengaluru
street_lamp,13.0429065,77.5898921,"{'highway': 'street_lamp', 'light:colour': 'orange', 'operational_status': 'non-operational', 'support': 'pole', 'survey:date': '2022-11-19'}",10,0,0,3,0.52,Srinagar - Kanyakumari Highway,Bengaluru
street_lamp,13.0428679,77.5899001,"{'highway': 'street_lamp', 'light:colour': 'orange', 'operational_status': 'non-operational', 'support': 'pole', 'survey:date': '2022-11-19'}",10,0,0,1,0.64,Srinagar - Kanyakumari Highway,Bengaluru
street_lamp,13.0492363,77.5926736,"{'highway': 'street_lamp', 'light:colour': 'white', 'operational_status': 'functional', 'support': 'pole', 'survey:date': '2022-11-19'}",10,0,0,3,0.52,,Bengaluru
street_lamp,13.0484664,77.5923564,"{'highway': 'street_lamp', 'light:colour': 'white', 'operational_status': 'functional', 'support': 'pole', 'survey:date': '2022-11-19'}",10,0,0,0,0.7,,Bengaluru
street_lamp,13.0420012,77.5931526,"{'highway': 'street_lamp', 'light:colour': 'white', 'operational_status': 'functional', 'support': 'pole', 'survey:date': '2022-11-19'}",10,0,0,1,0.64,,Bengaluru
street_lamp,13.0420277,77.5930563,"{'highway': 'street_lamp', 'light:colour': 'white', 'operational_status': 'functional', 'support': 'pole', 'survey:date': '2022-11-19'}",10,0,0,2,0.58,,Bengaluru
street_lamp,13.0420597,77.5929476,"{'highway': 'street_lamp', 'light:colour': 'white', 'operational_status': 'functional', 'support': 'pole', 'survey:date': '2022-11-19'}",10,0,0,1,0.64,,Bengaluru
street_lamp,13.0421413,77.5927246,"{'highway': 'street_lamp', 'light:colour': 'white', 'operational_status': 'functional', 'support': 'pole', 'survey:date': '2022-11-19'}",10,0,0,0,0.7,,Bengaluru
street_lamp,13.0422274,77.5924426,"{'highway': 'street_lamp', 'light:colour': 'white', 'operational_status': 'functional', 'support': 'pole', 'survey:date': '2022-11-19'}",10,0,0,0,0.7,,Bengaluru
street_lamp,13.0423035,77.592198,"{'highway': 'street_lamp', 'light:colour': 'white', 'operational_status': 'functional', 'support': 'pole', 'survey:date': '2022-11-19'}",10,0,0,2,0.58,,Bengaluru
street_lamp,13.0423565,77.5920066,"{'highway': 'street_lamp', 'light:colour': 'white', 'operational_status': 'functional', 'support': 'pole', 'survey:date': '2022-11-19'}",10,0,0,1,0.64,Service Road,Bengaluru
street_lamp,13.0424546,77.5916488,"{'highway': 'street_lamp', 'light:colour': 'white', 'operational_status': 'functional', 'support': 'pole', 'survey:date': '2022-11-19'}",10,0,0,4,0.46,,Bengaluru
street_lamp,13.0424988,77.5914393,"{'highway': 'street_lamp', 'light:colour': 'white', 'operational_status': 'functional', 'support': 'pole', 'survey:date': '2022-11-19'}",10,0,0,1,0.64,Hebbal Flyover Ramp,Bengaluru
street_lamp,13.0425418,77.5913193,"{'highway': 'street_lamp', 'light:colour': 'white', 'operational_status': 'functional', 'support': 'pole', 'survey:date': '2022-11-19'}",10,0,0,2,0.58,Hebbal Flyover Ramp,Bengaluru
street_lamp,13.0425981,77.5910848,"{'highway': 'street_lamp', 'light:colour': 'white', 'operational_status': 'functional', 'support': 'pole', 'survey:date': '2022-11-19'}",10,0,0,2,0.58,,Bengaluru
street_lamp,13.0425114,77.5904874,"{'highway': 'street_lamp', 'light:colour': 'orange', 'operational_status': 'functional', 'support': 'wall', 'survey:date': '2022-11-19'}",10,0,0,2,0.58,,Bengaluru
street_lamp,13.0425147,77.5904611,"{'highway': 'street_lamp', 'light:colour': 'orange', 'operational_status': 'non-operational', 'support': 'wall', 'survey:date': '2022-11-19'}",10,0,0,3,0.52,,Bengaluru
street_lamp,13.0425242,77.5904031,"{'highway': 'street_lamp', 'light:colour': 'orange', 'operational_status': 'non-operational', 'support': 'wall', 'survey:date': '2022-11-19'}",10,0,0,0,0.7,,Bengaluru
street_lamp,13.0457358,77.5911565,"{'highway': 'street_lamp', 'light:colour': 'white', 'operational_status': 'functional', 'support': 'wall', 'survey:date': '2022-11-19'}",10,0,0,3,0.52,,Bengaluru
street_lamp,13.0457429,77.5912085,"{'highway': 'street_lamp', 'light:colour': 'white', 'operational_status': 'functional', 'support': 'wall', 'survey:date': '2022-11-19'}",10,0,0,3,0.52,,Bengaluru
street_lamp,13.0457552,77.5912569,"{'highway': 'street_lamp', 'light:colour': 'white', 'operational_status': 'functional', 'support': 'wall', 'survey:date': '2022-11-19'}",10,0,0,1,0.64,,Bengaluru
street_lamp,13.0457629,77.5913045,"{'highway': 'street_lamp', 'light:colour': 'white', 'operational_status': 'functional', 'support': 'wall', 'survey:date': '2022-11-19'}",10,0,0,1,0.64,,Bengaluru
street_lamp,13.0457642,77.5913464,"{'highway': 'street_lamp', 'light:colour': 'white', 'operational_status': 'functional', 'support': 'wall', 'survey:date': '2022-11-19'}",10,0,0,1,0.64,,Bengaluru
street_lamp,13.0457639,77.5913837,"{'highway': 'street_lamp', 'light:colour': 'white', 'operational_status': 'functional', 'support': 'wall', 'survey:date': '2022-11-19'}",10,0,0,0,0.7,,Bengaluru
street_lamp,13.045762,77.5914034,"{'highway': 'street_lamp', 'light:colour': 'white', 'operational_status': 'functional', 'support': 'wall', 'survey:date': '2022-11-19'}",10,0,0,1,0.64,,Bengaluru
street_lamp,13.0457587,77.5914232,"{'highway': 'street_lamp', 'light:colour': 'white', 'operational_status': 'functional', 'support': 'wall', 'survey:date': '2022-11-19'}",10,0,0,3,0.52,,Bengaluru
street_lamp,13.0484892,77.5923644,"{'highway': 'street_lamp', 'light:colour': 'white', 'operational_status': 'functional', 'support': 'pole', 'survey:date': '2022-11-19'}",10,0,0,1,0.64,,Bengaluru
street_lamp,13.048116,77.5921804,"{'highway': 'street_lamp', 'light:colour': 'white', 'operational_status': 'functional', 'support': 'pole', 'survey:date': '2022-11-19'}",10,0,0,0,0.7,,Bengaluru
street_lamp,13.047808,77.5920315,"{'highway': 'street_lamp', 'light:colour': 'white', 'operational_status': 'non-operational', 'support': 'pole', 'survey:date': '2022-11-19'}",10,0,0,4,0.46,,Bengaluru
street_lamp,13.0473814,77.591833,"{'highway': 'street_lamp', 'light:colour': 'white', 'operational_status': 'functional', 'support': 'pole', 'survey:date': '2022-11-19'}",10,0,0,2,0.58,,Bengaluru
street_lamp,13.0470229,77.5916775,"{'highway': 'street_lamp', 'light:colour': 'white', 'operational_status': 'functional', 'support': 'pole', 'survey:date': '2022-11-19'}",10,0,0,0,0.7,,Bengaluru
street_lamp,13.0466203,77.5914918,"{'highway': 'street_lamp', 'light:colour': 'white', 'operational_status': 'functional', 'support': 'pole', 'survey:date': '2022-11-19'}",10,0,0,4,0.46,,Bengaluru
street_lamp,13.0461819,77.5913693,"{'highway': 'street_lamp', 'light:colour': 'white', 'operational_status': 'non-operational', 'support': 'pole', 'survey:date': '2022-11-19'}",10,0,0,4,0.46,,Bengaluru
street_lamp,13.0460705,77.5910422,"{'highway': 'street_lamp', 'light:colour': 'orange', 'operational_status': 'functional', 'support': 'pole', 'survey:date': '2022-11-19'}",10,0,0,0,0.7,,Bengaluru
street_lamp,13.0458511,77.5913177,"{'highway': 'street_lamp', 'light:colour': 'white', 'operational_status': 'functional', 'support': 'pole', 'survey:date': '2022-11-19'}",10,0,0,4,0.46,,Bengaluru
street_lamp,13.0456718,77.5911656,"{'highway': 'street_lamp', 'light:colour': 'white', 'operational_status': 'functional', 'support': 'pole', 'survey:date': '2022-11-19'}",10,0,0,2,0.58,,Bengaluru
street_lamp,13.0457106,77.591298,"{'highway': 'street_lamp', 'light:colour': 'white', 'operational_status': 'functional', 'support': 'pole', 'survey:date': '2022-11-19'}",10,0,0,1,0.64,,Bengaluru
street_lamp,13.045662,77.5913559,"{'highway': 'street_lamp', 'light:colour': 'white', 'operational_status': 'functional', 'support': 'pole', 'survey:date': '2022-11-19'}",10,0,0,0,0.7,,Bengaluru
street_lamp,13.0456295,77.5913776,"{'highway': 'street_lamp', 'light:colour': 'orange', 'operational_status': 'functional', 'support': 'pole', 'survey:date': '2022-11-19'}",10,0,0,1,0.64,,Bengaluru
street_lamp,13.045544,77.591571,"{'highway': 'street_lamp', 'light:colour': 'orange', 'operational_status': 'functional', 'support': 'pole', 'survey:date': '2022-11-19'}",10,0,0,4,0.46,,Bengaluru
street_lamp,13.0453376,77.5913189,"{'highway': 'street_lamp', 'light:colour': 'white', 'operational_status': 'needs_maintenance', 'support': 'pole', 'survey:date': '2022-11-19'}",10,0,0,4,0.46,,Bengaluru
street_lamp,13.0450274,77.5912693,"{'highway': 'street_lamp', 'light:colour': 'white', 'operational_status': 'functional', 'support': 'pole', 'survey:date': '2022-11-19'}",10,0,0,2,0.58,,Bengaluru
street_lamp,13.045002,77.5912925,"{'highway': 'street_lamp', 'light:colour': 'orange', 'operational_status': 'functional', 'support': 'pole', 'survey:date': '2022-11-19'}",10,0,0,0,0.7,,Bengaluru
street_lamp,13.0448115,77.5912261,"{'highway': 'street_lamp', 'light:colour': 'white', 'operational_status': 'functional', 'support': 'pole', 'survey:date': '2022-11-19'}",10,0,0,1,0.64,,Bengaluru
street_lamp,13.0447876,77.5913028,"{'highway': 'street_lamp', 'light:colour': 'orange', 'operational_status': 'functional', 'support': 'pole', 'survey:date': '2022-11-19'}",10,0,0,4,0.46,,Bengaluru
street_lamp,13.0442505,77.5911743,"{'highway': 'street_lamp', 'light:colour': 'white', 'operational_status': 'functional', 'support': 'pole', 'survey:date': '2022-11-19'}",10,0,0,4,0.46,,Bengaluru
street_lamp,13.0445362,77.5911539,"{'highway': 'street_lamp', 'light:colour': 'white', 'operational_status': 'functional', 'support': 'pole', 'survey:date': '2022-11-19'}",10,0,0,3,0.52,,Bengaluru
street_lamp,13.0445056,77.5912214,"{'highway': 'street_lamp', 'light:colour': 'orange', 'operational_status': 'functional', 'support': 'pole', 'survey:date': '2022-11-19'}",10,0,0,1,0.64,,Bengaluru
street_lamp,13.0442814,77.5910765,"{'highway': 'street_lamp', 'light:colour': 'white', 'operational_status': 'functional', 'support': 'pole', 'survey:date': '2022-11-19'}",10,0,0,0,0.7,,Bengaluru
street_lamp,13.044167,77.5912022,"{'highway': 'street_lamp', 'light:colour': 'white', 'operational_status': 'needs_maintenance', 'support': 'pole', 'survey:date': '2022-11-19'}",10,0,0,4,0.46,,Bengaluru
street_lamp,13.0440849,77.5910007,"{'highway': 'street_lamp', 'light:colour': 'white', 'operational_status': 'functional', 'support': 'pole', 'survey:date': '2022-11-19'}",10,0,0,3,0.52,,Bengaluru
street_lamp,13.0440542,77.5910944,"{'highway': 'street_lamp', 'light:colour': 'white', 'operational_status': 'functional', 'support': 'pole', 'survey:date': '2022-11-19'}",10,0,0,2,0.58,Tumkur Road Exit,Bengaluru
street_lamp,13.0440099,77.5911144,"{'highway': 'street_lamp', 'light:colour': 'orange', 'operational_status': 'needs_maintenance', 'support': 'pole', 'survey:date': '2022-11-19'}",10,0,0,2,0.58,Tumkur Road Exit,Bengaluru
street_lamp,13.0437797,77.5909485,"{'highway': 'street_lamp', 'light:colour': 'white', 'operational_status': 'functional', 'support': 'pole', 'survey:date': '2022-11-19'}",10,0,0,0,0.7,Outer Ring Road,Bengaluru
street_lamp,13.0435137,77.5907965,"{'highway': 'street_lamp', 'light:colour': 'white', 'operational_status': 'functional', 'support': 'pole', 'survey:date': '2022-11-19'}",10,0,0,1,0.64,Outer Ring Road,Bengaluru
street_lamp,13.0435198,77.5908667,"{'highway': 'street_lamp', 'light:colour': 'orange', 'operational_status': 'functional', 'support': 'pole', 'survey:date': '2022-11-19'}",10,0,0,3,0.52,Outer Ring Road,Bengaluru
street_lamp,13.0431827,77.5906031,"{'highway': 'street_lamp', 'light:colour': 'white', 'operational_status': 'functional', 'support': 'pole', 'survey:date': '2022-11-19'}",10,0,0,1,0.64,,Bengaluru
street_lamp,13.0420521,77.5902696,"{'highway': 'street_lamp', 'light:colour': 'orange', 'operational_status': 'non-operational', 'support': 'pole', 'survey:date': '2022-11-19'}",10,0,0,0,0.7,Tumkur Road Exit,Bengaluru
street_lamp,13.0414339,77.5900831,"{'highway': 'street_lamp', 'light:colour': 'orange', 'operational_status': 'needs_maintenance', 'support': 'ground', 'survey:date': '2022-11-19'}",10,0,0,3,0.52,,Bengaluru
street_lamp,13.0411569,77.5900217,"{'highway': 'street_lamp', 'light:colour': 'orange', 'operational_status': 'non-operational', 'support': 'pole', 'survey:date': '2022-11-19'}",10,0,0,4,0.46,,Bengaluru
street_lamp,13.0412017,77.5903758,"{'highway': 'street_lamp', 'light:colour': 'orange', 'operational_status': 'functional', 'support': 'pole', 'survey:date': '2022-11-19'}",10,0,0,4,0.46,"Hebbal Flyover, Sri Krishna Complex,Bayanna Layout,",Bangalore
street_lamp,13.0411772,77.5904916,"{'highway': 'street_lamp', 'light:colour': 'orange', 'operational_status': 'functional', 'support': 'pole', 'survey:date': '2022-11-19'}",10,0,0,4,0.46,"Hebbal Flyover, Sri Krishna Complex,Bayanna Layout,",Bangalore
street_lamp,13.0411809,77.5907228,"{'highway': 'street_lamp', 'light:colour': 'orange', 'operational_status': 'functional', 'support': 'pole', 'survey:date': '2022-11-19'}",10,0,0,0,0.7,"Hebbal Flyover, Sri Krishna Complex,Bayanna Layout,",Bangalore
street_lamp,13.0411396,77.5908876,"{'highway': 'street_lamp', 'light:colour': 'orange', 'operational_status': 'functional', 'support': 'pole', 'survey:date': '2022-11-19'}",10,0,0,1,0.64,"Hebbal Flyover, Sri Krishna Complex,Bayanna Layout,",Bangalore
street_lamp,13.0410338,77.5909849,"{'highway': 'street_lamp', 'light:colour': 'orange', 'operational_status': 'functional', 'support': 'pole', 'survey:date': '2022-11-19'}",10,0,0,2,0.58,"Hebbal Flyover, Sri Krishna Complex,Bayanna Layout,",Bangalore
street_lamp,13.0410715,77.5910348,"{'highway': 'street_lamp', 'light:colour': 'orange', 'operational_status': 'functional', 'support': 'pole', 'survey:date': '2022-11-19'}",10,0,0,4,0.46,"Hebbal Flyover, Sri Krishna Complex,Bayanna Layout,",Bangalore
street_lamp,13.0410034,77.5911434,"{'highway': 'street_lamp', 'light:colour': 'orange', 'operational_status': 'non-operational', 'support': 'pole', 'survey:date': '2022-11-19'}",10,0,0,1,0.64,"Hebbal Flyover, Sri Krishna Complex,Bayanna Layout,",Bangalore
street_lamp,13.0408392,77.5912832,"{'highway': 'street_lamp', 'light:colour': 'orange', 'operational_status': 'functional', 'support': 'pole', 'survey:date': '2022-11-19'}",10,0,0,3,0.52,,Bengaluru
street_lamp,13.0408757,77.5913394,"{'highway': 'street_lamp', 'light:colour': 'orange', 'operational_status': 'needs_maintenance', 'support': 'pole', 'survey:date': '2022-11-19'}",10,0,0,0,0.7,,Bengaluru
street_lamp,13.040852,77.5913569,"{'highway': 'street_lamp', 'light:colour': 'orange', 'operational_status': 'needs_maintenance', 'support': 'pole', 'survey:date': '2022-11-19'}",10,0,0,0,0.7,,Bengaluru
street_lamp,13.042402,77.5816023,"{'highway': 'street_lamp', 'operational_status': 'functional', 'support': 'pole', 'survey:date': '2022-11-18'}",10,0,0,4,0.46,,Bengaluru
street_lamp,13.042355,77.5818772,"{'highway': 'street_lamp', 'operational_status': 'functional', 'support': 'pole', 'survey:date': '2022-11-18'}",10,0,0,2,0.58,,Bengaluru
street_lamp,13.0423139,77.5821389,"{'highway': 'street_lamp', 'operational_status': 'functional', 'support': 'pole', 'survey:date': '2022-11-18'}",10,0,0,2,0.58,,Bengaluru
street_lamp,13.0422645,77.5823777,"{'highway': 'street_lamp', 'light:colour': 'orange', 'operational_status': 'functional', 'support': 'pole', 'survey:date': '2022-11-18'}",10,0,0,4,0.46,,Bengaluru
street_lamp,13.042221,77.5827165,"{'highway': 'street_lamp', 'light:colour': 'white', 'operational_status': 'functional', 'support': 'pole', 'survey:date': '2022-11-18'}",10,0,0,1,0.64,,Bengaluru
street_lamp,13.0421059,77.583311,"{'highway': 'street_lamp', 'operational_status': 'non-operational', 'support': 'pole', 'survey:date': '2022-11-18'}",10,0,0,0,0.7,,Bengaluru
street_lamp,13.042026,77.5836921,"{'highway': 'street_lamp', 'operational_status': 'non-operational', 'support': 'pole', 'survey:date': '2022-11-18'}",10,0,0,2,0.58,,Bengaluru
street_lamp,13.041972,77.5839827,"{'highway': 'street_lamp', 'operational_status': 'functional', 'support': 'pole', 'survey:date': '2022-11-18'}",10,0,0,1,0.64,,Bengaluru
street_lamp,13.0419344,77.5842914,"{'highway': 'street_lamp', 'light:colour': 'orange', 'operational_status': 'non-operational', 'support': 'pole', 'survey:date': '2022-11-18'}",10,0,0,2,0.58,,Bengaluru
street_lamp,13.0419003,77.5846122,"{'highway': 'street_lamp', 'light:colour': 'white', 'operational_status': 'functional', 'support': 'pole', 'survey:date': '2022-11-18'}",10,0,0,0,0.7,,Bengaluru
street_lamp,13.0418569,77.5849656,"{'highway': 'street_lamp', 'light:colour': 'white', 'operational_status': 'non-operational', 'support': 'pole', 'survey:date': '2022-11-18'}",10,0,0,0,0.7,,Bengaluru
street_lamp,13.041824,77.5852598,"{'highway': 'street_lamp', 'light:colour': 'white', 'operational_status': 'non-operational', 'support': 'pole', 'survey:date': '2022-11-18'}",10,0,0,4,0.46,,Bengaluru
street_lamp,13.0417899,77.5855914,"{'highway': 'street_lamp', 'light:colour': 'white', 'operational_status': 'non-operational', 'support': 'pole', 'survey:date': '2022-11-18'}",10,0,0,0,0.7,,Bengaluru
street_lamp,13.0417499,77.585911,"{'highway': 'street_lamp', 'light:colour': 'white', 'operational_status': 'non-operational', 'support': 'pole', 'survey:date': '2022-11-18'}",10,0,0,2,0.58,,Bengaluru
street_lamp,13.0417159,77.5861932,"{'highway': 'street_lamp', 'light:colour': 'white', 'operational_status': 'non-operational', 'support': 'pole', 'survey:date': '2022-11-18'}",10,0,0,2,0.58,Outer Ring Road,Bengaluru
street_lamp,13.0416783,77.5864862,"{'highway': 'street_lamp', 'light:colour': 'white', 'operational_status': 'non-operational', 'support': 'pole', 'survey:date': '2022-11-18'}",10,0,0,4,0.46,Outer Ring Road,Bengaluru
street_lamp,13.0416501,77.5867696,"{'highway': 'street_lamp', 'light:colour': 'white', 'operational_status': 'non-operational', 'support': 'pole', 'survey:date': '2022-11-18'}",10,0,0,0,0.7,Outer Ring Road,Bengaluru
street_lamp,13.0416137,77.5870084,"{'highway': 'street_lamp', 'light:colour': 'white', 'operational_status': 'functional', 'support': 'pole', 'survey:date': '2022-11-18'}",10,0,0,3,0.52,,Bengaluru
street_lamp,13.041596,77.5872761,"{'highway': 'street_lamp', 'light:colour': 'white', 'operational_status': 'functional', 'support': 'pole', 'survey:date': '2022-11-18'}",10,0,0,0,0.7,,Bengaluru
street_lamp,13.0415655,77.5875305,"{'highway': 'street_lamp', 'light:colour': 'white', 'operational_status': 'non-operational', 'support': 'pole', 'survey:date': '2022-11-18'}",10,0,0,2,0.58,,Bengaluru
street_lamp,13.0415432,77.5877367,"{'highway': 'street_lamp', 'light:colour': 'white', 'operational_status': 'functional', 'support': 'pole', 'survey:date': '2022-11-18'}",10,0,0,4,0.46,,Bengaluru
street_lamp,13.0414739,77.588189,"{'highway': 'street_lamp', 'light:colour': 'white', 'operational_status': 'functional', 'support': 'pole', 'survey:date': '2022-11-18'}",10,0,0,3,0.52,Bhoopasandra Main Road,Bengaluru
street_lamp,13.0414539,77.5884217,"{'highway': 'street_lamp', 'light:colour': 'white', 'operational_status': 'non-operational', 'support': 'pole', 'survey:date': '2022-11-18'}",10,0,0,2,0.58,Bhoopasandra Main Road,Bengaluru
street_lamp,13.041421,77.5886858,"{'highway': 'street_lamp', 'light:colour': 'white', 'operational_status': 'functional', 'support': 'pole', 'survey:date': '2022-11-18'}",10,0,0,0,0.7,Bhoopasandra Main Road,Bengaluru
street_lamp,13.0413869,77.5889427,"{'highway': 'street_lamp', 'light:colour': 'white', 'operational_status': 'non-operational', 'support': 'pole', 'survey:date': '2022-11-18'}",10,0,0,1,0.64,Bhoopasandra Main Road,Bengaluru
street_lamp,13.0424854,77.5808787,"{'highway': 'street_lamp', 'operational_status': 'functional', 'support': 'pole', 'survey:date': '2022-11-18'}",10,0,0,0,0.7,Bhoopasandra Main Road,Bengaluru
street_lamp,13.0424607,77.5812706,"{'highway': 'street_lamp', 'operational_status': 'non-operational', 'support': 'pole', 'survey:date': '2022-11-18'}",10,0,0,2,0.58,,Bengaluru
street_lamp,13.0413599,77.5891887,"{'highway': 'street_lamp', 'light:colour': 'white', 'operational_status': 'functional', 'support': 'pole', 'survey:date': '2022-11-18'}",10,0,0,2,0.58,Bhoopasandra Main Road,Bengaluru
street_lamp,13.04135,77.5890533,"{'highway': 'street_lamp', 'light:colour': 'white', 'support': 'pole', 'survey:date': '2022-11-18'}",10,0,0,4,0.46,Bhoopasandra Main Road,Bengaluru
street_lamp,13.0412383,77.589155,"{'highway': 'street_lamp', 'light:colour': 'orange', 'support': 'pole', 'survey:date': '2022-11-18'}",10,0,0,0,0.7,Bhoopasandra Main Road,Bengaluru
street_lamp,13.0412172,77.5894549,"{'highway': 'street_lamp', 'light:colour': 'white', 'support': 'pole', 'survey:date': '2022-11-18'}",10,0,0,1,0.64,,Bengaluru
street_lamp,13.0412183,77.58945,"{'highway': 'street_lamp', 'survey:date': '2022-11-18'}",10,0,0,4,0.46,,Bengaluru
street_lamp,13.041148,77.5896153,"{'highway': 'street_lamp', 'light:colour': 'white', 'operational_status': 'functional', 'support': 'pole', 'survey:date': '2022-11-18'}",10,0,0,3,0.52,,Bengaluru
street_lamp,13.0409358,77.5895436,"{'highway': 'street_lamp', 'light:colour': 'white', 'operational_status': 'functional', 'support': 'pole', 'survey:date': '2022-11-18'}",10,0,0,2,0.58,Bellary Road,Bengaluru
street_lamp,13.0407123,77.5894955,"{'highway': 'street_lamp', 'light:colour': 'white', 'operational_status': 'functional', 'support': 'pole', 'survey:date': '2022-11-18'}",10,0,0,4,0.46,Bellary Road,Bengaluru
street_lamp,13.0404932,77.5894599,"{'highway': 'street_lamp', 'light:colour': 'white', 'operational_status': 'functional', 'support': 'pole', 'survey:date': '2022-11-18'}",10,0,0,3,0.52,,Bengaluru
street_lamp,13.0402586,77.5894297,"{'highway': 'street_lamp', 'light:colour': 'white', 'operational_status': 'functional', 'support': 'pole', 'survey:date': '2022-11-18'}",10,0,0,3,0.52,,Bengaluru
street_lamp,13.0400363,77.5893827,"{'highway': 'street_lamp', 'light:colour': 'white', 'operational_status': 'functional', 'support': 'pole', 'survey:date': '2022-11-18'}",10,0,0,2,0.58,Bellary Road,Bengaluru
street_lamp,13.0397963,77.5893511,"{'highway': 'street_lamp', 'light:colour': 'white', 'operational_status': 'functional', 'support': 'pole', 'survey:date': '2022-11-18'}",10,0,0,1,0.64,,Bengaluru
street_lamp,13.0394434,77.589289,"{'highway': 'street_lamp', 'light:colour': 'white', 'operational_status': 'functional', 'support': 'pole', 'survey:date': '2022-11-18'}",10,0,0,4,0.46,,Bengaluru
street_lamp,13.0392845,77.5892633,"{'highway': 'street_lamp', 'light:colour': 'white', 'operational_status': 'needs_maintenance', 'support': 'pole', 'survey:date': '2022-11-18'}",10,0,0,1,0.64,,Bengaluru
street_lamp,13.0391139,77.5891959,"{'highway': 'street_lamp', 'light:colour': 'white', 'operational_status': 'non-operational', 'support': 'pole', 'survey:date': '2022-11-18'}",10,0,0,3,0.52,,Bengaluru
street_lamp,13.0386141,77.5891052,"{'highway': 'street_lamp', 'light:colour': 'white', 'operational_status': 'non-operational', 'support': 'pole', 'survey:date': '2022-11-18'}",10,0,0,2,0.58,Bellary Road,Bengaluru
street_lamp,13.0384537,77.5890822,"{'highway': 'street_lamp', 'light:colour': 'white', 'operational_status': 'non-operational', 'support': 'pole', 'survey:date': '2022-11-18'}",10,0,0,0,0.7,Bellary Road,Bengaluru
street_lamp,13.0382678,77.58906,"{'highway': 'street_lamp', 'light:colour': 'white', 'operational_status': 'non-operational', 'support': 'pole', 'survey:date': '2022-11-18'}",10,0,0,3,0.52,Bellary Road,Bengaluru
street_lamp,13.0381827,77.589069,"{'highway': 'street_lamp', 'light:colour': 'white', 'operational_status': 'non-operational', 'support': 'pole', 'survey:date': '2022-11-18'}",10,0,0,2,0.58,Bellary Road,Bengaluru
street_lamp,13.0379641,77.5891074,"{'highway': 'street_lamp', 'light:colour': 'white', 'operational_status': 'non-operational', 'support': 'pole', 'survey:date': '2022-11-18'}",10,0,0,0,0.7,Bellary Road,Bengaluru
street_lamp,13.0377434,77.5891109,"{'highway': 'street_lamp', 'light:colour': 'white', 'operational_status': 'non-operational', 'support': 'pole', 'survey:date': '2022-11-18'}",10,0,0,2,0.58,Bellary Road,Bengaluru
street_lamp,13.0375316,77.5890701,"{'highway': 'street_lamp', 'light:colour': 'white', 'operational_status': 'non-operational', 'support': 'pole', 'survey:date': '2022-11-18'}",10,0,0,0,0.7,Bellary Road,Bengaluru
street_lamp,13.0372774,77.589084,"{'highway': 'street_lamp', 'light:colour': 'white', 'operational_status': 'non-operational', 'support': 'pole', 'survey:date': '2022-11-18'}",10,0,0,0,0.7,Bellary Road,Bengaluru
street_lamp,13.0370542,77.589068,"{'highway': 'street_lamp', 'light:colour': 'white', 'operational_status': 'non-operational', 'support': 'pole', 'survey:date': '2022-11-18'}",10,0,0,1,0.64,Bellary Road,Bengaluru
street_lamp,13.0368351,77.5890598,"{'highway': 'street_lamp', 'light:colour': 'white', 'operational_status': 'non-operational', 'support': 'pole', 'survey:date': '2022-11-18'}",10,0,0,4,0.46,,Bengaluru
street_lamp,13.0365937,77.5890411,"{'highway': 'street_lamp', 'light:colour': 'white', 'operational_status': 'non-operational', 'support': 'pole', 'survey:date': '2022-11-18'}",10,0,0,0,0.7,,Bengaluru
street_lamp,13.0360165,77.5888652,"{'highway': 'street_lamp', 'light:colour': 'white', 'operational_status': 'functional', 'support': 'pole', 'survey:date': '2022-11-18'}",10,0,0,1,0.64,Bellary Road,Bengaluru
street_lamp,13.0358311,77.5887979,"{'highway': 'street_lamp', 'light:colour': 'white', 'operational_status': 'functional', 'support': 'pole', 'survey:date': '2022-11-18'}",10,0,0,2,0.58,,Bengaluru
street_lamp,13.0354895,77.588688,"{'highway': 'street_lamp', 'light:colour': 'white', 'operational_status': 'functional', 'support': 'pole', 'survey:date': '2022-11-18'}",10,0,0,4,0.46,Bellary Road,Bengaluru
street_lamp,13.0352707,77.5885656,"{'highway': 'street_lamp', 'light:colour': 'white', 'operational_status': 'functional', 'support': 'pole', 'survey:date': '2022-11-18'}",10,0,0,2,0.58,Bellary Road,Bengaluru
street_lamp,13.0350844,77.5884877,"{'highway': 'street_lamp', 'light:colour': 'white', 'operational_status': 'functional', 'support': 'pole', 'survey:date': '2022-11-18'}",10,0,0,4,0.46,Bellary Road,Bengaluru
street_lamp,13.0347866,77.5883913,"{'highway': 'street_lamp', 'light:colour': 'white', 'operational_status': 'functional', 'support': 'pole', 'survey:date': '2022-11-18'}",10,0,0,2,0.58,Bellary Road,Bengaluru
street_lamp,13.0345766,77.5883001,"{'highway': 'street_lamp', 'light:colour': 'white', 'operational_status': 'needs_maintenance', 'support': 'pole', 'survey:date': '2022-11-18'}",10,0,0,3,0.52,Bellary Road,Bengaluru
street_lamp,13.0343503,77.588225,"{'highway': 'street_lamp', 'light:colour': 'white', 'operational_status': 'needs_maintenance', 'support': 'pole', 'survey:date': '2022-11-18'}",10,0,0,3,0.52,Bellary Road,Bengaluru
street_lamp,13.0411297,77.5900201,"{'highway': 'street_lamp', 'light:colour': 'white', 'operational_status': 'needs_maintenance', 'support': 'wall', 'survey:date': '2022-11-18'}",10,0,0,0,0.7,,Bengaluru
street_lamp,13.0414307,77.5899968,"{'highway': 'street_lamp', 'light:colour': 'white', 'operational_status': 'non-operational', 'support': 'wall', 'survey:date': '2022-11-18'}",10,0,0,4,0.46,,Bengaluru
street_lamp,13.0426411,77.5904878,"{'highway': 'street_lamp', 'light:colour': 'white', 'operational_status': 'functional', 'support': 'pole', 'survey:date': '2022-11-18'}",10,0,0,0,0.7,,Bengaluru
street_lamp,13.042659,77.5904992,"{'highway': 'street_lamp', 'light:colour': 'white', 'operational_status': 'functional', 'support': 'pole', 'survey:date': '2022-11-18'}",10,0,0,1,0.64,,Bengaluru
street_lamp,13.0425431,77.5904368,"{'highway': 'street_lamp', 'light:colour': 'white', 'operational_status': 'functional', 'support': 'pole', 'survey:date': '2022-11-18'}",10,0,0,2,0.58,,Bengaluru
street_lamp,13.0421728,77.5903041,"{'highway': 'street_lamp', 'light:colour': 'white', 'operational_status': 'functional', 'support': 'pole', 'survey:date': '2022-11-18'}",10,0,0,2,0.58,Tumkur Road Exit,Bengaluru
street_lamp,13.0424368,77.5903895,"{'highway': 'street_lamp', 'light:colour': 'white', 'operational_status': 'functional', 'support': 'pole', 'survey:date': '2022-11-18'}",10,0,0,0,0.7,Tumkur Road Exit,Bengaluru
street_lamp,13.0420896,77.5905346,"{'highway': 'street_lamp', 'light:colour': 'white', 'operational_status': 'functional', 'support': 'pole', 'survey:date': '2022-11-18'}",10,0,0,4,0.46,Tumkur Road Exit,Bengaluru
street_lamp,13.0425008,77.5907575,"{'highway': 'street_lamp', 'light:colour': 'white', 'operational_status': 'functional', 'support': 'wall', 'survey:date': '2022-11-18'}",10,0,0,4,0.46,,Bengaluru
street_lamp,13.0427971,77.5907098,"{'highway': 'street_lamp', 'light:colour': 'white', 'operational_status': 'functional', 'support': 'wall', 'survey:date': '2022-11-18'}",10,0,0,1,0.64,,Bengaluru
street_lamp,13.0426518,77.5904564,"{'highway': 'street_lamp', 'light:colour': 'white', 'operational_status': 'functional', 'support': 'wall', 'survey:date': '2022-11-18'}",10,0,0,4,0.46,,Bengaluru
street_lamp,13.0423683,77.5902984,"{'highway': 'street_lamp', 'light:colour': 'white', 'operational_status': 'functional', 'support': 'wall', 'survey:date': '2022-11-18'}",10,0,0,0,0.7,Tumkur Road Exit,Bengaluru
street_lamp,13.0421201,77.5902014,"{'highway': 'street_lamp', 'light:colour': 'white', 'operational_status': 'functional', 'support': 'wall', 'survey:date': '2022-11-18'}",10,0,0,4,0.46,Tumkur Road Exit,Bengaluru
street_lamp,13.0418519,77.5901165,"{'highway': 'street_lamp', 'light:colour': 'white', 'operational_status': 'functional', 'support': 'wall', 'survey:date': '2022-11-18'}",10,0,0,0,0.7,,Bengaluru
street_lamp,13.0422348,77.5903827,"{'highway': 'street_lamp', 'light:colour': 'white', 'operational_status': 'non-operational', 'support': 'pole', 'survey:date': '2022-11-18'}",10,0,0,0,0.7,Tumkur Road Exit,Bengaluru
street_lamp,13.0420277,77.5903039,"{'highway': 'street_lamp', 'light:colour': 'white', 'operational_status': 'non-operational', 'support': 'pole', 'survey:date': '2022-11-18'}",10,0,0,2,0.58,Tumkur Road Exit,Bengaluru
street_lamp,13.0417596,77.5901776,"{'highway': 'street_lamp', 'light:colour': 'white', 'operational_status': 'non-operational', 'support': 'pole', 'survey:date': '2022-11-18'}",10,0,0,4,0.46,,Bengaluru
street_lamp,13.0425487,77.5903507,"{'highway': 'street_lamp', 'survey:date': '2022-11-18'}",10,0,0,0,0.7,Tumkur Road Exit,Bengaluru
street_lamp,13.0410448,77.5898909,"{'highway': 'street_lamp', 'light:colour': 'white', 'operational_status': 'functional', 'support': 'pole', 'survey:date': '2022-11-18'}",10,0,0,3,0.52,,Bengaluru
street_lamp,13.0408971,77.5899635,"{'highway': 'street_lamp', 'light:colour': 'white', 'operational_status': 'functional', 'support': 'pole', 'survey:date': '2022-11-18'}",10,0,0,2,0.58,,Bengaluru
street_lamp,13.0407218,77.5899172,"{'highway': 'street_lamp', 'light:colour': 'white', 'operational_status': 'functional', 'support': 'pole', 'survey:date': '2022-11-18'}",10,0,0,2,0.58,,Bengaluru
street_lamp,13.0405004,77.5898488,"{'highway': 'street_lamp', 'light:colour': 'white', 'operational_status': 'functional', 'support': 'pole', 'survey:date': '2022-11-18'}",10,0,0,1,0.64,,Bengaluru
street_lamp,13.0402297,77.5897983,"{'highway': 'street_lamp', 'light:colour': 'white', 'operational_status': 'functional', 'support': 'pole', 'survey:date': '2022-11-18'}",10,0,0,0,0.7,,Bengaluru
street_lamp,13.0400729,77.5897877,"{'highway': 'street_lamp', 'light:colour': 'white', 'operational_status': 'functional', 'support': 'pole', 'survey:date': '2022-11-18'}",10,0,0,0,0.7,,Bengaluru
street_lamp,13.0399098,77.5897751,"{'highway': 'street_lamp', 'light:colour': 'white', 'operational_status': 'functional', 'support': 'pole', 'survey:date': '2022-11-18'}",10,0,0,0,0.7,,Bengaluru
street_lamp,13.0393005,77.5897216,"{'highway': 'street_lamp', 'light:colour': 'white', 'operational_status': 'functional', 'support': 'pole', 'survey:date': '2022-11-18'}",10,0,0,1,0.64,,Bengaluru
street_lamp,13.004897,77.6232377,"{'highway': 'street_lamp', 'lamp_mount': 'bent_mast', 'lamp_type': 'incandescent', 'light:colour': 'yellow', 'light:direction': '290', 'light:tilt': '-90', 'line_attachment': 'suspension', 'material': 'concrete', 'power': 'pole'}",10,0,0,0,0.7,Hutchins Main Road,Bangalore
street_lamp,13.0051557,77.6233477,"{'highway': 'street_lamp', 'lamp_mount': 'bent_mast', 'lamp_type': 'incandescent', 'light:colour': 'yellow', 'light:direction': '290', 'light:tilt': '-90', 'line_attachment': 'suspension', 'line_management': 'branch', 'material': 'concrete', 'power': 'pole'}",10,0,0,2,0.58,Hutchins Main Road,Bangalore
street_lamp,13.005229,77.6231767,"{'highway': 'street_lamp', 'lamp_mount': 'bent_mast', 'lamp_type': 'incandescent', 'light:colour': 'yellow', 'light:direction': '25', 'light:tilt': '-90', 'line_attachment': 'suspension', 'material': 'concrete', 'power': 'pole'}",10,0,0,4,0.46,Hutchins 2nd Cross,Bangalore
street_lamp,13.0053287,77.6229439,"{'highway': 'street_lamp', 'lamp_mount': 'bent_mast', 'lamp_type': 'incandescent', 'light:colour': 'yellow', 'light:direction': '25', 'light:tilt': '-90', 'line_attachment': 'suspension', 'line_management': 'branch', 'material': 'concrete', 'power': 'pole'}",10,0,0,4,0.46,Hutchins 2nd Cross,Bangalore
street_lamp,13.00542,77.6227307,"{'highway': 'street_lamp', 'lamp_mount': 'bent_mast', 'lamp_type': 'incandescent', 'light:colour': 'yellow', 'light:direction': '25', 'light:tilt': '-90', 'line_attachment': 'suspension', 'material': 'concrete', 'power': 'pole'}",10,0,0,0,0.7,Hutchins 2nd Cross,Bangalore
street_lamp,13.0054854,77.6225781,"{'highway': 'street_lamp', 'lamp_mount': 'bent_mast', 'lamp_type': 'incandescent', 'light:colour': 'yellow', 'light:direction': '25', 'light:tilt': '-90', 'line_attachment': 'suspension', 'material': 'concrete', 'power': 'pole'}",10,0,0,2,0.58,Hutchins 2nd Cross,Bengaluru
street_lamp,13.00557,77.6223806,"{'highway': 'street_lamp', 'lamp_mount': 'bent_mast', 'lamp_type': 'incandescent', 'light:colour': 'yellow', 'light:direction': '25', 'light:tilt': '-90', 'line_attachment': 'suspension', 'material': 'concrete', 'power': 'pole'}",10,0,0,3,0.52,,Bengaluru
street_lamp,13.0052154,77.622449,"{'highway': 'street_lamp', 'lamp_mount': 'bent_mast', 'lamp_type': 'incandescent', 'light:colour': 'yellow', 'light:direction': '0', 'light:tilt': '-90', 'material': 'concrete'}",10,0,0,3,0.52,Hutchins 2nd Cross,Bengaluru
street_lamp,13.0050543,77.6228262,"{'highway': 'street_lamp', 'lamp_mount': 'bent_mast', 'lamp_type': 'incandescent', 'light:colour': 'yellow', 'light:direction': '25', 'light:tilt': '-90', 'line_attachment': 'suspension', 'material': 'concrete', 'power': 'pole'}",10,0,0,2,0.58,Hutchins 2nd Cross,Bangalore
street_lamp,13.0040143,77.62634,"{'highway': 'street_lamp', 'lamp_mount': 'bent_mast', 'lamp_type': 'incandescent', 'light:colour': 'yellow', 'light:count': '2', 'light:direction': '20;200', 'light:tilt': '-90', 'line_attachment': 'suspension', 'material': 'concrete', 'power': 'pole'}",10,0,0,2,0.58,Hutchins 2nd Cross,Bangalore
street_lamp,13.0035989,77.6261534,"{'highway': 'street_lamp', 'lamp_mount': 'bent_mast', 'lamp_type': 'incandescent', 'light:colour': 'yellow', 'light:count': '2', 'light:direction': '110;290', 'light:tilt': '-90', 'line_attachment': 'suspension', 'material': 'concrete', 'power': 'pole'}",10,0,0,2,0.58,Hutchins 2nd Cross,Bengaluru
street_lamp,13.0033725,77.6260632,"{'highway': 'street_lamp', 'lamp_mount': 'bent_mast', 'lamp_type': 'incandescent', 'light:colour': 'yellow', 'light:count': '2', 'light:direction': '20;200', 'light:tilt': '-90', 'line_attachment': 'suspension', 'material': 'concrete', 'power': 'pole'}",10,0,0,3,0.52,Hutchins 2nd Cross,Bengaluru
street_lamp,13.0030239,77.6259519,"{'highway': 'street_lamp', 'lamp_mount': 'bent_mast', 'lamp_type': 'incandescent', 'light:colour': 'yellow', 'light:direction': '290', 'light:tilt': '-90', 'line_attachment': 'suspension', 'material': 'concrete', 'power': 'pole'}",10,0,0,1,0.64,Hutchins 2nd Cross,Bengaluru
street_lamp,13.002861,77.6259591,"{'highway': 'street_lamp', 'lamp_mount': 'bent_mast', 'lamp_type': 'incandescent', 'light:colour': 'yellow', 'light:direction': '90', 'light:tilt': '-90', 'line_attachment': 'suspension', 'material': 'concrete', 'power': 'pole'}",10,0,0,3,0.52,DaCosta Layout 2nd Cross,Bengaluru
street_lamp,13.0027352,77.6259873,"{'highway': 'street_lamp', 'lamp_mount': 'bent_mast', 'lamp_type': 'incandescent', 'light:colour': 'yellow', 'light:direction': '90', 'light:tilt': '-90', 'line_attachment': 'suspension', 'material': 'concrete', 'power': 'pole'}",10,0,0,4,0.46,DaCosta Layout 2nd Cross,Bengaluru
street_lamp,13.004005,77.6273871,"{'highway': 'street_lamp', 'lamp_mount': 'bent_mast', 'lamp_type': 'incandescent', 'light:colour': 'yellow', 'light:direction': '260', 'light:tilt': '-90', 'line_attachment': 'suspension', 'material': 'concrete', 'power': 'pole'}",10,0,0,3,0.52,Hutchins 2nd Cross,Bangalore
street_lamp,13.0040212,77.6270772,"{'highway': 'street_lamp', 'lamp_mount': 'bent_mast', 'lamp_type': 'incandescent', 'light:colour': 'yellow', 'light:direction': '20', 'light:tilt': '-90', 'line_attachment': 'suspension', 'material': 'concrete', 'power': 'pole'}",10,0,0,3,0.52,Hutchins 2nd Cross,Bangalore
street_lamp,13.0040595,77.6269347,"{'highway': 'street_lamp', 'lamp_mount': 'bent_mast', 'lamp_type': 'incandescent', 'light:colour': 'yellow', 'light:direction': '20', 'light:tilt': '-90', 'line_attachment': 'suspension', 'material': 'concrete', 'power': 'pole'}",10,0,0,3,0.52,Hutchins 2nd Cross,Bangalore
street_lamp,13.0040909,77.6268103,"{'highway': 'street_lamp', 'lamp_mount': 'bent_mast', 'lamp_type': 'incandescent', 'light:colour': 'yellow', 'light:direction': '20', 'light:tilt': '-90', 'line_attachment': 'suspension', 'material': 'concrete', 'power': 'pole'}",10,0,0,2,0.58,Hutchins 2nd Cross,Bengaluru
street_lamp,13.0041238,77.6266682,"{'highway': 'street_lamp', 'lamp_mount': 'bent_mast', 'lamp_type': 'incandescent', 'light:colour': 'yellow', 'light:direction': '20', 'light:tilt': '-90', 'line_attachment': 'suspension', 'line_management': 'branch', 'material': 'concrete', 'power': 'pole'}",10,0,0,2,0.58,Hutchins 2nd Cross,Bangalore
street_lamp,13.0041639,77.6265224,"{'highway': 'street_lamp', 'lamp_mount': 'bent_mast', 'lamp_type': 'incandescent', 'light:colour': 'yellow', 'light:direction': '20', 'light:tilt': '-90', 'line_attachment': 'suspension', 'material': 'concrete', 'power': 'pole'}",10,0,0,1,0.64,Hutchins 2nd Cross,Bangalore
street_lamp,13.0041982,77.6263889,"{'highway': 'street_lamp', 'lamp_mount': 'bent_mast', 'lamp_type': 'incandescent', 'light:colour': 'yellow', 'light:count': '2', 'light:direction': '20;200', 'light:tilt': '-90', 'line_attachment': 'suspension', 'line_management': 'branch', 'material': 'concrete', 'power': 'pole'}",10,0,0,2,0.58,Hutchins 2nd Cross,Bangalore
street_lamp,13.0026217,77.6259507,"{'highway': 'street_lamp', 'lamp_mount': 'bent_mast', 'lamp_type': 'incandescent', 'light:colour': 'yellow', 'light:direction': '110', 'light:tilt': '-90', 'line_attachment': 'suspension', 'material': 'concrete', 'power': 'pole'}",10,0,0,4,0.46,DaCosta Layout 2nd Cross,Bengaluru
street_lamp,13.0024844,77.6258916,"{'highway': 'street_lamp', 'lamp_mount': 'bent_mast', 'lamp_type': 'incandescent', 'light:colour': 'yellow', 'light:direction': '110', 'light:tilt': '-90', 'line_attachment': 'suspension', 'material': 'concrete', 'power': 'pole'}",10,0,0,3,0.52,DaCosta Layout 2nd Cross,Bengaluru
street_lamp,13.0023031,77.6258232,"{'highway': 'street_lamp', 'lamp_mount': 'bent_mast', 'lamp_type': 'incandescent', 'light:colour': 'yellow', 'light:count': '2', 'light:direction': '110;200', 'light:tilt': '-90', 'line_attachment': 'suspension', 'material': 'concrete', 'power': 'pole'}",10,0,0,0,0.7,DaCosta Layout 2nd Cross,Bengaluru
street_lamp,13.0042279,77.6262735,"{'highway': 'street_lamp', 'lamp_mount': 'bent_mast', 'lamp_type': 'incandescent', 'light:colour': 'yellow', 'light:direction': '20', 'light:tilt': '-90', 'line_attachment': 'suspension', 'material': 'concrete', 'power': 'pole'}",10,0,0,2,0.58,Hutchins 2nd Cross,Bangalore
street_lamp,13.0042625,77.6261357,"{'highway': 'street_lamp', 'lamp_mount': 'bent_mast', 'lamp_type': 'incandescent', 'light:colour': 'yellow', 'light:direction': '20', 'light:tilt': '-90', 'line_attachment': 'suspension', 'material': 'concrete', 'power': 'pole'}",10,0,0,1,0.64,,Bengaluru
street_lamp,13.0043021,77.625986,"{'highway': 'street_lamp', 'lamp_mount': 'bent_mast', 'lamp_type': 'incandescent', 'light:colour': 'yellow', 'light:direction': '20', 'light:tilt': '-90', 'line_attachment': 'suspension', 'material': 'concrete', 'power': 'pole'}",10,0,0,0,0.7,Hutchins 2nd Cross,Bangalore
street_lamp,13.0043319,77.6258607,"{'highway': 'street_lamp', 'lamp_mount': 'bent_mast', 'lamp_type': 'incandescent', 'light:colour': 'yellow', 'light:direction': '20', 'light:tilt': '-90', 'line_attachment': 'suspension', 'material': 'concrete', 'power': 'pole'}",10,0,0,0,0.7,Hutchins 2nd Cross,Bangalore
street_lamp,13.0044112,77.625561,"{'highway': 'street_lamp', 'lamp_mount': 'bent_mast', 'lamp_type': 'incandescent', 'light:colour': 'yellow', 'light:direction': '80', 'light:tilt': '-90', 'line_attachment': 'suspension', 'material': 'concrete', 'power': 'pole'}",10,0,0,2,0.58,Hutchins 2nd Cross,Bangalore
street_lamp,13.004451,77.6254028,"{'highway': 'street_lamp', 'lamp_mount': 'bent_mast', 'lamp_type': 'incandescent', 'light:colour': 'yellow', 'light:direction': '20', 'light:tilt': '-90', 'line_attachment': 'suspension', 'material': 'concrete', 'power': 'pole'}",10,0,0,4,0.46,Hutchins 2nd Cross,Bangalore
street_lamp,13.0044983,77.6252186,"{'highway': 'street_lamp', 'lamp_mount': 'bent_mast', 'lamp_type': 'incandescent', 'light:colour': 'yellow', 'light:direction': '20', 'light:tilt': '-90', 'line_attachment': 'suspension', 'material': 'concrete', 'power': 'pole'}",10,0,0,3,0.52,Hutchins 2nd Cross,Bengaluru
street_lamp,13.0045302,77.6250807,"{'highway': 'street_lamp', 'lamp_mount': 'bent_mast', 'lamp_type': 'incandescent', 'light:colour': 'yellow', 'light:direction': '20', 'light:tilt': '-90', 'line_attachment': 'suspension', 'material': 'concrete', 'power': 'pole'}",10,0,0,1,0.64,Hutchins 2nd Cross,Bangalore
street_lamp,13.0045711,77.6249292,"{'highway': 'street_lamp', 'lamp_mount': 'bent_mast', 'lamp_type': 'incandescent', 'light:colour': 'yellow', 'light:direction': '280', 'light:tilt': '-90', 'line_attachment': 'suspension', 'line_management': 'branch', 'material': 'concrete', 'power': 'pole'}",10,0,0,0,0.7,Hutchins 2nd Cross,Bangalore
street_lamp,13.0046379,77.6246661,"{'highway': 'street_lamp', 'lamp_mount': 'bent_mast', 'lamp_type': 'incandescent', 'light:colour': 'yellow', 'light:direction': '20', 'light:tilt': '-90', 'line_attachment': 'suspension', 'material': 'concrete', 'power': 'pole'}",10,0,0,4,0.46,Hutchins 2nd Cross,Bangalore
street_lamp,13.0046782,77.6245155,"{'highway': 'street_lamp', 'lamp_mount': 'bent_mast', 'lamp_type': 'incandescent', 'light:colour': 'yellow', 'light:direction': '20', 'light:tilt': '-90', 'line_attachment': 'suspension', 'material': 'concrete', 'power': 'pole'}",10,0,0,4,0.46,Hutchins 2nd Cross,Bangalore
street_lamp,13.0047222,77.6243714,"{'highway': 'street_lamp', 'lamp_mount': 'bent_mast', 'lamp_type': 'incandescent', 'light:colour': 'yellow', 'light:direction': '20', 'light:tilt': '-90', 'line_attachment': 'suspension', 'material': 'concrete', 'power': 'pole'}",10,0,0,0,0.7,Hutchins 2nd Cross,Bangalore
street_lamp,13.0047777,77.6241437,"{'highway': 'street_lamp', 'lamp_mount': 'bent_mast', 'lamp_type': 'incandescent', 'light:colour': 'yellow', 'light:direction': '20', 'light:tilt': '-90', 'line_attachment': 'suspension', 'material': 'concrete', 'power': 'pole'}",10,0,0,1,0.64,Hutchins 2nd Cross,Bangalore
street_lamp,13.0048561,77.623934,"{'highway': 'street_lamp', 'lamp_mount': 'bent_mast', 'lamp_type': 'incandescent', 'light:colour': 'yellow', 'light:direction': '30', 'light:tilt': '-90', 'line_attachment': 'suspension', 'material': 'concrete', 'power': 'pole'}",10,0,0,4,0.46,Hutchins 2nd Cross,Bangalore
street_lamp,13.0050907,77.6234821,"{'highway': 'street_lamp', 'lamp_mount': 'bent_mast', 'lamp_type': 'incandescent', 'light:colour': 'yellow', 'light:direction': '30', 'light:tilt': '-90', 'line_attachment': 'suspension', 'material': 'concrete', 'power': 'pole'}",10,0,0,1,0.64,Hutchins 2nd Cross,Bengaluru
street_lamp,13.003851,77.6246734,"{'highway': 'street_lamp', 'lamp_mount': 'bent_mast', 'lamp_type': 'incandescent', 'light:colour': 'yellow', 'light:direction': '290', 'light:tilt': '-90', 'line_attachment': 'suspension', 'material': 'concrete', 'power': 'pole'}",10,0,0,0,0.7,,Bengaluru
street_lamp,13.0046964,77.6249662,"{'highway': 'street_lamp', 'lamp_mount': 'bent_mast', 'lamp_type': 'incandescent', 'light:colour': 'yellow', 'light:direction': '280', 'light:tilt': '-90', 'line_attachment': 'suspension', 'material': 'concrete', 'power': 'pole'}",10,0,0,0,0.7,Wheeler Road Extension,Bangalore
street_lamp,13.0048375,77.6250116,"{'highway': 'street_lamp', 'lamp_mount': 'bent_mast', 'lamp_type': 'incandescent', 'light:colour': 'yellow', 'light:direction': '280', 'light:tilt': '-90', 'line_attachment': 'suspension', 'material': 'concrete', 'power': 'pole'}",10,0,0,1,0.64,Wheeler Road Extension,Bangalore
street_lamp,13.0050525,77.6250688,"{'highway': 'street_lamp', 'lamp_mount': 'bent_mast', 'lamp_type': 'incandescent', 'light:colour': 'yellow', 'light:direction': '16', 'light:tilt': '-90', 'line_attachment': 'suspension', 'line_management': 'branch', 'material': 'concrete', 'power': 'pole'}",10,0,0,3,0.52,Wheeler Road Extension,Bengaluru
street_lamp,13.0052951,77.6251417,"{'highway': 'street_lamp', 'lamp_mount': 'bent_mast', 'lamp_type': 'incandescent', 'light:colour': 'yellow', 'light:direction': '285', 'light:tilt': '-90', 'line_attachment': 'suspension', 'material': 'concrete', 'power': 'pole'}",10,0,0,0,0.7,Wheeler Road Extension,Bangalore
street_lamp,13.0055113,77.6252025,"{'highway': 'street_lamp', 'lamp_mount': 'bent_mast', 'lamp_type': 'incandescent', 'light:colour': 'yellow', 'light:direction': '280', 'light:tilt': '-90', 'line_attachment': 'suspension', 'material': 'concrete', 'power': 'pole'}",10,0,0,4,0.46,Wheeler Road Extension,Bengaluru
street_lamp,13.0056358,77.6252351,"{'highway': 'street_lamp', 'lamp_mount': 'bent_mast', 'lamp_type': 'incandescent', 'light:colour': 'yellow', 'light:direction': '280', 'light:tilt': '-90', 'line_attachment': 'suspension', 'line_management': 'branch', 'material': 'concrete', 'power': 'pole'}",10,0,0,4,0.46,Wheeler Road Extension,Bengaluru
street_lamp,13.0057393,77.6252734,"{'highway': 'street_lamp', 'lamp_mount': 'bent_mast', 'lamp_type': 'incandescent', 'light:colour': 'yellow', 'light:direction': '280', 'light:tilt': '-90', 'line_attachment': 'suspension', 'material': 'concrete', 'power': 'pole'}",10,0,0,0,0.7,Wheeler Road Extension,Bengaluru
street_lamp,13.0059733,77.6253703,"{'highway': 'street_lamp', 'lamp_mount': 'bent_mast', 'lamp_type': 'incandescent', 'light:colour': 'yellow', 'light:direction': '290', 'light:tilt': '-90', 'line_attachment': 'suspension', 'material': 'concrete', 'power': 'pole'}",10,0,0,2,0.58,Wheeler Road Extension,Bangalore
street_lamp,13.0061835,77.6254568,"{'highway': 'street_lamp', 'lamp_mount': 'bent_mast', 'lamp_type': 'incandescent', 'light:colour': 'yellow', 'light:direction': '290', 'light:tilt': '-90', 'line_attachment': 'suspension', 'material': 'concrete', 'power': 'pole'}",10,0,0,1,0.64,Wheeler Road Extension,Bangalore
street_lamp,13.0064695,77.6255721,"{'highway': 'street_lamp', 'lamp_mount': 'bent_mast', 'lamp_type': 'incandescent', 'light:colour': 'yellow', 'light:direction': '290', 'light:tilt': '-90', 'line_attachment': 'suspension', 'line_management': 'branch', 'material': 'concrete', 'power': 'pole'}",10,0,0,0,0.7,Hutchins 6th Cross,Bengaluru
street_lamp,13.0044187,77.6248156,"{'highway': 'street_lamp', 'lamp_mount': 'bent_mast', 'lamp_type': 'incandescent', 'light:colour': 'yellow', 'light:direction': '110', 'light:tilt': '-90', 'line_attachment': 'suspension', 'material': 'concrete', 'power': 'pole'}",10,0,0,2,0.58,Hutchins 2nd Cross,Bangalore
street_lamp,13.0054012,77.6234541,"{'highway': 'street_lamp', 'lamp_mount': 'bent_mast', 'lamp_type': 'incandescent', 'light:colour': 'yellow', 'light:direction': '290', 'light:tilt': '-90', 'line_attachment': 'suspension', 'material': 'concrete', 'power': 'pole'}",10,0,0,4,0.46,Hutchins Main Road,Bangalore
street_lamp,13.005577,77.6235339,"{'highway': 'street_lamp', 'lamp_mount': 'bent_mast', 'lamp_type': 'incandescent', 'light:colour': 'yellow', 'light:direction': '23', 'light:tilt': '-90', 'line_attachment': 'suspension', 'line_management': 'branch', 'material': 'concrete', 'power': 'pole'}",10,0,0,2,0.58,Hutchins 3rd Cross,Bengaluru
street_lamp,13.0056547,77.6233669,"{'highway': 'street_lamp', 'lamp_mount': 'bent_mast', 'lamp_type': 'incandescent', 'light:colour': 'yellow', 'light:direction': '23', 'light:tilt': '-90', 'line_attachment': 'suspension', 'material': 'concrete', 'power': 'pole'}",10,0,0,2,0.58,Hutchins 3rd Cross,Bengaluru
street_lamp,13.0057174,77.6232301,"{'highway': 'street_lamp', 'lamp_mount': 'bent_mast', 'lamp_type': 'incandescent', 'light:colour': 'yellow', 'light:direction': '23', 'light:tilt': '-90', 'line_attachment': 'suspension', 'material': 'concrete', 'power': 'pole'}",10,0,0,2,0.58,Hutchins 3rd Cross,Bengaluru
street_lamp,13.0057553,77.6231423,"{'highway': 'street_lamp', 'lamp_mount': 'bent_mast', 'lamp_type': 'incandescent', 'light:colour': 'yellow', 'light:direction': '23', 'light:tilt': '-90', 'line_attachment': 'suspension', 'material': 'concrete', 'power': 'pole'}",10,0,0,0,0.7,,Bengaluru
street_lamp,13.0058906,77.6228419,"{'highway': 'street_lamp', 'lamp_mount': 'bent_mast', 'lamp_type': 'incandescent', 'light:colour': 'yellow', 'light:direction': '23', 'light:tilt': '-90', 'line_attachment': 'suspension', 'material': 'concrete', 'power': 'pole'}",10,0,0,3,0.52,Hutchins 3rd Cross,Bangalore
street_lamp,13.0059422,77.6227266,"{'highway': 'street_lamp', 'lamp_mount': 'bent_mast', 'lamp_type': 'incandescent', 'light:colour': 'yellow', 'light:direction': '23', 'light:tilt': '-90', 'line_attachment': 'suspension', 'line_management': 'branch', 'material': 'concrete', 'power': 'pole'}",10,0,0,0,0.7,Hutchins 3rd Cross,Bangalore
street_lamp,13.0060036,77.6225871,"{'highway': 'street_lamp', 'lamp_mount': 'bent_mast', 'lamp_type': 'incandescent', 'light:colour': 'yellow', 'light:direction': '100', 'light:tilt': '-90', 'line_attachment': 'suspension', 'line_management': 'termination', 'material': 'concrete', 'power': 'pole'}",10,0,0,4,0.46,Hutchins 3rd Cross,Bangalore
street_lamp,13.005803,77.6236452,"{'highway': 'street_lamp', 'lamp_mount': 'bent_mast', 'lamp_type': 'incandescent', 'light:colour': 'yellow', 'light:direction': '295', 'light:tilt': '-90', 'line_attachment': 'suspension', 'material': 'concrete', 'power': 'pole'}",10,0,0,4,0.46,Hutchins Main Road,Bengaluru
street_lamp,13.0059938,77.623733,"{'highway': 'street_lamp', 'lamp_mount': 'bent_mast', 'lamp_type': 'incandescent', 'light:colour': 'yellow', 'light:direction': '295', 'light:tilt': '-90', 'line_attachment': 'suspension', 'line_management': 'branch', 'material': 'concrete', 'power': 'pole'}",10,0,0,2,0.58,Hutchins Main Road,Bengaluru
street_lamp,13.0062146,77.623833,"{'highway': 'street_lamp', 'lamp_mount': 'bent_mast', 'lamp_type': 'incandescent', 'light:colour': 'yellow', 'light:direction': '295', 'light:tilt': '-90', 'line_attachment': 'suspension', 'material': 'concrete', 'power': 'pole'}",10,0,0,0,0.7,Hutchins Main Road,Bangalore
street_lamp,13.006482,77.6239589,"{'highway': 'street_lamp', 'lamp_mount': 'bent_mast', 'lamp_type': 'incandescent', 'light:colour': 'yellow', 'light:direction': '295', 'light:tilt': '-90', 'line_attachment': 'suspension', 'line_management': 'branch', 'material': 'concrete', 'power': 'pole'}",10,0,0,4,0.46,Hutchins Main Road,Bengaluru
street_lamp,13.0066864,77.6240549,"{'highway': 'street_lamp', 'lamp_mount': 'bent_mast', 'lamp_type': 'incandescent', 'light:colour': 'yellow', 'light:direction': '295', 'light:tilt': '-90', 'line_attachment': 'suspension', 'material': 'concrete', 'power': 'pole'}",10,0,0,3,0.52,Hutchins Main Road,Bangalore
street_lamp,13.0070013,77.6241897,"{'highway': 'street_lamp', 'lamp_mount': 'bent_mast', 'lamp_type': 'incandescent', 'light:colour': 'yellow', 'light:direction': '293', 'light:tilt': '-90', 'line_attachment': 'suspension', 'line_management': 'branch', 'material': 'concrete', 'power': 'pole'}",10,0,0,2,0.58,Hutchins Main Road,Bangalore
street_lamp,13.0051105,77.6248334,"{'highway': 'street_lamp', 'lamp_mount': 'bent_mast', 'lamp_type': 'incandescent', 'light:colour': 'yellow', 'light:direction': '17', 'light:tilt': '-90', 'line_attachment': 'suspension', 'material': 'concrete', 'power': 'pole'}",10,0,0,1,0.64,Hutchins 3rd Cross,Bengaluru
street_lamp,13.0051503,77.6246631,"{'highway': 'street_lamp', 'lamp_mount': 'bent_mast', 'lamp_type': 'incandescent', 'light:colour': 'yellow', 'light:direction': '17', 'light:tilt': '-90', 'line_attachment': 'suspension', 'line_management': 'branch', 'material': 'concrete', 'power': 'pole'}",10,0,0,2,0.58,Hutchins 3rd Cross,Bangalore
street_lamp,13.0052137,77.6244009,"{'highway': 'street_lamp', 'lamp_mount': 'bent_mast', 'lamp_type': 'incandescent', 'light:colour': 'yellow', 'light:direction': '17', 'light:tilt': '-90', 'line_attachment': 'suspension', 'material': 'concrete', 'power': 'pole'}",10,0,0,2,0.58,Hutchins 3rd Cross,Bangalore
street_lamp,13.0052875,77.6241713,"{'highway': 'street_lamp', 'lamp_mount': 'bent_mast', 'lamp_type': 'incandescent', 'light:colour': 'yellow', 'light:direction': '23', 'light:tilt': '-90', 'line_attachment': 'suspension', 'material': 'concrete', 'power': 'pole'}",10,0,0,4,0.46,,Bengaluru
street_lamp,13.0053627,77.6239966,"{'highway': 'street_lamp', 'lamp_mount': 'bent_mast', 'lamp_type': 'incandescent', 'light:colour': 'yellow', 'light:direction': '23', 'light:tilt': '-90', 'line_attachment': 'suspension', 'material': 'concrete', 'power': 'pole'}",10,0,0,3,0.52,Hutchins 3rd Cross,Bangalore
street_lamp,13.0054574,77.6238021,"{'highway': 'street_lamp', 'lamp_mount': 'bent_mast', 'lamp_type': 'incandescent', 'light:colour': 'yellow', 'light:direction': '23', 'light:tilt': '-90', 'line_attachment': 'suspension', 'material': 'concrete', 'power': 'pole'}",10,0,0,2,0.58,Hutchins 3rd Cross,Bangalore
street_lamp,13.0058494,77.6244988,"{'highway': 'street_lamp', 'lamp_mount': 'bent_mast', 'lamp_type': 'incandescent', 'light:colour': 'yellow', 'light:direction': '295', 'light:tilt': '-90', 'line_attachment': 'suspension', 'material': 'concrete', 'power': 'pole'}",10,0,0,2,0.58,"Hutchins 5th Cross ""B"" Street",Bangalore
street_lamp,13.0061104,77.6246108,"{'highway': 'street_lamp', 'lamp_mount': 'bent_mast', 'lamp_type': 'incandescent', 'light:colour': 'yellow', 'light:direction': '295', 'light:tilt': '-90', 'line_attachment': 'suspension', 'material': 'concrete', 'power': 'pole'}",10,0,0,2,0.58,"Hutchins 5th Cross ""B"" Street",Bengaluru
street_lamp,13.0061931,77.6246477,"{'highway': 'street_lamp', 'lamp_mount': 'bent_mast', 'lamp_type': 'incandescent', 'light:colour': 'yellow', 'light:direction': '20', 'light:tilt': '-90', 'line_attachment': 'suspension', 'material': 'concrete', 'power': 'pole'}",10,0,0,0,0.7,,Bengaluru
street_lamp,13.0063793,77.6247282,"{'highway': 'street_lamp', 'lamp_mount': 'bent_mast', 'lamp_type': 'incandescent', 'light:colour': 'yellow', 'light:direction': '290', 'light:tilt': '-90', 'line_attachment': 'suspension', 'material': 'concrete', 'power': 'pole'}",10,0,0,1,0.64,"Hutchins 5th Cross ""B"" Street",Bangalore
street_lamp,13.0064806,77.6247667,"{'highway': 'street_lamp', 'lamp_mount': 'bent_mast', 'lamp_type': 'incandescent', 'light:colour': 'yellow', 'light:direction': '290', 'light:tilt': '-90', 'line_attachment': 'suspension', 'material': 'concrete', 'power': 'pole'}",10,0,0,3,0.52,"Hutchins 5th Cross ""B"" Street",Bengaluru
street_lamp,13.0053137,77.6247114,"{'highway': 'street_lamp', 'lamp_mount': 'bent_mast', 'lamp_type': 'incandescent', 'light:colour': 'yellow', 'light:direction': '287', 'light:tilt': '-90', 'line_attachment': 'suspension', 'material': 'concrete', 'power': 'pole'}",10,0,0,1,0.64,Hutchins 3rd Cross,Bangalore
street_lamp,13.0055103,77.6247717,"{'highway': 'street_lamp', 'lamp_mount': 'bent_mast', 'lamp_type': 'incandescent', 'light:colour': 'yellow', 'light:direction': '287', 'light:tilt': '-90', 'line_attachment': 'suspension', 'material': 'concrete', 'power': 'pole'}",10,0,0,0,0.7,"Hutchins 5th Cross ""C"" Street",Bangalore
street_lamp,13.0056802,77.6248287,"{'highway': 'street_lamp', 'lamp_mount': 'bent_mast', 'lamp_type': 'incandescent', 'light:colour': 'yellow', 'light:direction': '287', 'light:tilt': '-90', 'line_attachment': 'suspension', 'material': 'concrete', 'power': 'pole'}",10,0,0,2,0.58,,Bengaluru
street_lamp,13.0057691,77.6248643,"{'guyed': 'yes', 'highway': 'street_lamp', 'lamp_mount': 'bent_mast', 'lamp_type': 'incandescent', 'light:colour': 'yellow', 'light:direction': '287', 'light:tilt': '-90', 'line_attachment': 'suspension', 'material': 'concrete', 'power': 'pole'}",10,0,0,2,0.58,"Hutchins 5th Cross ""C"" Street",Bangalore
street_lamp,13.0060683,77.6249602,"{'highway': 'street_lamp', 'lamp_mount': 'bent_mast', 'lamp_type': 'incandescent', 'light:colour': 'yellow', 'light:direction': '20', 'light:tilt': '-90', 'line_attachment': 'suspension', 'material': 'concrete', 'power': 'pole'}",10,0,0,3,0.52,Hutchins 5th Cross,Bangalore
street_lamp,13.0059135,77.6239067,"{'highway': 'street_lamp', 'lamp_mount': 'bent_mast', 'lamp_type': 'incandescent', 'light:colour': 'yellow', 'light:direction': '292', 'light:tilt': '-90', 'line_attachment': 'suspension', 'material': 'concrete', 'power': 'pole'}",10,0,0,0,0.7,Hutchins Main Road,Bangalore
street_lamp,13.0060611,77.6235922,"{'highway': 'street_lamp', 'lamp_mount': 'bent_mast', 'lamp_type': 'incandescent', 'light:colour': 'yellow', 'light:direction': '25', 'light:tilt': '-90', 'line_attachment': 'suspension', 'material': 'concrete', 'power': 'pole'}",10,0,0,0,0.7,Hutchins 4th Cross,Bengaluru
street_lamp,13.0062493,77.6231765,"{'highway': 'street_lamp', 'lamp_mount': 'bent_mast', 'lamp_type': 'incandescent', 'light:colour': 'yellow', 'light:direction': '25', 'light:tilt': '-90', 'line_attachment': 'suspension', 'material': 'concrete', 'power': 'pole'}",10,0,0,1,0.64,,Bengaluru
street_lamp,13.0064414,77.6227651,"{'highway': 'street_lamp', 'lamp_mount': 'bent_mast', 'lamp_type': 'incandescent', 'light:colour': 'yellow', 'light:direction': '90', 'light:tilt': '-90', 'line_attachment': 'suspension', 'material': 'concrete', 'power': 'pole'}",10,0,0,1,0.64,Hutchins 4th Cross,Bangalore
street_lamp,13.006263,77.6232992,"{'highway': 'street_lamp', 'lamp_mount': 'bent_mast', 'lamp_type': 'fluorescent', 'light:colour': 'white', 'light:direction': '207', 'light:tilt': '-90', 'line_attachment': 'suspension', 'material': 'concrete', 'power': 'pole'}",10,0,0,1,0.64,,Bengaluru
street_lamp,13.0061251,77.6234508,"{'highway': 'street_lamp', 'lamp_mount': 'bent_mast', 'lamp_type': 'incandescent', 'light:colour': 'yellow', 'light:direction': '25', 'light:tilt': '-90', 'line_attachment': 'suspension', 'material': 'concrete', 'power': 'pole'}",10,0,0,4,0.46,Hutchins 4th Cross,Bengaluru
street_lamp,13.0057593,77.6242588,"{'highway': 'street_lamp', 'lamp_mount': 'bent_mast', 'lamp_type': 'incandescent', 'light:colour': 'yellow', 'light:direction': '25', 'light:tilt': '-90', 'line_attachment': 'suspension', 'material': 'concrete', 'power': 'pole'}",10,0,0,1,0.64,Hutchins 4th Cross,Bangalore
street_lamp,13.0058416,77.6240777,"{'highway': 'street_lamp', 'lamp_mount': 'bent_mast', 'lamp_type': 'incandescent', 'light:colour': 'yellow', 'light:direction': '25', 'light:tilt': '-90', 'line_attachment': 'suspension', 'line_management': 'branch', 'material': 'concrete', 'power': 'pole'}",10,0,0,1,0.64,,Bengaluru
street_lamp,13.0060912,77.6242085,"{'highway': 'street_lamp', 'lamp_mount': 'bent_mast', 'lamp_type': 'incandescent', 'light:colour': 'yellow', 'light:direction': '292', 'light:tilt': '-90', 'line_attachment': 'suspension', 'material': 'concrete', 'power': 'pole'}",10,0,0,4,0.46,"Hutchins 5th Cross ""A"" Street",Bangalore
street_lamp,13.0063375,77.6243171,"{'highway': 'street_lamp', 'lamp_mount': 'bent_mast', 'lamp_type': 'incandescent', 'light:colour': 'yellow', 'light:direction': '25', 'light:tilt': '-90', 'line_attachment': 'suspension', 'line_management': 'branch', 'material': 'concrete', 'power': 'pole'}",10,0,0,4,0.46,,Bengaluru
street_lamp,13.0066648,77.6244774,"{'highway': 'street_lamp', 'lamp_mount': 'bent_mast', 'lamp_type': 'incandescent', 'light:colour': 'yellow', 'light:direction': '291', 'light:tilt': '-90', 'line_attachment': 'suspension', 'material': 'concrete', 'power': 'pole'}",10,0,0,3,0.52,"Hutchins 5th Cross ""A"" Street",Bangalore
street_lamp,13.0068538,77.6245631,"{'highway': 'street_lamp', 'lamp_mount': 'bent_mast', 'lamp_type': 'incandescent', 'light:colour': 'yellow', 'light:direction': '200', 'light:tilt': '-90', 'line_attachment': 'suspension', 'line_management': 'branch', 'material': 'concrete', 'power': 'pole'}",10,0,0,3,0.52,,Bengaluru
street_lamp,13.0045885,77.6260116,"{'highway': 'street_lamp', 'lamp_mount': 'bent_mast', 'lamp_type': 'incandescent', 'light:colour': 'yellow', 'light:direction': '17', 'light:tilt': '-90', 'line_attachment': 'suspension', 'material': 'concrete', 'power': 'pole'}",10,0,0,4,0.46,Hutchins 3rd Cross,Bangalore
street_lamp,13.0045297,77.6262175,"{'highway': 'street_lamp', 'lamp_mount': 'bent_mast', 'lamp_type': 'incandescent', 'light:colour': 'yellow', 'light:direction': '17', 'light:tilt': '-90', 'line_attachment': 'suspension', 'material': 'concrete', 'power': 'pole'}",10,0,0,2,0.58,Hutchins 3rd Cross,Bangalore
street_lamp,13.0044637,77.6264501,"{'highway': 'street_lamp', 'lamp_mount': 'bent_mast', 'lamp_type': 'incandescent', 'light:colour': 'yellow', 'light:direction': '286', 'light:tilt': '-90', 'line_attachment': 'suspension', 'material': 'concrete', 'power': 'pole'}",10,0,0,0,0.7,Hutchins 3rd Cross,Bangalore
street_lamp,13.0046342,77.6265004,"{'highway': 'street_lamp', 'lamp_mount': 'bent_mast', 'lamp_type': 'incandescent', 'light:colour': 'yellow', 'light:direction': '198', 'light:tilt': '-90', 'line_attachment': 'suspension', 'material': 'concrete', 'power': 'pole'}",10,0,0,1,0.64,Hutchins 3rd Cross,Bengaluru
street_lamp,13.0047998,77.6260713,"{'highway': 'street_lamp', 'lamp_mount': 'bent_mast', 'lamp_type': 'incandescent', 'light:colour': 'yellow', 'light:direction': '198', 'light:tilt': '-90', 'line_attachment': 'suspension', 'material': 'concrete', 'power': 'pole'}",10,0,0,2,0.58,Hutchins 3rd Cross,Bangalore
street_lamp,13.0045822,77.6268169,"{'highway': 'street_lamp', 'lamp_mount': 'bent_mast', 'lamp_type': 'led', 'light:colour': 'white', 'light:direction': '90', 'light:tilt': '-90', 'line_attachment': 'suspension', 'material': 'concrete', 'power': 'pole'}",10,0,0,1,0.64,1st Cross Road,Bengaluru
street_lamp,13.0043101,77.6267207,"{'highway': 'street_lamp', 'lamp_mount': 'bent_mast', 'lamp_type': 'incandescent', 'light:colour': 'yellow', 'light:direction': '90', 'light:tilt': '-90', 'line_attachment': 'suspension', 'material': 'concrete', 'power': 'pole'}",10,0,0,3,0.52,Hutchins 2nd Cross,Bengaluru
street_lamp,13.0049883,77.6253229,"{'highway': 'street_lamp', 'lamp_mount': 'bent_mast', 'lamp_type': 'incandescent', 'light:colour': 'yellow', 'light:direction': '17', 'light:tilt': '-90', 'line_attachment': 'suspension', 'material': 'concrete', 'power': 'pole'}",10,0,0,4,0.46,Hutchins 3rd Cross,Bengaluru
street_lamp,13.0049439,77.6254718,"{'highway': 'street_lamp', 'lamp_mount': 'bent_mast', 'lamp_type': 'incandescent', 'light:colour': 'yellow', 'light:direction': '17', 'light:tilt': '-90', 'line_attachment': 'suspension', 'line_management': 'branch', 'material': 'concrete', 'power': 'pole'}",10,0,0,1,0.64,Hutchins 3rd Cross,Bangalore
street_lamp,13.0048923,77.6256475,"{'highway': 'street_lamp', 'lamp_mount': 'bent_mast', 'lamp_type': 'incandescent', 'light:colour': 'yellow', 'light:direction': '18', 'light:tilt': '-90', 'line_attachment': 'suspension', 'material': 'concrete', 'power': 'pole'}",10,0,0,3,0.52,Hutchins 3rd Cross,Bangalore
street_lamp,13.0048367,77.6258259,"{'highway': 'street_lamp', 'lamp_mount': 'bent_mast', 'lamp_type': 'incandescent', 'light:colour': 'yellow', 'light:direction': '20', 'light:tilt': '-90', 'line_attachment': 'suspension', 'material': 'concrete', 'power': 'pole'}",10,0,0,0,0.7,,Bengaluru
street_lamp,13.004659,77.6263348,"{'highway': 'street_lamp', 'lamp_mount': 'bent_mast', 'lamp_type': 'incandescent', 'light:colour': 'yellow', 'light:direction': '20', 'light:tilt': '-90', 'line_attachment': 'suspension', 'material': 'concrete', 'power': 'pole'}",10,0,0,1,0.64,Hutchins 3rd Cross,Bangalore
street_lamp,13.0050027,77.6270047,"{'highway': 'street_lamp', 'lamp_mount': 'bent_mast', 'lamp_type': 'incandescent', 'light:colour': 'yellow', 'light:direction': '197', 'light:tilt': '-90', 'line_attachment': 'pin', 'line_management': 'branch', 'material': 'concrete', 'power': 'pole'}",10,0,0,3,0.52,Wheeler Road Extension Cross,Bangalore
street_lamp,13.0055443,77.6271847,"{'highway': 'street_lamp', 'lamp_mount': 'bent_mast', 'lamp_type': 'incandescent', 'light:colour': 'yellow', 'light:direction': '290', 'light:tilt': '-90', 'material': 'concrete'}",10,0,0,2,0.58,Banaswadi Railway Station Road,Bengaluru
street_lamp,13.0056818,77.6272062,"{'highway': 'street_lamp', 'lamp_type': 'floodlight', 'light:colour': 'white', 'light:direction': '24', 'light:tilt': '-20', 'line_attachment': 'suspension', 'material': 'concrete', 'power': 'pole'}",10,0,0,0,0.7,Hutchins 6th Cross,Bangalore
street_lamp,13.0054617,77.627122,"{'highway': 'street_lamp', 'lamp_mount': 'bent_mast', 'lamp_type': 'incandescent', 'light:colour': 'yellow', 'light:direction': '112', 'light:tilt': '-90', 'line_attachment': 'suspension', 'material': 'concrete', 'power': 'pole'}",10,0,0,2,0.58,Wheeler Road Extension Cross,Bangalore
street_lamp,13.005334,77.6270745,"{'highway': 'street_lamp', 'lamp_mount': 'bent_mast', 'lamp_type': 'incandescent', 'light:colour': 'yellow', 'light:direction': '108', 'light:tilt': '-90', 'line_attachment': 'suspension', 'material': 'concrete', 'power': 'pole'}",10,0,0,3,0.52,3rd Cross Road,Bengaluru
street_lamp,13.0051628,77.6270194,"{'highway': 'street_lamp', 'lamp_mount': 'bent_mast', 'lamp_type': 'incandescent', 'light:colour': 'yellow', 'light:direction': '108', 'light:tilt': '-90', 'line_attachment': 'suspension', 'line_management': 'termination', 'material': 'concrete', 'power': 'pole'}",10,0,0,1,0.64,3rd Cross Road,Bengaluru
street_lamp,13.0049269,77.6269695,"{'highway': 'street_lamp', 'lamp_mount': 'bent_mast', 'lamp_type': 'incandescent', 'light:colour': 'yellow', 'light:direction': '290', 'light:tilt': '-90', 'line_attachment': 'suspension', 'material': 'concrete', 'power': 'pole'}",10,0,0,4,0.46,Wheeler Road Extension Cross,Bangalore
street_lamp,13.0047459,77.6269061,"{'highway': 'street_lamp', 'lamp_mount': 'bent_mast', 'lamp_type': 'incandescent', 'light:colour': 'yellow', 'light:direction': '290', 'light:tilt': '-90', 'line_attachment': 'suspension', 'material': 'concrete', 'power': 'pole'}",10,0,0,2,0.58,,Bengaluru
street_lamp,12.9541084,77.5696955,"{'highway': 'street_lamp', 'lamp_type': 'led', 'support': 'pole'}",10,0,0,0,0.7,Shankar Mutt Road,Bengaluru
street_lamp,13.0016588,77.5503662,"{'highway': 'street_lamp', 'support': 'pole'}",10,0,0,2,0.58,K B Venkatesh Road,Bengaluru
street_lamp,13.0032418,77.6165161,"{'highway': 'street_lamp', 'lamp_mount': 'bent_mast', 'lamp_type': 'led', 'light:colour': 'white', 'light:direction': '20', 'light:tilt': '-90', 'line_attachment': 'suspension', 'material': 'concrete', 'power': 'pole'}",10,0,0,2,0.58,,Bengaluru
street_lamp,13.0050125,77.6267472,"{'highway': 'street_lamp', 'lamp_mount': 'bent_mast', 'lamp_type': 'incandescent', 'light:colour': 'yellow', 'light:direction': '20', 'light:tilt': '-90', 'line_attachment': 'suspension', 'material': 'concrete', 'power': 'pole'}",10,0,0,4,0.46,Wheeler Road Extension Cross,Bangalore
street_lamp,13.0049138,77.6264924,"{'highway': 'street_lamp', 'lamp_mount': 'bent_mast', 'lamp_type': 'incandescent', 'light:colour': 'yellow', 'light:direction': '20', 'light:tilt': '-90', 'line_attachment': 'suspension', 'material': 'concrete', 'power': 'pole'}",10,0,0,1,0.64,Wheeler Road Extension Cross,Bangalore
street_lamp,13.0050843,77.6265608,"{'highway': 'street_lamp', 'lamp_mount': 'bent_mast', 'lamp_type': 'incandescent', 'light:colour': 'yellow', 'light:direction': '20', 'light:tilt': '-90', 'line_attachment': 'suspension', 'line_management': 'branch', 'material': 'concrete', 'power': 'pole'}",10,0,0,0,0.7,Wheeler Road Extension Cross,Bangalore
street_lamp,13.0051582,77.6263536,"{'highway': 'street_lamp', 'lamp_mount': 'bent_mast', 'lamp_type': 'incandescent', 'light:colour': 'yellow', 'light:direction': '20', 'light:tilt': '-90', 'line_attachment': 'suspension', 'material': 'concrete', 'power': 'pole'}",10,0,0,0,0.7,Wheeler Road Extension Cross,Bangalore
street_lamp,13.0049785,77.6261947,"{'highway': 'street_lamp', 'lamp_mount': 'bent_mast', 'lamp_type': 'incandescent', 'light:colour': 'yellow', 'light:direction': '290', 'light:tilt': '-90', 'line_attachment': 'suspension', 'line_management': 'termination', 'material': 'concrete', 'power': 'pole'}",10,0,0,1,0.64,Wheeler Road Extension Cross,Bangalore
street_lamp,13.0051948,77.626261,"{'highway': 'street_lamp', 'lamp_mount': 'bent_mast', 'lamp_type': 'incandescent', 'light:colour': 'yellow', 'light:direction': '290', 'light:tilt': '-90', 'line_attachment': 'suspension', 'line_management': 'branch', 'material': 'concrete', 'power': 'pole'}",10,0,0,3,0.52,Wheeler Road Extension Cross,Bangalore
street_lamp,13.0052503,77.6261209,"{'highway': 'street_lamp', 'lamp_mount': 'bent_mast', 'lamp_type': 'incandescent', 'light:colour': 'yellow', 'light:direction': '20', 'light:tilt': '-90', 'line_attachment': 'suspension', 'material': 'concrete', 'power': 'pole'}",10,0,0,0,0.7,,Bengaluru
street_lamp,13.0051157,77.6257535,"{'highway': 'street_lamp', 'lamp_mount': 'bent_mast', 'lamp_type': 'incandescent', 'light:colour': 'yellow', 'light:direction': '20', 'light:tilt': '-90', 'line_attachment': 'suspension', 'material': 'concrete', 'power': 'pole'}",10,0,0,2,0.58,Wheeler Road Extension Cross,Bangalore
street_lamp,13.0053594,77.6258396,"{'highway': 'street_lamp', 'lamp_mount': 'bent_mast', 'lamp_type': 'incandescent', 'light:colour': 'yellow', 'light:direction': '20', 'light:tilt': '-90', 'line_attachment': 'suspension', 'line_management': 'branch', 'material': 'concrete', 'power': 'pole'}",10,0,0,3,0.52,Wheeler Road Extension Cross,Bangalore
street_lamp,13.0053687,77.626987,"{'highway': 'street_lamp', 'lamp_mount': 'bent_mast', 'lamp_type': 'incandescent', 'light:colour': 'yellow', 'light:direction': '23', 'light:tilt': '-90', 'line_attachment': 'suspension', 'material': 'concrete', 'power': 'pole'}",10,0,0,0,0.7,3rd Cross Road,Bengaluru
street_lamp,13.0054104,77.626877,"{'highway': 'street_lamp', 'lamp_mount': 'bent_mast', 'lamp_type': 'incandescent', 'light:colour': 'yellow', 'light:direction': '23', 'light:tilt': '-90', 'line_attachment': 'suspension', 'material': 'concrete', 'power': 'pole'}",10,0,0,2,0.58,Wheeler Road Extension Cross,Bangalore
street_lamp,13.0054698,77.6267233,"{'highway': 'street_lamp', 'lamp_mount': 'bent_mast', 'lamp_type': 'incandescent', 'light:colour': 'yellow', 'light:direction': '23', 'light:tilt': '-90', 'line_attachment': 'suspension', 'material': 'concrete', 'power': 'pole'}",10,0,0,3,0.52,Wheeler Road Extension Cross,Bangalore
street_lamp,13.0055476,77.6265223,"{'highway': 'street_lamp', 'lamp_mount': 'bent_mast', 'lamp_type': 'incandescent', 'light:colour': 'yellow', 'light:direction': '23', 'light:tilt': '-90', 'line_attachment': 'suspension', 'material': 'concrete', 'power': 'pole'}",10,0,0,0,0.7,Wheeler Road Extension Cross,Bangalore
street_lamp,13.0056149,77.6263484,"{'guyed': 'yes', 'highway': 'street_lamp', 'lamp_mount': 'bent_mast', 'lamp_type': 'incandescent', 'light:colour': 'yellow', 'light:direction': '23', 'light:tilt': '-90', 'line_attachment': 'suspension', 'line_management': 'termination', 'material': 'concrete', 'power': 'pole'}",10,0,0,2,0.58,Wheeler Road Extension Cross,Bangalore
street_lamp,13.0055711,77.6259264,"{'highway': 'street_lamp', 'lamp_mount': 'bent_mast', 'lamp_type': 'incandescent', 'light:colour': 'yellow', 'light:direction': '110', 'light:tilt': '-90', 'line_attachment': 'suspension', 'material': 'concrete', 'power': 'pole'}",10,0,0,0,0.7,Wheeler Road Extension Cross,Bangalore
street_lamp,13.0057743,77.6260156,"{'highway': 'street_lamp', 'lamp_mount': 'bent_mast', 'lamp_type': 'incandescent', 'light:colour': 'yellow', 'light:direction': '110', 'light:tilt': '-90', 'line_attachment': 'suspension', 'material': 'concrete', 'power': 'pole'}",10,0,0,4,0.46,Wheeler Road Extension Cross,Bangalore
street_lamp,13.0059115,77.6260686,"{'highway': 'street_lamp', 'lamp_mount': 'bent_mast', 'lamp_type': 'incandescent', 'light:colour': 'yellow', 'light:direction': '110', 'light:tilt': '-90', 'line_attachment': 'suspension', 'material': 'concrete', 'power': 'pole'}",10,0,0,4,0.46,Wheeler Road Extension Cross,Bangalore
street_lamp,13.0060827,77.626141,"{'highway': 'street_lamp', 'lamp_mount': 'bent_mast', 'lamp_type': 'incandescent', 'light:colour': 'yellow', 'light:direction': '110', 'light:tilt': '-90', 'line_attachment': 'suspension', 'material': 'concrete', 'power': 'pole'}",10,0,0,2,0.58,Hutchins 6th Cross,Bangalore
street_lamp,13.0062239,77.6261954,"{'highway': 'street_lamp', 'lamp_mount': 'bent_mast', 'lamp_type': 'incandescent', 'light:colour': 'yellow', 'light:direction': '200', 'light:tilt': '-90', 'line_attachment': 'suspension', 'line_management': 'branch', 'material': 'concrete', 'power': 'pole'}",10,0,0,3,0.52,Hutchins 6th Cross,Bangalore
street_lamp,13.0063459,77.6258973,"{'highway': 'street_lamp', 'lamp_mount': 'bent_mast', 'lamp_type': 'incandescent', 'light:colour': 'yellow', 'light:direction': '200', 'light:tilt': '-90', 'line_attachment': 'suspension', 'line_management': 'branch', 'material': 'concrete', 'power': 'pole'}",10,0,0,4,0.46,Hutchins 6th Cross,Bengaluru
street_lamp,13.0060662,77.6257891,"{'highway': 'street_lamp', 'lamp_mount': 'bent_mast', 'lamp_type': 'incandescent', 'light:colour': 'yellow', 'light:direction': '290', 'light:tilt': '-90', 'line_attachment': 'suspension', 'material': 'concrete', 'power': 'pole'}",10,0,0,3,0.52,,Bengaluru
street_lamp,13.0058699,77.6257146,"{'highway': 'street_lamp', 'lamp_mount': 'bent_mast', 'lamp_type': 'incandescent', 'light:colour': 'yellow', 'light:direction': '290', 'light:tilt': '-90', 'line_attachment': 'suspension', 'material': 'concrete', 'power': 'pole'}",10,0,0,0,0.7,,Bengaluru
street_lamp,13.0056232,77.6256212,"{'highway': 'street_lamp', 'lamp_mount': 'bent_mast', 'lamp_type': 'incandescent', 'light:colour': 'yellow', 'light:direction': '290', 'light:tilt': '-90', 'line_attachment': 'suspension', 'material': 'concrete', 'power': 'pole'}",10,0,0,4,0.46,CK Garden,Bengaluru
street_lamp,13.0055642,77.6254341,"{'highway': 'street_lamp', 'lamp_mount': 'bent_mast', 'lamp_type': 'incandescent', 'light:colour': 'yellow', 'light:direction': '200', 'light:tilt': '-90', 'line_attachment': 'suspension', 'material': 'concrete', 'power': 'pole'}",10,0,0,3,0.52,Wheeler Road Extension,Bangalore
street_lamp,13.0055121,77.625579,"{'guyed': 'pole', 'highway': 'street_lamp', 'lamp_mount': 'bent_mast', 'lamp_type': 'incandescent', 'light:colour': 'yellow', 'light:direction': '200', 'light:tilt': '-90', 'line_attachment': 'suspension', 'material': 'concrete', 'power': 'pole'}",10,0,0,3,0.52,CK Garden,Bengaluru
street_lamp,13.006134,77.6247954,"{'highway': 'street_lamp', 'lamp_mount': 'bent_mast', 'lamp_type': 'incandescent', 'light:colour': 'yellow', 'light:direction': '24', 'light:tilt': '-90', 'line_attachment': 'suspension', 'material': 'concrete', 'power': 'pole'}",10,0,0,2,0.58,"Hutchins 5th Cross ""B"" Street",Bangalore
street_lamp,13.0065784,77.6237104,"{'highway': 'street_lamp', 'lamp_mount': 'bent_mast', 'lamp_type': 'incandescent', 'light:colour': 'yellow', 'light:direction': '22', 'light:tilt': '-90', 'line_attachment': 'suspension', 'material': 'concrete', 'power': 'pole'}",10,0,0,0,0.7,5th Cross Chico Square,Bengaluru
street_lamp,13.0066763,77.6234578,"{'highway': 'street_lamp', 'lamp_mount': 'bent_mast', 'lamp_type': 'incandescent', 'light:colour': 'yellow', 'light:direction': '22', 'light:tilt': '-90', 'line_attachment': 'suspension', 'material': 'concrete', 'power': 'pole'}",10,0,0,1,0.64,,Bengaluru
street_lamp,13.0067392,77.6232956,"{'highway': 'street_lamp', 'lamp_mount': 'bent_mast', 'lamp_type': 'incandescent', 'light:colour': 'yellow', 'light:direction': '22', 'light:tilt': '-90', 'line_attachment': 'suspension', 'material': 'concrete', 'power': 'pole'}",10,0,0,3,0.52,Hutchins 5th Cross,Bangalore
street_lamp,13.0068055,77.6231246,"{'guyed': 'pole', 'highway': 'street_lamp', 'lamp_mount': 'bent_mast', 'lamp_type': 'incandescent', 'light:colour': 'yellow', 'light:direction': '22', 'light:tilt': '-90', 'line_attachment': 'suspension', 'line_management': 'termination', 'material': 'concrete', 'power': 'pole'}",10,0,0,4,0.46,Hutchins 5th Cross,Bangalore
street_lamp,13.0065836,77.6256226,"{'highway': 'street_lamp', 'lamp_mount': 'bent_mast', 'lamp_type': 'incandescent', 'light:colour': 'yellow', 'light:direction': '290', 'light:tilt': '-90', 'line_attachment': 'suspension', 'material': 'concrete', 'power': 'pole'}",10,0,0,2,0.58,Hutchins 6th Cross,Bengaluru
street_lamp,13.0067456,77.6256934,"{'highway': 'street_lamp', 'lamp_mount': 'bent_mast', 'lamp_type': 'incandescent', 'light:colour': 'yellow', 'light:direction': '290', 'light:tilt': '-90', 'line_attachment': 'suspension', 'line_management': 'termination', 'material': 'concrete', 'power': 'pole'}",10,0,0,4,0.46,Wheeler Road Extension,Bangalore
street_lamp,13.0059205,77.626937,"{'highway': 'street_lamp', 'lamp_mount': 'bent_mast', 'lamp_type': 'incandescent', 'light:colour': 'yellow', 'light:direction': '200', 'light:tilt': '-90', 'line_attachment': 'suspension', 'line_management': 'branch', 'material': 'concrete', 'power': 'pole'}",10,0,0,3,0.52,Hutchins 6th Cross,Bangalore
street_lamp,13.005841,77.6271314,"{'highway': 'street_lamp', 'lamp_mount': 'bent_mast', 'lamp_type': 'incandescent', 'light:colour': 'yellow', 'light:direction': '200', 'light:tilt': '-90', 'line_attachment': 'suspension', 'line_management': 'branch', 'material': 'concrete', 'power': 'pole'}",10,0,0,1,0.64,Hutchins 6th Cross,Bangalore
street_lamp,13.0060107,77.6267165,"{'highway': 'street_lamp', 'lamp_mount': 'bent_mast', 'lamp_type': 'incandescent', 'light:colour': 'yellow', 'light:direction': '200', 'light:tilt': '-90', 'line_attachment': 'suspension', 'line_management': 'branch', 'material': 'concrete', 'power': 'pole'}",10,0,0,3,0.52,Hutchins 6th Cross,Bengaluru
street_lamp,13.006115,77.6264615,"{'highway': 'street_lamp', 'lamp_mount': 'bent_mast', 'lamp_type': 'incandescent', 'light:colour': 'yellow', 'light:direction': '200', 'light:tilt': '-90', 'line_attachment': 'suspension', 'material': 'concrete', 'power': 'pole'}",10,0,0,3,0.52,Hutchins 6th Cross,Bangalore
street_lamp,13.0064135,77.6257221,"{'highway': 'street_lamp', 'lamp_mount': 'bent_mast', 'lamp_type': 'incandescent', 'light:colour': 'yellow', 'light:direction': '290', 'light:tilt': '-90', 'line_attachment': 'suspension', 'material': 'concrete', 'power': 'pole'}",10,0,0,3,0.52,Hutchins 6th Cross,Bengaluru
street_lamp,13.0073136,77.6243245,"{'highway': 'street_lamp', 'material': 'concrete', 'power': 'pole'}",10,0,0,2,0.58,,Bengaluru
street_lamp,13.0071927,77.6242688,"{'highway': 'street_lamp', 'lamp_mount': 'bent_mast', 'lamp_type': 'incandescent', 'light:colour': 'yellow', 'light:direction': '290', 'light:tilt': '-90', 'line_attachment': 'suspension', 'material': 'concrete', 'power': 'pole'}",10,0,0,4,0.46,,Bengaluru
street_lamp,13.0074204,77.6243697,"{'guyed': 'yes', 'highway': 'street_lamp', 'lamp_mount': 'bent_mast', 'lamp_type': 'incandescent', 'light:colour': 'yellow', 'light:direction': '290', 'light:tilt': '-90', 'line_attachment': 'suspension', 'line_management': 'termination', 'material': 'concrete', 'power': 'pole'}",10,0,0,1,0.64,Hutchins Main Road,Bengaluru
street_lamp,13.0070329,77.6246372,"{'highway': 'street_lamp', 'lamp_mount': 'bent_mast', 'lamp_type': 'incandescent', 'light:colour': 'yellow', 'light:direction': '290', 'light:tilt': '-90', 'line_attachment': 'suspension', 'material': 'concrete', 'power': 'pole'}",10,0,0,4,0.46,,Bengaluru
street_lamp,13.0071727,77.6246938,"{'guyed': 'yes', 'highway': 'street_lamp', 'lamp_mount': 'bent_mast', 'lamp_type': 'incandescent', 'light:colour': 'yellow', 'light:direction': '290', 'light:tilt': '-90', 'line_attachment': 'suspension', 'line_management': 'termination', 'material': 'concrete', 'power': 'pole'}",10,0,0,0,0.7,"Hutchins 5th Cross ""A"" Street",Bengaluru
street_lamp,13.0067046,77.6249535,"{'guyed': 'pole', 'highway': 'street_lamp', 'lamp_mount': 'bent_mast', 'lamp_type': 'incandescent', 'light:colour': 'yellow', 'light:direction': '200', 'light:tilt': '-90', 'line_attachment': 'suspension', 'line_management': 'branch', 'material': 'concrete', 'power': 'pole'}",10,0,0,4,0.46,Hutchins 6th Cross,Bangalore
street_lamp,13.006893,77.6250244,"{'highway': 'street_lamp', 'lamp_mount': 'bent_mast', 'lamp_type': 'incandescent', 'light:colour': 'yellow', 'light:direction': '290', 'light:tilt': '-90', 'line_attachment': 'suspension', 'material': 'concrete', 'power': 'pole'}",10,0,0,0,0.7,Hutchins 6th Cross,Bengaluru
street_lamp,13.007028,77.6250742,"{'guyed': 'yes', 'highway': 'street_lamp', 'lamp_mount': 'bent_mast', 'lamp_type': 'incandescent', 'light:colour': 'yellow', 'light:direction': '290', 'light:tilt': '-90', 'line_attachment': 'suspension', 'line_management': 'termination', 'material': 'concrete', 'power': 'pole'}",10,0,0,4,0.46,Hutchins 6th Cross,Bengaluru
street_lamp,13.0066126,77.625192,"{'guyed': 'pole', 'highway': 'street_lamp', 'lamp_mount': 'bent_mast', 'lamp_type': 'incandescent', 'light:colour': 'yellow', 'light:direction': '200', 'light:tilt': '-90', 'line_attachment': 'suspension', 'line_management': 'branch', 'material': 'concrete', 'power': 'pole'}",10,0,0,3,0.52,Hutchins 6th Cross,Bangalore
street_lamp,13.0068352,77.625277,"{'highway': 'street_lamp', 'lamp_mount': 'bent_mast', 'lamp_type': 'incandescent', 'light:colour': 'yellow', 'light:direction': '290', 'light:tilt': '-90', 'line_attachment': 'suspension', 'material': 'concrete', 'power': 'pole'}",10,0,0,1,0.64,Hutchins 6th Cross,Bengaluru
street_lamp,13.0069478,77.6253188,"{'guyed': 'yes', 'highway': 'street_lamp', 'lamp_mount': 'bent_mast', 'lamp_type': 'incandescent', 'light:colour': 'yellow', 'light:direction': '290', 'light:tilt': '-90', 'line_attachment': 'suspension', 'line_management': 'termination', 'material': 'concrete', 'power': 'pole'}",10,0,0,4,0.46,Hutchins 6th Cross,Bengaluru
street_lamp,13.0067759,77.6247664,"{'highway': 'street_lamp', 'lamp_mount': 'bent_mast', 'lamp_type': 'incandescent', 'light:colour': 'yellow', 'light:direction': '200', 'light:tilt': '-90', 'line_attachment': 'suspension', 'material': 'concrete', 'power': 'pole'}",10,0,0,2,0.58,"Hutchins 5th Cross ""B"" Street",Bangalore
street_lamp,13.0069461,77.6243335,"{'highway': 'street_lamp', 'lamp_mount': 'bent_mast', 'lamp_type': 'incandescent', 'light:colour': 'yellow', 'light:direction': '200', 'light:tilt': '-90', 'line_attachment': 'suspension', 'material': 'concrete', 'power': 'pole'}",10,0,0,0,0.7,"Hutchins 5th Cross ""A"" Street",Bengaluru
street_lamp,13.0071777,77.6237264,"{'highway': 'street_lamp', 'lamp_mount': 'bent_mast', 'lamp_type': 'incandescent', 'light:colour': 'yellow', 'light:direction': '200', 'light:tilt': '-90', 'line_attachment': 'suspension', 'material': 'concrete', 'power': 'pole'}",10,0,0,1,0.64,Hutchins 6th Cross,Bengaluru
street_lamp,13.0072326,77.6235775,"{'highway': 'street_lamp', 'lamp_mount': 'bent_mast', 'lamp_type': 'incandescent', 'light:colour': 'yellow', 'light:direction': '200', 'light:tilt': '-90', 'line_attachment': 'suspension', 'material': 'concrete', 'power': 'pole'}",10,0,0,2,0.58,Hutchins 6th Cross,Bengaluru
street_lamp,13.0073168,77.6233488,"{'highway': 'street_lamp', 'lamp_mount': 'bent_mast', 'lamp_type': 'incandescent', 'light:colour': 'yellow', 'light:direction': '200', 'light:tilt': '-90', 'line_attachment': 'suspension', 'material': 'concrete', 'power': 'pole'}",10,0,0,2,0.58,Hutchins 6th Cross,Bangalore
street_lamp,13.0073979,77.6231336,"{'highway': 'street_lamp', 'lamp_mount': 'bent_mast', 'lamp_type': 'incandescent', 'light:colour': 'yellow', 'light:direction': '200', 'light:tilt': '-90', 'line_attachment': 'suspension', 'material': 'concrete', 'power': 'pole'}",10,0,0,2,0.58,"Hutchins Road, 6th Cross",Bengaluru
street_lamp,13.0074893,77.6228888,"{'highway': 'street_lamp', 'lamp_mount': 'bent_mast', 'lamp_type': 'incandescent', 'light:colour': 'yellow', 'light:direction': '200', 'light:tilt': '-90', 'line_attachment': 'suspension', 'material': 'concrete', 'power': 'pole'}",10,0,0,4,0.46,"Hutchins Road, 6th Cross",Bengaluru
street_lamp,13.0075769,77.6226743,"{'highway': 'street_lamp', 'lamp_mount': 'bent_mast', 'lamp_type': 'incandescent', 'light:colour': 'yellow', 'light:direction': '200', 'light:tilt': '-90', 'line_attachment': 'suspension', 'material': 'concrete', 'power': 'pole'}",10,0,0,3,0.52,Hutchins 6th Cross,Bangalore
street_lamp,13.0076383,77.622514,"{'highway': 'street_lamp', 'lamp_mount': 'bent_mast', 'lamp_type': 'incandescent', 'light:colour': 'yellow', 'light:direction': '200', 'light:tilt': '-90', 'line_attachment': 'suspension', 'material': 'concrete', 'power': 'pole'}",10,0,0,2,0.58,Hutchins 6th Cross,Bangalore
street_lamp,13.0076814,77.6223993,"{'highway': 'street_lamp', 'lamp_mount': 'bent_mast', 'lamp_type': 'incandescent', 'light:colour': 'yellow', 'light:direction': '200', 'light:tilt': '-90', 'line_attachment': 'suspension', 'material': 'concrete', 'power': 'pole'}",10,0,0,1,0.64,Hutchins 6th Cross,Bangalore
street_lamp,13.0077399,77.6222501,"{'guyed': 'yes', 'highway': 'street_lamp', 'lamp_mount': 'bent_mast', 'lamp_type': 'incandescent', 'light:colour': 'yellow', 'light:direction': '200', 'light:tilt': '-90', 'line_attachment': 'suspension', 'line_management': 'branch', 'material': 'concrete', 'power': 'pole'}",10,0,0,4,0.46,Hutchins 6th Cross,Bangalore
street_lamp,12.9815748,77.6398521,"{'highway': 'street_lamp', 'lamp_type': 'sodium_vapor', 'support': 'pole', 'visibility': 'visible'}",10,0,0,3,0.52,7th Cross Road,Bengaluru
street_lamp,12.9794718,77.6372784,"{'highway': 'street_lamp', 'lamp_type': 'sodium_vapor', 'support': 'pole', 'visibility': 'clear'}",10,0,0,1,0.64,,Bengaluru
street_lamp,12.9795838,77.6372778,"{'highway': 'street_lamp', 'lamp_type': 'sodium_vapor', 'support': 'pole', 'visibility': 'partially_obstructed'}",10,0,0,3,0.52,12th A Cross,Bengaluru
street_lamp,12.9815753,77.639663,"{'highway': 'street_lamp', 'lamp_type': 'sodium_vapor', 'support': 'pole', 'visibility': 'visible'}",10,0,0,2,0.58,,Bengaluru
street_lamp,12.9817902,77.6396599,"{'highway': 'street_lamp', 'lamp_type': 'sodium_vapor', 'support': 'pole', 'visibility': 'visible'}",10,0,0,4,0.46,7th Cross Road,Bengaluru
street_lamp,12.9820141,77.6396429,"{'highway': 'street_lamp', 'lamp_type': 'sodium_vapor', 'support': 'pole', 'visibility': 'obstructed'}",10,0,0,3,0.52,,Bengaluru
street_lamp,12.9819667,77.6400921,"{'highway': 'street_lamp', 'lamp_type': 'sodium_vapor', 'support': 'pole', 'visibility': 'partially_obstructed'}",10,0,0,1,0.64,6th Cross Road,Bengaluru
street_lamp,12.9792789,77.6383566,"{'highway': 'street_lamp', 'lamp_type': 'sodium_vapor', 'support': 'pole', 'visibility': 'partially_obstructed'}",10,0,0,1,0.64,11th Cross,Bengaluru
street_lamp,12.9794806,77.6383529,"{'highway': 'street_lamp', 'lamp_type': 'sodium_vapor', 'support': 'pole', 'visibility': 'partially_obstructed'}",10,0,0,0,0.7,11th Cross,Bengaluru
street_lamp,12.9784286,77.6400602,"{'direction': '179', 'highway': 'street_lamp', 'lamp_type': 'led', 'support': 'pole', 'visibility': 'Clear'}",10,0,0,2,0.58,,Bengaluru
street_lamp,12.9782581,77.6399648,"{'direction': '179', 'highway': 'street_lamp', 'lamp_type': 'LED', 'support': 'pole', 'visibility': 'clear'}",10,0,0,3,0.52,,Bengaluru
street_lamp,12.9783456,77.6401248,"{'direction': '180', 'highway': 'street_lamp', 'lamp_type': 'LED', 'support': 'pole', 'visibility': 'clear'}",10,0,0,3,0.52,,Bengaluru
street_lamp,12.9788568,77.6407503,"{'highway': 'street_lamp', 'lamp_mount': 'high_mast', 'lamp_type': 'sodium_vapor', 'support': 'pole', 'visibility': 'obstructed'}",10,0,0,1,0.64,100 Feet Road,Bengaluru
street_lamp,12.9785111,77.6401797,"{'direction': '117', 'highway': 'street_lamp', 'lamp_type': 'sodium_vapor', 'support': 'pole', 'visibility': 'clear'}",10,0,0,4,0.46,6th Cross Road,Bengaluru
street_lamp,12.978188,77.6378389,"{'direction': '176', 'highway': 'street_lamp', 'lamp_mount': 'straight_mast', 'lamp_type': 'led', 'support': 'pole', 'visibility': 'clear'}",10,0,0,2,0.58,Chinmaya Mission Hospital Road,"Indiranagar, Bangalore"
street_lamp,12.978188,77.6378389,"{'direction': '357', 'highway': 'street_lamp', 'lamp_mount': 'straight_mast', 'lamp_type': 'led', 'support': 'pole', 'visibility': 'clear'}",10,0,0,2,0.58,Chinmaya Mission Hospital Road,"Indiranagar, Bangalore"
street_lamp,12.9783699,77.6378289,"{'direction': '177', 'highway': 'street_lamp', 'lamp_mount': 'straight_mast', 'lamp_type': 'led', 'support': 'pole', 'visibility': 'clear'}",10,0,0,4,0.46,12th Cross Road,Bengaluru
street_lamp,12.9783699,77.6378289,"{'direction': '359', 'highway': 'street_lamp', 'lamp_mount': 'straight_mast', 'lamp_type': 'led', 'support': 'pole', 'visibility': 'clear'}",10,0,0,4,0.46,12th Cross Road,Bengaluru
street_lamp,12.9787372,77.6379499,"{'highway': 'street_lamp', 'lamp_type': 'sodium_vapor', 'support': 'pole', 'visibility': 'clear'}",10,0,0,2,0.58,12th Cross Road,Bengaluru
street_lamp,12.9785934,77.6379444,"{'highway': 'street_lamp', 'lamp_type': 'sodium_vapor', 'support': 'pole', 'visibility': 'clear'}",10,0,0,1,0.64,12th Cross Road,Bengaluru
street_lamp,12.979227,77.6407494,"{'highway': 'street_lamp', 'lamp_type': 'sodium_vapor', 'support': 'pole', 'visibility': 'visible'}",10,0,0,0,0.7,100 Feet Road,Bangalore
street_lamp,12.9787226,77.6407514,"{'highway': 'street_lamp', 'lamp_type': 'sodium_vapor', 'support': 'pole', 'visibility': 'visible'}",10,0,0,2,0.58,100 Feet Road,Bengaluru
street_lamp,12.9784497,77.6406333,"{'direction': '180', 'highway': 'street_lamp', 'lamp_type': 'LED', 'support': 'pole', 'visibility': 'visible'}",10,0,0,3,0.52,"CMH Road, 100 Feet Road, Indira Nagar II Stage, Hoysala Nagar, Indira Nagar",Bangalore
street_lamp,12.9784553,77.6406333,"{'direction': '0', 'highway': 'street_lamp', 'lamp_type': 'LED', 'support': 'pole', 'visibility': 'visible'}",10,0,0,0,0.7,"CMH Road, 100 Feet Road, Indira Nagar II Stage, Hoysala Nagar, Indira Nagar",Bangalore
street_lamp,12.9817182,77.639196,"{'highway': 'street_lamp', 'lamp_type': 'sodium_vapor', 'support': 'pole', 'visibility': 'visible'}",10,0,0,3,0.52,9th Cross,Bangalore
street_lamp,12.981968,77.6391786,"{'highway': 'street_lamp', 'lamp_type': 'sodium_vapor', 'support': 'pole', 'visibility': 'partially_obstructed'}",10,0,0,4,0.46,2nd A Main,Bengaluru
street_lamp,12.9796568,77.63834,"{'highway': 'street_lamp', 'lamp_type': 'sodium_vapor', 'support': 'pole', 'visibility': 'clear'}",10,0,0,4,0.46,11th Cross,Bengaluru
street_lamp,12.9805234,77.6406686,"{'highway': 'street_lamp', 'lamp_type': 'sodium_vapor', 'support': 'pole', 'visibility': 'visible'}",10,0,0,0,0.7,100 Feet Road,Bengaluru
street_lamp,12.9785393,77.63886,"{'highway': 'street_lamp', 'lamp_type': 'sodium_vapor', 'support': 'pole', 'visibility': 'clear'}",10,0,0,0,0.7,10th Cross Road,Bengaluru
street_lamp,12.9786066,77.6383655,"{'highway': 'street_lamp', 'lamp_type': 'sodium_vapor', 'support': 'pole', 'visibility': 'obstructed'}",10,0,0,1,0.64,11th Cross,Bengaluru
street_lamp,12.9788727,77.6383655,"{'highway': 'street_lamp', 'lamp_type': 'sodium_vapor', 'support': 'pole', 'visibility': 'clear'}",10,0,0,3,0.52,11th Cross Road,Bengaluru
street_lamp,12.9784715,77.6366598,"{'highway': 'street_lamp', 'lamp_type': 'sodium_vapor', 'support': 'pole', 'visibility': 'clear'}",10,0,0,4,0.46,Indiranagar Double Road,Bengaluru
street_lamp,12.9810039,77.6401428,"{'highway': 'street_lamp', 'lamp_type': 'sodium_vapor', 'support': 'pole', 'visibility': 'clear'}",10,0,0,3,0.52,6th Cross Road,Bengaluru
street_lamp,12.9813931,77.6401199,"{'highway': 'street_lamp', 'lamp_type': 'sodium_vapor', 'support': 'pole', 'visibility': 'clear'}",10,0,0,1,0.64,6th Cross Road,Bengaluru
street_lamp,12.9815872,77.6401319,"{'highway': 'street_lamp', 'lamp_type': 'sodium_vapor', 'support': 'pole', 'visibility': 'clear'}",10,0,0,4,0.46,6th Cross Road,Bengaluru
street_lamp,12.9807222,77.6392259,"{'highway': 'street_lamp', 'lamp_type': 'sodium_vapor', 'support': 'pole', 'visibility': 'partially_obstructed'}",10,0,0,3,0.52,9th Cross Road,Bengaluru
street_lamp,12.9792202,77.6397617,"{'highway': 'street_lamp', 'lamp_type': 'sodium_vapor', 'support': 'pole', 'visibility': 'partially_obstructed'}",10,0,0,0,0.7,7th Cross Road,Bengaluru
street_lamp,12.978296,77.640632,"{'direction': '356', 'highway': 'street_lamp', 'lamp_mount': 'high_mast', 'lamp_type': 'led', 'support': 'pole', 'visibility': 'clear'}",10,0,0,4,0.46,Chinmaya Mission Hospital Road,Bengaluru
street_lamp,12.978296,77.640632,"{'direction': '178', 'highway': 'street_lamp', 'lamp_mount': 'high_mast', 'lamp_type': 'led', 'support': 'pole', 'visibility': 'clear'}",10,0,0,1,0.64,Chinmaya Mission Hospital Road,Bengaluru
street_lamp,12.9782777,77.6404058,"{'direction': '357', 'highway': 'street_lamp', 'lamp_mount': 'high_mast', 'lamp_type': 'led', 'support': 'pole', 'visibility': 'clear'}",10,0,0,1,0.64,Chinmaya Mission Hospital Road,Bengaluru
street_lamp,12.978275,77.6403906,"{'direction': '177', 'highway': 'street_lamp', 'lamp_mount': 'high_mast', 'lamp_type': 'led', 'support': 'pole', 'visibility': 'clear'}",10,0,0,0,0.7,Chinmaya Mission Hospital Road,Bengaluru
street_lamp,12.9782274,77.6393607,"{'direction': '1', 'highway': 'street_lamp', 'lamp_mount': 'high_mast', 'lamp_type': 'led', 'support': 'pole', 'visibility': 'clear'}",10,0,0,1,0.64,Chinmaya Mission Hospital Road,Bangalore
street_lamp,12.9782274,77.6393607,"{'direction': '178', 'highway': 'street_lamp', 'lamp_mount': 'high_mast', 'lamp_type': 'led', 'support': 'pole', 'visibility': 'clear'}",10,0,0,2,0.58,Chinmaya Mission Hospital Road,Bangalore
street_lamp,12.9782581,77.6391437,"{'highway': 'street_lamp', 'lamp_mount': 'ceiling', 'lamp_type': 'led', 'support': 'ceiling', 'visibility': 'clear'}",10,0,0,0,0.7,Chinmaya Mission Hospital Road,Bengaluru
street_lamp,12.9783606,77.6391424,"{'highway': 'street_lamp', 'lamp_mount': 'ceiling', 'lamp_type': 'led', 'support': 'ceiling', 'visibility': 'clear'}",10,0,0,4,0.46,Chinmaya Mission Hospital Road,Bengaluru
street_lamp,12.980265,77.6392413,"{'highway': 'street_lamp', 'lamp_type': 'sodium_vapor', 'support': 'pole', 'visibility': 'visible'}",10,0,0,2,0.58,,Bengaluru
street_lamp,12.9791082,77.6383587,"{'highway': 'street_lamp', 'lamp_type': 'led', 'support': 'pole', 'visibility': 'partially_obstructed'}",10,0,0,1,0.64,11th Cross,Bengaluru
street_lamp,12.9822993,77.6405573,"{'highway': 'street_lamp', 'lamp_mount': 'high_mast', 'lamp_type': 'sodium_vapor', 'support': 'pole', 'visibility': 'partially_obstructed'}",10,0,0,0,0.7,100 Feet Road,Bengaluru
street_lamp,12.9813984,77.6406206,"{'highway': 'street_lamp', 'lamp_mount': 'high_mast', 'lamp_type': 'sodium_vapor', 'support': 'pole', 'visibility': 'obstructed'}",10,0,0,4,0.46,100 Feet Road,Bengaluru
street_lamp,12.9809205,77.640629,"{'direction': '86', 'highway': 'street_lamp', 'lamp_mount': 'high_mast', 'lamp_type': 'sodium_vapor', 'support': 'pole', 'visibility': 'visible'}",10,0,0,1,0.64,100 Feet Road,Bangalore
street_lamp,12.9802563,77.6406954,"{'direction': '86', 'highway': 'street_lamp', 'lamp_mount': 'high_mast', 'lamp_type': 'sodium_vapor', 'support': 'pole', 'visibility': 'partially_obstructed'}",10,0,0,4,0.46,100 Feet Road,Bengaluru
street_lamp,12.9802775,77.6408885,"{'highway': 'street_lamp', 'lamp_type': 'sodium_vapor', 'obstructed': 'partially', 'support': 'pole'}",10,0,0,4,0.46,100 Feet Road,Bengaluru
street_lamp,12.979938,77.6409092,"{'highway': 'street_lamp', 'lamp_type': 'sodium_vapor', 'obstructed': 'partially', 'support': 'pole'}",10,0,0,3,0.52,1st Cross Road,Bengaluru
street_lamp,12.9788287,77.6409437,"{'highway': 'street_lamp', 'lamp_type': 'sodium_vapor', 'obstructed': 'partially', 'support': 'pole'}",10,0,0,3,0.52,100 Feet Road,Bengaluru
street_lamp,12.9783688,77.6405388,"{'direction': '176', 'highway': 'street_lamp', 'lamp_mount': 'high_mast', 'lamp_type': 'led', 'support': 'pole', 'visibility': 'clear'}",10,0,0,3,0.52,,Bengaluru
street_lamp,12.9783695,77.6405373,"{'direction': '2', 'highway': 'street_lamp', 'lamp_mount': 'high_mast', 'lamp_type': 'led', 'support': 'pole', 'visibility': 'clear'}",10,0,0,4,0.46,,Bengaluru
street_lamp,12.9808756,77.6392154,"{'highway': 'street_lamp', 'support': 'pole', 'visibility': 'clear'}",10,0,0,3,0.52,9th Cross Road,Bengaluru
street_lamp,12.980027,77.6383419,"{'highway': 'street_lamp', 'lamp_type': 'sodium_vapor', 'support': 'pole', 'visibility': 'clear'}",10,0,0,1,0.64,11th Cross Road,Bengaluru
street_lamp,12.9782323,77.6382006,"{'highway': 'street_lamp', 'lamp_mount': 'ceiling', 'lamp_type': 'led', 'support': 'ceiling', 'visibility': 'clear'}",10,0,0,0,0.7,Chinmaya Mission Hospital Road,Bengaluru
street_lamp,12.9783301,77.6382007,"{'highway': 'street_lamp', 'lamp_mount': 'ceiling', 'lamp_type': 'led', 'support': 'ceiling', 'visibility': 'clear'}",10,0,0,1,0.64,Chinmaya Mission Hospital Road,Bengaluru
street_lamp,12.9782431,77.6380374,"{'highway': 'street_lamp', 'lamp_mount': 'ceiling', 'lamp_type': 'led', 'support': 'ceiling', 'visibility': 'clear'}",10,0,0,2,0.58,Chinmaya Mission Hospital Road,Bengaluru
street_lamp,12.9783211,77.6380335,"{'highway': 'street_lamp', 'lamp_mount': 'ceiling', 'lamp_type': 'led', 'support': 'ceiling', 'visibility': 'clear'}",10,0,0,2,0.58,Chinmaya Mission Hospital Road,Bengaluru
street_lamp,12.9796996,77.6401845,"{'highway': 'street_lamp', 'lamp_type': 'sodium_vapor', 'support': 'pole', 'visibility': 'partially_obstructed'}",10,0,0,4,0.46,6th Cross Road,Bengaluru
street_lamp,12.9808792,77.6401996,"{'highway': 'street_lamp', 'lamp_type': 'sodium_vapor', 'support': 'pole'}",10,0,0,2,0.58,,Bengaluru
street_lamp,12.9788529,77.6371388,"{'highway': 'street_lamp', 'lamp_type': 'sodium_vapor', 'support': 'pole', 'visibility': 'clear'}",10,0,0,1,0.64,12th A Cross,Bengaluru
street_lamp,12.9815538,77.639408,"{'highway': 'street_lamp', 'lamp_type': 'sodium_vapor', 'support': 'pole', 'visibility': 'visible'}",10,0,0,1,0.64,8th Cross Road - Zain Burj,Bengaluru
street_lamp,12.9799844,77.6392589,"{'highway': 'street_lamp', 'lamp_type': 'sodium_vapor', 'support': 'pole', 'visibility': 'visible'}",10,0,0,1,0.64,,Bengaluru
street_lamp,12.9824173,77.6388117,"{'highway': 'street_lamp', 'lamp_type': 'sodium_vapor', 'support': 'pole', 'visibility': 'visible'}",10,0,0,0,0.7,100 Feet Road,Bengaluru
street_lamp,12.9789807,77.6402098,"{'highway': 'street_lamp', 'lamp_type': 'sodium_vapor', 'support': 'pole', 'visibility': 'visible'}",10,0,0,1,0.64,6th Cross Road,Bengaluru
street_lamp,12.9791724,77.6402076,"{'highway': 'street_lamp', 'lamp_type': 'sodium_vapor', 'support': 'pole', 'visibility': 'partially_obstructed'}",10,0,0,1,0.64,6th Cross Road,Bengaluru
street_lamp,12.9815132,77.6392045,"{'direction': '268', 'highway': 'street_lamp', 'lamp_type': 'sodium_vapor', 'support': 'pole', 'visibility': 'clear'}",10,0,0,4,0.46,3rd Main Road,Bengaluru
street_lamp,12.981547,77.6394209,"{'highway': 'street_lamp', 'lamp_type': 'sodium_vapor', 'support': 'pole', 'visibility': 'clear'}",10,0,0,2,0.58,8th Cross Road - Zain Burj,Bengaluru
street_lamp,12.9815649,77.6396447,"{'highway': 'street_lamp', 'lamp_type': 'sodium_vapor', 'support': 'pole', 'visibility': 'clear'}",10,0,0,2,0.58,,Bengaluru
street_lamp,12.9811287,77.6392002,"{'direction': '263', 'highway': 'street_lamp', 'lamp_type': 'sodium_vapor', 'support': 'pole', 'visibility': 'clear'}",10,0,0,4,0.46,9th Cross Road,Bengaluru
street_lamp,12.9817774,77.6401053,"{'highway': 'street_lamp', 'lamp_type': 'sodium_vapor', 'support': 'pole', 'visibility': 'clear'}",10,0,0,3,0.52,6th Cross,Bangalore
street_lamp,12.9806941,77.6406596,"{'highway': 'street_lamp', 'lamp_type': 'sodium_vapor', 'support': 'pole', 'visibility': 'fully_obstructed'}",10,0,0,3,0.52,100 Feet Road,Bengaluru
street_lamp,12.9800871,77.6407062,"{'highway': 'street_lamp', 'lamp_type': 'sodium_vapor', 'support': 'pole', 'visibility': 'fully_obstructed'}",10,0,0,1,0.64,100 Feet Road,Bengaluru
street_lamp,12.9803632,77.6392424,"{'highway': 'street_lamp', 'lamp_type': 'sodium_vapor'}",10,0,0,0,0.7,,Bengaluru
street_lamp,12.9802902,77.6397037,"{'highway': 'street_lamp', 'lamp_type': 'sodium_vapor', 'support': 'pole', 'visibility': 'visible'}",10,0,0,0,0.7,7th Cross Road,Bengaluru
street_lamp,12.9804928,77.6396802,"{'highway': 'street_lamp', 'lamp_type': 'sodium_vapor', 'support': 'pole', 'visibility': 'visible'}",10,0,0,3,0.52,7th Cross Road,Bengaluru
street_lamp,12.9807304,77.639681,"{'highway': 'street_lamp', 'lamp_type': 'sodium_vapor', 'support': 'pole', 'visibility': 'visible'}",10,0,0,3,0.52,,Bengaluru
street_lamp,12.9807374,77.6394517,"{'highway': 'street_lamp', 'lamp_type': 'sodium_vapor', 'support': 'pole', 'visibility': 'visible'}",10,0,0,0,0.7,4th Main Road,Bengaluru
street_lamp,12.979999,77.6388139,"{'highway': 'street_lamp', 'lamp_type': 'sodium_vapor', 'support': 'pole', 'visibility': 'clear'}",10,0,0,2,0.58,5th Main Road,Bengaluru
street_lamp,12.9796568,77.6407415,"{'highway': 'street_lamp', 'lamp_mount': 'high_mast', 'lamp_type': 'sodium_vapor', 'support': 'pole', 'visibility': 'clear'}",10,0,0,1,0.64,100 Feet Road,Bengaluru
street_lamp,12.9793833,77.6407471,"{'highway': 'street_lamp', 'lamp_mount': 'high_mast', 'lamp_type': 'sodium_vapor', 'support': 'pole', 'visibility': 'clear'}",10,0,0,0,0.7,100 Feet Road,Bengaluru
street_lamp,12.9787907,77.6388731,"{'highway': 'street_lamp', 'lamp_type': 'sodium_vapor', 'support': 'pole', 'visibility': 'obstructed'}",10,0,0,0,0.7,10th Cross Road,Bengaluru
street_lamp,12.9799635,77.6380703,"{'highway': 'street_lamp', 'lamp_type': 'sodium_vapor', 'support': 'pole', 'visibility': 'partially_obstructed'}",10,0,0,3,0.52,12th Cross,Bengaluru
street_lamp,12.9822471,77.6400921,"{'highway': 'street_lamp', 'lamp_type': 'sodium_vapor', 'support': 'pole', 'visibility': 'clear'}",10,0,0,1,0.64,2nd Main Road,Bengaluru
street_lamp,12.9782393,77.6395556,"{'direction': '178', 'highway': 'street_lamp', 'lamp_type': 'LED', 'support': 'pole', 'visibility': 'clear'}",10,0,0,2,0.58,Chinmaya Mission Hospital Road,Bengaluru
street_lamp,12.9782434,77.6396845,"{'direction': '179', 'highway': 'street_lamp', 'lamp_type': 'LED', 'support': 'pole', 'visibility': 'clear'}",10,0,0,2,0.58,Chinmaya Mission Hospital Road,Bengaluru
street_lamp,12.978368,77.6379823,"{'direction': '177', 'highway': 'street_lamp', 'lamp_mount': 'straight_mast', 'lamp_type': 'led', 'support': 'pole', 'visibility': 'clear'}",10,0,0,1,0.64,Chinmaya Mission Hospital Road,Bengaluru
street_lamp,12.9783705,77.6379816,"{'direction': '267', 'highway': 'street_lamp', 'lamp_mount': 'straight_mast', 'lamp_type': 'led', 'support': 'pole', 'visibility': 'clear'}",10,0,0,2,0.58,Chinmaya Mission Hospital Road,Bengaluru
street_lamp,12.982235,77.6396374,"{'highway': 'street_lamp', 'lamp_type': 'sodium_vapor', 'support': 'pole', 'visibility': 'visible'}",10,0,0,0,0.7,7th Cross Road,Bengaluru
street_lamp,12.9821847,77.6394197,"{'highway': 'street_lamp', 'lamp_type': 'sodium_vapor', 'support': 'pole', 'visibility': 'visible'}",10,0,0,0,0.7,8th Cross Road - Zain Burj,Bengaluru
street_lamp,12.9820651,77.6394225,"{'highway': 'street_lamp', 'lamp_type': 'sodium_vapor', 'support': 'pole', 'visibility': 'visible'}",10,0,0,2,0.58,8th Cross Road - Zain Burj,Bengaluru
street_lamp,12.981939,77.6394359,"{'highway': 'street_lamp', 'lamp_type': 'sodium_vapor', 'support': 'pole', 'visibility': 'visible'}",10,0,0,2,0.58,,Bengaluru
street_lamp,12.9817892,77.6394409,"{'highway': 'street_lamp', 'lamp_type': 'sodium_vapor', 'support': 'pole', 'visibility': 'visible'}",10,0,0,2,0.58,8th Cross Road - Zain Burj,Bengaluru
street_lamp,12.9782628,77.6388658,"{'highway': 'street_lamp', 'lamp_type': 'led', 'support': 'ceiling', 'visibility': 'clear'}",10,0,0,1,0.64,4th Cross Road,Bengaluru
street_lamp,12.9783535,77.6388646,"{'highway': 'street_lamp', 'lamp_type': 'led', 'support': 'ceiling', 'visibility': 'clear'}",10,0,0,2,0.58,Chinmaya Mission Hospital Road,Bengaluru
street_lamp,12.9798787,77.6407265,"{'highway': 'street_lamp', 'lamp_type': 'sodium_vapor', 'support': 'pole', 'visibility': 'visible'}",10,0,0,3,0.52,5th Main Road,Bengaluru
street_lamp,12.9796767,77.6372779,"{'highway': 'street_lamp', 'lamp_type': 'sodium_vapor', 'support': 'pole', 'visibility': 'clear'}",10,0,0,2,0.58,12th A Cross,Bengaluru
street_lamp,12.9796876,77.6397255,"{'highway': 'street_lamp', 'lamp_type': 'sodium_vapor', 'support': 'pole', 'visibility': 'clear'}",10,0,0,0,0.7,,Bengaluru
street_lamp,12.9794284,77.639736,"{'highway': 'street_lamp', 'lamp_type': 'sodium_vapor', 'support': 'pole', 'visibility': 'clear'}",10,0,0,4,0.46,,Bengaluru
street_lamp,12.978407,77.6396813,"{'direction': '179', 'highway': 'street_lamp', 'lamp_type': 'led', 'support': 'pole', 'visibility': 'partial_obstruction'}",10,0,0,0,0.7,,Bengaluru
street_lamp,12.978407,77.6395563,"{'direction': '178', 'highway': 'street_lamp', 'lamp_type': 'LED', 'support': 'pole', 'visibility': 'clear'}",10,0,0,3,0.52,Chinmaya Mission Hospital Road,Bengaluru
street_lamp,12.9783154,77.6393401,"{'direction': '178', 'highway': 'street_lamp', 'lamp_type': 'LED', 'support': 'pole', 'visibility': 'clear'}",10,0,0,3,0.52,,Bengaluru
street_lamp,12.9784334,77.6401366,"{'direction': '178', 'highway': 'street_lamp', 'lamp_type': 'led', 'support': 'pole', 'visibility': 'clear'}",10,0,0,1,0.64,,Bengaluru
street_lamp,12.9782706,77.6402263,"{'direction': '179', 'highway': 'street_lamp', 'lamp_type': 'led', 'support': 'pole', 'visibility': 'clear'}",10,0,0,1,0.64,Chinmaya Mission Hospital Road,Bengaluru
street_lamp,12.9789187,77.639746,"{'highway': 'street_lamp', 'lamp_type': 'sodium_vapor', 'support': 'pole', 'visibility': 'clear'}",10,0,0,1,0.64,7th Cross Road,Bengaluru
street_lamp,12.9786461,77.6397502,"{'highway': 'street_lamp', 'lamp_type': 'sodium_vapor', 'support': 'pole', 'visibility': 'clear'}",10,0,0,0,0.7,7th Cross Road,Bengaluru
street_lamp,12.9782626,77.6390162,"{'highway': 'street_lamp', 'lamp_type': 'led', 'support': 'ceiling', 'visibility': 'clear'}",10,0,0,3,0.52,Chinmaya Mission Hospital Road,Bengaluru
street_lamp,12.9783644,77.6390172,"{'highway': 'street_lamp', 'lamp_type': 'led', 'support': 'ceiling', 'visibility': 'clear'}",10,0,0,3,0.52,Chinmaya Mission Hospital Road,Bengaluru
street_lamp,12.9812067,77.6387533,"{'highway': 'street_lamp', 'lamp_type': 'sodium_vapor', 'support': 'pole', 'visibility': 'visible'}",10,0,0,0,0.7,10th Cross Road,Bengaluru
street_lamp,12.9807726,77.638783,"{'highway': 'street_lamp', 'lamp_type': 'sodium_vapor', 'support': 'pole', 'visibility': 'visible'}",10,0,0,2,0.58,10th Cross Road,Bengaluru
street_lamp,12.982118,77.6405808,"{'highway': 'street_lamp', 'lamp_type': 'sodium_vapor', 'support': 'pole', 'visibility': 'visible'}",10,0,0,2,0.58,100 Feet Road,Bengaluru
street_lamp,12.9818828,77.6406058,"{'highway': 'street_lamp', 'lamp_type': 'sodium_vapor', 'support': 'pole', 'visibility': 'visible'}",10,0,0,2,0.58,100 Feet Road,Bengaluru
street_lamp,12.98164,77.6406048,"{'highway': 'street_lamp', 'lamp_type': 'sodium_vapor', 'support': 'pole', 'visibility': 'partially_obstructed'}",10,0,0,3,0.52,100 Feet Road,Bengaluru
street_lamp,12.9812264,77.6406381,"{'highway': 'street_lamp', 'lamp_type': 'sodium_vapor', 'support': 'pole', 'visibility': 'fully_obstructed'}",10,0,0,2,0.58,,Bengaluru
street_lamp,12.9824375,77.639014,"{'highway': 'street_lamp', 'lamp_type': 'sodium', 'support': 'pole', 'visibility': 'visible'}",10,0,0,3,0.52,100 Feet Road,Bengaluru
street_lamp,12.982414,77.6385931,"{'highway': 'street_lamp', 'lamp_type': 'sodium', 'support': 'pole', 'visibility': 'partially_obstructed'}",10,0,0,3,0.52,2nd Main Road,Bengaluru
street_lamp,12.978859,77.6378859,"{'highway': 'street_lamp', 'lamp_type': 'sodium_vapor', 'support': 'pole', 'visibility': 'clear'}",10,0,0,4,0.46,12th Cross Road,Bengaluru
street_lamp,12.9818128,77.6408011,"{'highway': 'street_lamp', 'lamp_type': 'sodium_vapor', 'obstructed': 'partially', 'support': 'pole'}",10,0,0,3,0.52,100 Feet Road,Bengaluru
street_lamp,12.9812156,77.6408336,"{'highway': 'street_lamp', 'lamp_type': 'sodium_vapor', 'obstructed': 'partially', 'support': 'pole'}",10,0,0,2,0.58,,Bengaluru
street_lamp,12.9808992,77.6408448,"{'highway': 'street_lamp', 'lamp_type': 'sodium_vapor', 'obstructed': 'yes', 'support': 'pole'}",10,0,0,3,0.52,100 Feet Road,Bengaluru
street_lamp,12.9806776,77.6408569,"{'highway': 'street_lamp', 'lamp_type': 'sodium_vapor', 'obstructed': 'partially', 'support': 'pole'}",10,0,0,1,0.64,100 Feeet Road,Bangalore
street_lamp,12.9784578,77.6403862,"{'highway': 'street_lamp', 'lamp_type': 'LED', 'support': 'pole', 'visibility': 'visible'}",10,0,0,4,0.46,,Bengaluru
street_lamp,12.9785602,77.6401846,"{'highway': 'street_lamp', 'lamp_type': 'sodium_vapor', 'support': 'pole', 'visibility': 'visible'}",10,0,0,4,0.46,6th Cross Road,Bengaluru
street_lamp,12.9793712,77.640191,"{'highway': 'street_lamp', 'lamp_type': 'sodium_vapor', 'support': 'pole', 'visibility': 'clear'}",10,0,0,0,0.7,6th Cross Road,Bengaluru
street_lamp,12.9784583,77.6401008,"{'highway': 'street_lamp', 'lamp_type': 'LED', 'support': 'pole', 'visibility': 'clear'}",10,0,0,0,0.7,,Bengaluru
street_lamp,12.9783152,77.6393398,"{'direction': '357', 'highway': 'street_lamp', 'lamp_type': 'LED', 'support': 'pole', 'visibility': 'clear'}",10,0,0,2,0.58,,Bengaluru
street_lamp,12.9784098,77.6395558,"{'direction': '358', 'highway': 'street_lamp', 'lamp_type': 'LED', 'support': 'pole', 'visibility': 'clear'}",10,0,0,4,0.46,Chinmaya Mission Hospital Road,Bengaluru
street_lamp,12.9784128,77.63968,"{'direction': '358', 'highway': 'street_lamp', 'lamp_type': 'LED', 'support': 'pole', 'visibility': 'clear'}",10,0,0,3,0.52,,Bengaluru
street_lamp,12.9782436,77.6395546,"{'direction': '0', 'highway': 'street_lamp', 'lamp_type': 'LED', 'support': 'pole', 'visibility': 'clear'}",10,0,0,1,0.64,Chinmaya Mission Hospital Road,Bengaluru
street_lamp,12.9782495,77.6396833,"{'direction': '0', 'highway': 'street_lamp', 'lamp_type': 'LED', 'support': 'pole', 'visibility': 'clear'}",10,0,0,4,0.46,Chinmaya Mission Hospital Road,Bengaluru
street_lamp,12.9784291,77.6400602,"{'direction': '0', 'highway': 'street_lamp', 'lamp_type': 'LED', 'support': 'pole', 'visibility': 'clear'}",10,0,0,0,0.7,,Bengaluru
street_lamp,12.9782615,77.639963,"{'direction': '359', 'highway': 'street_lamp', 'lamp_type': 'LED', 'support': 'pole', 'visibility': 'clear'}",10,0,0,4,0.46,,Bengaluru
street_lamp,12.978435,77.640137,"{'direction': '359', 'highway': 'street_lamp', 'lamp_type': 'LED', 'support': 'pole', 'visibility': 'clear'}",10,0,0,0,0.7,,Bengaluru
street_lamp,12.9783489,77.6401235,"{'direction': '359', 'highway': 'street_lamp', 'lamp_type': 'LED', 'support': 'pole', 'visibility': 'clear'}",10,0,0,3,0.52,,Bengaluru
street_lamp,12.9782746,77.6402266,"{'direction': '359', 'highway': 'street_lamp', 'lamp_type': 'LED', 'support': 'pole', 'visibility': 'clear'}",10,0,0,2,0.58,Chinmaya Mission Hospital Road,Bengaluru
street_lamp,12.9822576,77.6376181,"{'highway': 'street_lamp', 'lamp_type': 'sodium_vapor', 'support': 'pole', 'visibility': 'visible'}",10,0,0,0,0.7,2nd Main,Bengaluru
street_lamp,12.9782536,77.6385624,"{'highway': 'street_lamp', 'lamp_mount': 'ceiling', 'lamp_type': 'led', 'support': 'ceiling', 'visibility': 'clear'}",10,0,0,3,0.52,Chinmaya Mission Hospital Road,Bengaluru
street_lamp,12.9783364,77.638557,"{'highway': 'street_lamp', 'lamp_mount': 'ceiling', 'lamp_type': 'led', 'support': 'ceiling', 'visibility': 'clear'}",10,0,0,2,0.58,Chinmaya Mission Hospital Road,Bengaluru
street_lamp,12.9782391,77.6387626,"{'highway': 'street_lamp', 'lamp_mount': 'ceiling', 'lamp_type': 'led', 'support': 'ceiling', 'visibility': 'clear'}",10,0,0,1,0.64,,Bengaluru
street_lamp,12.978362,77.6387595,"{'highway': 'street_lamp', 'lamp_mount': 'ceiling', 'lamp_type': 'led', 'support': 'ceiling', 'visibility': 'clear'}",10,0,0,1,0.64,,Bengaluru
street_lamp,12.9782847,77.6379739,"{'direction': '176', 'highway': 'street_lamp', 'lamp_mount': 'straight_mast', 'lamp_type': 'led', 'support': 'pole', 'visibility': 'clear'}",10,0,0,0,0.7,Chinmaya Mission Hospital Road,"Indiranagar, Bangalore"
street_lamp,12.9782817,77.6379701,"{'direction': '359', 'highway': 'street_lamp', 'lamp_mount': 'straight_mast', 'lamp_type': 'led', 'support': 'pole', 'visibility': 'clear'}",10,0,0,3,0.52,Chinmaya Mission Hospital Road,"Indiranagar, Bangalore"
street_lamp,12.9782159,77.638937,"{'direction': '268', 'highway': 'street_lamp', 'lamp_type': 'led', 'support': 'pole', 'visibility': 'clear'}",10,0,0,2,0.58,4th Cross Road,Bengaluru
street_lamp,12.9783494,77.6384114,"{'highway': 'street_lamp', 'lamp_type': 'led', 'support': 'ceiling', 'visibility': 'clear'}",10,0,0,4,0.46,Chinmaya Mission Hospital Road,Bengaluru
street_lamp,12.9782579,77.638412,"{'highway': 'street_lamp', 'lamp_type': 'led', 'support': 'ceiling', 'visibility': 'clear'}",10,0,0,3,0.52,Chinmaya Mission Hospital Road,Bengaluru
street_lamp,12.9109158,77.6461074,"{'highway': 'street_lamp', 'lamp_type': 'floodlight', 'man_made': 'tower', 'tower:type': 'lighting'}",10,0,0,1,0.64,21st A Main Road,
street_lamp,12.9108517,77.6456125,"{'highway': 'street_lamp', 'lamp_type': 'floodlight', 'man_made': 'tower', 'tower:type': 'lighting'}",10,0,0,1,0.64,21st A Main Road,
street_lamp,12.9118531,77.6460899,"{'highway': 'street_lamp', 'lamp_type': 'floodlight', 'man_made': 'tower', 'tower:type': 'lighting'}",10,0,0,4,0.46,,17th Cross Road
street_lamp,12.9118883,77.6455213,"{'highway': 'street_lamp', 'lamp_type': 'floodlight', 'man_made': 'tower', 'tower:type': 'lighting'}",10,0,0,1,0.64,17th Cross Road,Wings
street_lamp,12.9052973,77.5936905,"{'highway': 'street_lamp', 'lamp_mount': 'bent_mast', 'lamp_type': 'electric'}",10,0,0,3,0.52,1st Main Road,White House
street_lamp,12.9054789,77.5938607,"{'highway': 'street_lamp', 'lamp_mount': 'bent_mast', 'lamp_type': 'electric'}",10,0,0,3,0.52,1st Main Road,White House
street_lamp,12.9055053,77.5937047,"{'highway': 'street_lamp', 'lamp_mount': 'bent_mast', 'lamp_type': 'electric'}",10,0,0,4,0.46,Outer Ring Road,Starbucks
street_lamp,12.9055333,77.5938592,"{'highway': 'street_lamp', 'lamp_mount': 'bent_mast', 'lamp_type': 'electric'}",10,0,0,3,0.52,1st Main Road,Wildcraft
street_lamp,12.9055811,77.5937947,"{'highway': 'street_lamp', 'lamp_mount': 'bent_mast', 'lamp_type': 'electric'}",10,0,0,3,0.52,1st Main Road,Wildcraft
street_lamp,12.905174,77.5937016,"{'highway': 'street_lamp', 'lamp_mount': 'bent_mast', 'lamp_type': 'electric'}",10,0,0,4,0.46,,1st Main Road
street_lamp,12.9051092,77.5937847,"{'highway': 'street_lamp', 'lamp_mount': 'bent_mast', 'lamp_type': 'electric'}",10,0,0,1,0.64,,1st Main Road
street_lamp,12.9053284,77.5938613,"{'highway': 'street_lamp', 'lamp_mount': 'bent_mast', 'lamp_type': 'electric'}",10,0,0,4,0.46,1st Main Road,White House
street_lamp,12.9054104,77.5936983,"{'highway': 'street_lamp', 'lamp_mount': 'bent_mast', 'lamp_type': 'electric'}",10,0,0,2,0.58,1st Main Road,White House
street_lamp,12.998195,77.5694222,"{'direction': '270', 'highway': 'street_lamp', 'lamp_mount': 'straight_mast', 'lamp_type': 'led', 'support': 'pole'}",10,0,0,3,0.52,7th Cross Road,Bengaluru
street_lamp,12.9979372,77.5694234,"{'direction': '270', 'highway': 'street_lamp', 'lamp_mount': 'straight_mast', 'lamp_type': 'led', 'support': 'pole'}",10,0,0,4,0.46,Margosa Road,Bengaluru
street_lamp,12.998576,77.5694224,"{'direction': '270', 'highway': 'street_lamp', 'lamp_mount': 'straight_mast', 'lamp_type': 'led', 'support': 'pole'}",10,0,0,2,0.58,"7th Cross, Near Malleswaram Association, Below Axis Bank, Malleshwaram",bangalore
street_lamp,12.9988509,77.5694172,"{'direction': '270', 'highway': 'street_lamp', 'lamp_mount': 'straight_mast', 'lamp_type': 'led', 'support': 'pole'}",10,0,0,4,0.46,Margosa Road,Bengaluru
street_lamp,12.9990485,77.5694139,"{'direction': '270', 'highway': 'street_lamp', 'lamp_mount': 'straight_mast', 'lamp_type': 'led', 'support': 'pole'}",10,0,0,4,0.46,Margosa Road,Bengaluru
street_lamp,12.9703402,77.592184,"{'highway': 'street_lamp', 'lamp_mount': 'bent_mast', 'lamp_type': 'electric'}",10,0,0,3,0.52,Kasturba Road,Bangalore
street_lamp,12.9081899,77.5815087,"{'highway': 'street_lamp', 'support': 'pole'}",10,0,0,4,0.46,,Walking Path
street_lamp,12.9064551,77.5783572,"{'highway': 'street_lamp', 'lamp_type': 'sodium_vapor', 'support': 'pole'}",10,0,0,1,0.64,35th Main Road,Dr. Rajkumar Statue
street_lamp,12.9064763,77.5760895,{'highway': 'street_lamp'},10,0,0,4,0.46,,4th Main Road
street_lamp,12.9064631,77.5774499,"{'highway': 'street_lamp', 'support': 'pole'}",10,0,0,1,0.64,Outer Ring Road,Tipsy Bull
street_lamp,12.9998281,77.6198143,"{'highway': 'street_lamp', 'lamp_type': 'floodlight', 'light:colour': 'white', 'light:count': '8', 'support': 'high_mast'}",10,0,0,3,0.52,,Bengaluru
street_lamp,13.0433446,77.5568471,"{'direction': '98', 'highway': 'street_lamp', 'support': 'pole'}",10,0,0,1,0.64,MS Ramaiah Road,Bengaluru
street_lamp,13.0444487,77.556776,"{'direction': '82', 'highway': 'street_lamp', 'support': 'pole'}",10,0,0,3,0.52,,Bengaluru
street_lamp,12.9754443,77.6226836,"{'highway': 'street_lamp', 'lamp_mount': 'high_mast', 'support': 'pole'}",10,0,0,1,0.64,,Bengaluru
street_lamp,12.9184686,77.5818108,"{'direction': '90', 'highway': 'street_lamp', 'support': 'pole'}",10,0,0,3,0.52,,43rd Cross Road
street_lamp,12.9184444,77.5821511,"{'direction': '180', 'highway': 'street_lamp', 'support': 'pole'}",10,0,0,1,0.64,43rd Cross Road,Bengaluru
street_lamp,12.918432,77.5825039,"{'direction': '181', 'highway': 'street_lamp', 'support': 'pole'}",10,0,0,4,0.46,43rd Cross Road,Bengaluru
street_lamp,12.9184333,77.582726,"{'direction': '180', 'highway': 'street_lamp', 'support': 'pole'}",10,0,0,3,0.52,,43rd Cross Road
street_lamp,12.9184381,77.5824035,"{'direction': '180', 'highway': 'street_lamp', 'support': 'pole'}",10,0,0,0,0.7,43rd Cross Road,Bengaluru
street_lamp,12.918437,77.5831914,"{'direction': '181', 'highway': 'street_lamp', 'support': 'pole'}",10,0,0,3,0.52,43rd Cross Road,
street_lamp,12.9166983,77.595117,"{'direction': '273', 'highway': 'street_lamp', 'support': 'pole'}",10,0,0,4,0.46,8th Main,Hotel 9th Smile
street_lamp,12.9166937,77.5973381,"{'direction': '0', 'highway': 'street_lamp', 'support': 'pole'}",10,0,0,2,0.58,5th Main Road,Power Sports
street_lamp,12.9166496,77.5976807,"{'direction': '1', 'highway': 'street_lamp', 'support': 'pole'}",10,0,0,4,0.46,4th Main Road,Indian Oil
street_lamp,12.9165165,77.6059103,"{'direction': '1', 'highway': 'street_lamp', 'support': 'pole'}",10,0,0,1,0.64,Outer Ring Road,Looking Good Furniture
street_lamp,12.9164821,77.6065322,"{'direction': '1', 'highway': 'street_lamp', 'support': 'pole'}",10,0,0,0,0.7,1st Cross Road,FB Cakes
street_lamp,12.9214429,77.6496572,"{'direction': '289', 'highway': 'street_lamp', 'lamp_mount': 'bent_mast', 'lamp_type': 'sodium', 'support': 'pole'}",10,0,0,4,0.46,24th Main Road,Pratik Fast Food Center
street_lamp,12.9211826,77.6495799,"{'direction': '286', 'highway': 'street_lamp', 'lamp_mount': 'bent_mast', 'lamp_type': 'sodium', 'support': 'pole'}",10,0,0,2,0.58,6th Cross Road,Matheswari Provisions Store
street_lamp,12.9219569,77.6497492,"{'direction': '274', 'highway': 'street_lamp', 'lamp_mount': 'bent_mast', 'lamp_type': 'sodium', 'support': 'pole'}",10,0,0,1,0.64,24th Main Road,
street_lamp,13.0202015,77.5837831,"{'direction': '270', 'highway': 'street_lamp', 'lamp_mount': 'pole', 'lamp_type': 'led', 'support': 'pole'}",10,0,0,3,0.52,Bellary Road,Bengaluru
street_lamp,13.0201991,77.5837895,"{'direction': '359', 'highway': 'street_lamp', 'lamp_mount': 'pole', 'lamp_type': 'led', 'support': 'pole'}",10,0,0,3,0.52,Bellary Road,Bengaluru
street_lamp,13.019796,77.5837747,"{'direction': '2', 'highway': 'street_lamp', 'lamp_mount': 'pole', 'lamp_type': 'led', 'support': 'pole'}",10,0,0,2,0.58,Bellary Road,Bengaluru
street_lamp,13.0205605,77.5838289,"{'direction': '172', 'highway': 'street_lamp', 'lamp_mount': 'pole', 'lamp_type': 'led', 'support': 'pole'}",10,0,0,2,0.58,Bellary Road,Bengaluru
street_lamp,13.0017363,77.5506576,"{'direction': '77', 'highway': 'street_lamp', 'lamp_mount': 'bent_mast', 'support': 'pole'}",10,0,0,1,0.64,11th Cross Road,Bengaluru
street_lamp,12.9738525,77.6426865,"{'highway': 'street_lamp', 'lamp_type': 'led', 'support': 'pole'}",10,0,0,0,0.7,6th Main Road,
street_lamp,12.9738021,77.6416323,"{'highway': 'street_lamp', 'lamp_type': 'led', 'support': 'pole'}",10,0,0,1,0.64,1st Cross Road,DQ Labs
street_lamp,12.9738366,77.6418657,"{'highway': 'street_lamp', 'lamp_type': 'led', 'support': 'pole'}",10,0,0,1,0.64,6th Main Road,
street_lamp,12.9738451,77.6421009,"{'highway': 'street_lamp', 'lamp_type': 'led', 'support': 'pole'}",10,0,0,2,0.58,6th Main Road,O2 Spa
street_lamp,12.9738401,77.6421545,"{'highway': 'street_lamp', 'lamp_type': 'led', 'support': 'pole'}",10,0,0,4,0.46,6th Main Road,O2 Spa
street_lamp,12.9738563,77.6424999,"{'highway': 'street_lamp', 'lamp_type': 'led', 'support': 'pole'}",10,0,0,3,0.52,6th Main Road,
street_lamp,12.973797,77.6414059,"{'highway': 'street_lamp', 'lamp_type': 'led', 'support': 'pole'}",10,0,0,2,0.58,100 Feet Road,Bengaluru
street_lamp,12.9738551,77.6428149,"{'highway': 'street_lamp', 'lamp_type': 'led', 'support': 'pole'}",10,0,0,3,0.52,6th Main Road,
street_lamp,12.9738582,77.6430246,"{'highway': 'street_lamp', 'lamp_type': 'led', 'support': 'pole'}",10,0,0,2,0.58,6th Main Road,
street_lamp,12.9738619,77.6431745,"{'highway': 'street_lamp', 'lamp_type': 'led', 'support': 'pole'}",10,0,0,3,0.52,6th Main Road,Shree Mithai
street_lamp,12.9738847,77.6434395,"{'highway': 'street_lamp', 'lamp_type': 'led', 'support': 'pole'}",10,0,0,0,0.7,6th Main Road,Sakhin
street_lamp,12.9738784,77.6435791,"{'highway': 'street_lamp', 'lamp_type': 'led', 'support': 'pole'}",10,0,0,2,0.58,6th Main Road,Sakhin
street_lamp,12.9738837,77.6437214,"{'highway': 'street_lamp', 'lamp_type': 'led', 'support': 'pole'}",10,0,0,1,0.64,,6th Main Road
street_lamp,12.9738872,77.6441212,"{'highway': 'street_lamp', 'lamp_type': 'led', 'support': 'pole'}",10,0,0,0,0.7,6th Main Road,
street_lamp,12.9738919,77.6442836,"{'highway': 'street_lamp', 'lamp_type': 'led', 'support': 'pole'}",10,0,0,0,0.7,6th Main Road,
street_lamp,12.9738979,77.6444862,"{'highway': 'street_lamp', 'lamp_type': 'led', 'support': 'pole'}",10,0,0,2,0.58,6th Main Road,Postman
street_lamp,12.9739626,77.6468022,"{'highway': 'street_lamp', 'lamp_type': 'led', 'support': 'pole'}",10,0,0,2,0.58,"6th Main Road, Defence Colony, Indiranagar",Bengaluru
street_lamp,12.9739296,77.6448571,"{'highway': 'street_lamp', 'lamp_type': 'led', 'support': 'pole'}",10,0,0,0,0.7,7th Cross Road,
street_lamp,12.973936,77.645026,"{'highway': 'street_lamp', 'lamp_type': 'led', 'support': 'pole'}",10,0,0,0,0.7,6th Main Road,Pishon Pizza
street_lamp,12.9739318,77.6451889,"{'highway': 'street_lamp', 'lamp_type': 'led', 'support': 'pole'}",10,0,0,0,0.7,6th Main Road,
street_lamp,12.9739418,77.6455042,"{'highway': 'street_lamp', 'lamp_type': 'led', 'support': 'pole'}",10,0,0,2,0.58,6th Main Road,Gurumurthy Clinic
street_lamp,12.9739485,77.6457295,"{'highway': 'street_lamp', 'lamp_type': 'led', 'support': 'pole'}",10,0,0,0,0.7,6th Main Road,Bengaluru
street_lamp,12.9739253,77.6459745,"{'highway': 'street_lamp', 'lamp_type': 'led', 'support': 'pole'}",10,0,0,3,0.52,6th Main Road,
street_lamp,12.9739419,77.6461835,"{'highway': 'street_lamp', 'lamp_type': 'led', 'support': 'pole'}",10,0,0,1,0.64,6th Main Road,Urban Retreat
street_lamp,12.9739472,77.6463764,"{'highway': 'street_lamp', 'lamp_type': 'led', 'support': 'pole'}",10,0,0,4,0.46,6th Main Road,
street_lamp,12.9739583,77.6465958,"{'highway': 'street_lamp', 'lamp_type': 'led', 'support': 'pole'}",10,0,0,1,0.64,6th Main Road,ulo
street_lamp,12.9739249,77.644755,"{'highway': 'street_lamp', 'lamp_type': 'led', 'support': 'pole'}",10,0,0,3,0.52,7th Cross Road,
street_lamp,12.9935488,77.5727735,"{'direction': '170', 'highway': 'street_lamp', 'support': 'pole'}",10,0,0,4,0.46,,Bengaluru
street_lamp,13.0385208,77.628715,"{'design': 'one-level', 'height': '5', 'highway': 'street_lamp', 'lamp_type': 'sodium_vapor', 'light_switch': 'no', 'line_attachment': 'pin|anchor', 'material': 'concrete', 'operator': 'BESCOM', 'power': 'pole', 'working': 'yes'}",10,0,0,3,0.52,,Bengaluru
street_lamp,13.0387274,77.6285859,"{'design': 'one-level', 'height': '5', 'highway': 'street_lamp', 'lamp_type': 'sodium_vapor', 'light_switch': 'no', 'line_attachment': 'pin|anchor', 'material': 'concrete', 'operator': 'BESCOM', 'power': 'pole', 'working': 'yes'}",10,0,0,0,0.7,,Bengaluru
street_lamp,13.0382968,77.6288219,"{'design': 'one-level', 'height': '5', 'highway': 'street_lamp', 'lamp_type': 'sodium_vapor', 'light_switch': 'no', 'line_attachment': 'pin|anchor', 'material': 'concrete', 'operator': 'BESCOM', 'power': 'pole', 'working': 'yes'}",10,0,0,3,0.52,,Bengaluru
street_lamp,13.038163,77.6289163,"{'design': 'one-level', 'height': '5', 'highway': 'street_lamp', 'lamp_type': 'sodium_vapor', 'light_switch': 'no', 'line_attachment': 'pin|anchor', 'material': 'concrete', 'operator': 'BESCOM', 'power': 'pole', 'working': 'yes'}",10,0,0,3,0.52,,Bengaluru
street_lamp,13.0379373,77.6290193,"{'design': 'one-level', 'height': '5', 'highway': 'street_lamp', 'lamp_type': 'sodium_vapor', 'light_switch': 'no', 'line_attachment': 'pin|anchor', 'material': 'concrete', 'operator': 'BESCOM', 'power': 'pole', 'working': 'yes'}",10,0,0,2,0.58,,Bengaluru
street_lamp,13.0373352,77.629324,"{'design': 'one-level', 'height': '5', 'highway': 'street_lamp', 'lamp_type': 'sodium_vapor', 'light_switch': 'no', 'line_attachment': 'pin|anchor', 'material': 'concrete', 'operator': 'BESCOM', 'power': 'pole', 'working': 'yes'}",10,0,0,3,0.52,,Bengaluru
street_lamp,13.0371345,77.6294485,"{'design': 'one-level', 'height': '5', 'highway': 'street_lamp', 'lamp_type': 'sodium_vapor', 'light_switch': 'no', 'line_attachment': 'pin|anchor', 'material': 'concrete', 'operator': 'BESCOM', 'power': 'pole', 'working': 'yes'}",10,0,0,3,0.52,,Bengaluru
street_lamp,13.036938,77.6295343,"{'design': 'one-level', 'height': '5', 'highway': 'street_lamp', 'lamp_type': 'sodium_vapor', 'light_switch': 'no', 'line_attachment': 'pin|anchor', 'material': 'concrete', 'operator': 'BESCOM', 'power': 'pole', 'working': 'yes'}",10,0,0,0,0.7,,Bengaluru
street_lamp,13.036785,77.6296318,"{'design': 'one-level', 'height': '5', 'highway': 'street_lamp', 'lamp_type': 'sodium_vapor', 'light_switch': 'no', 'line_attachment': 'pin|anchor', 'material': 'concrete', 'operator': 'BESCOM', 'power': 'pole', 'working': 'yes'}",10,0,0,1,0.64,,Bengaluru
street_lamp,13.0366077,77.6297274,"{'design': 'one-level', 'height': '5', 'highway': 'street_lamp', 'lamp_type': 'led', 'light_switch': 'no', 'line_attachment': 'pin|anchor', 'material': 'concrete', 'operator': 'BESCOM', 'power': 'pole', 'working': 'yes'}",10,0,0,3,0.52,,Bengaluru
street_lamp,13.0363903,77.6298347,"{'design': 'one-level', 'height': '5', 'highway': 'street_lamp', 'lamp_type': 'sodium_vapor', 'light_switch': 'no', 'line_attachment': 'pin|anchor', 'material': 'concrete', 'operator': 'BESCOM', 'power': 'pole', 'working': 'yes'}",10,0,0,3,0.52,,Bengaluru
street_lamp,13.0364238,77.6300279,"{'design': 'one-level', 'height': '5', 'highway': 'street_lamp', 'lamp_type': 'led', 'light_switch': 'no', 'line_attachment': 'pin|anchor', 'material': 'concrete', 'operator': 'BESCOM', 'power': 'pole', 'working': 'yes'}",10,0,0,3,0.52,,Bengaluru
street_lamp,13.0364447,77.6301823,"{'design': 'one-level', 'height': '5', 'highway': 'street_lamp', 'lamp_type': 'led', 'light_switch': 'no', 'line_attachment': 'pin|anchor', 'material': 'concrete', 'operator': 'BESCOM', 'power': 'pole', 'working': 'yes'}",10,0,0,3,0.52,,Bengaluru
street_lamp,13.036545,77.6305943,"{'design': 'one-level', 'height': '5', 'highway': 'street_lamp', 'lamp_type': 'sodium_vapor', 'light_switch': 'no', 'line_attachment': 'pin|anchor', 'material': 'concrete', 'operator': 'BESCOM', 'power': 'pole', 'working': 'yes'}",10,0,0,2,0.58,,Bengaluru
street_lamp,13.03777,77.629573,"{'design': 'one-level', 'height': '5', 'highway': 'street_lamp', 'lamp_type': 'sodium_vapor', 'light_switch': 'no', 'line_attachment': 'pin|anchor', 'material': 'concrete', 'operator': 'BESCOM', 'power': 'pole', 'working': 'yes'}",10,0,0,3,0.52,,Bengaluru
street_lamp,13.0379414,77.6298562,"{'design': 'one-level', 'height': '5', 'highway': 'street_lamp', 'lamp_type': 'sodium_vapor', 'light_switch': 'no', 'line_attachment': 'pin|anchor', 'material': 'concrete', 'operator': 'BESCOM', 'power': 'pole', 'working': 'yes'}",10,0,0,1,0.64,,Bengaluru
street_lamp,13.0388069,77.6287747,"{'design': 'one-level', 'height': '5', 'highway': 'street_lamp', 'lamp_type': 'sodium_vapor', 'light_switch': 'no', 'line_attachment': 'pin|anchor', 'material': 'concrete', 'operator': 'BESCOM', 'power': 'pole', 'working': 'yes'}",10,0,0,1,0.64,,Bengaluru
street_lamp,13.0385351,77.6282984,"{'design': 'one-level', 'height': '5', 'highway': 'street_lamp', 'lamp_type': 'sodium_vapor', 'light_switch': 'no', 'line_attachment': 'pin|anchor', 'material': 'concrete', 'operator': 'BESCOM', 'power': 'pole', 'working': 'yes'}",10,0,0,2,0.58,,Bengaluru
street_lamp,13.0372809,77.6289206,"{'design': 'one-level', 'height': '5', 'highway': 'street_lamp', 'lamp_type': 'sodium_vapor', 'light_switch': 'no', 'line_attachment': 'pin|anchor', 'material': 'concrete', 'operator': 'BESCOM', 'power': 'pole', 'working': 'yes'}",10,0,0,1,0.64,,Bengaluru
street_lamp,13.0362816,77.6294742,"{'design': 'one-level', 'height': '5', 'highway': 'street_lamp', 'lamp_type': 'sodium_vapor', 'light_switch': 'no', 'line_attachment': 'pin|anchor', 'material': 'concrete', 'operator': 'BESCOM', 'power': 'pole', 'working': 'yes'}",10,0,0,1,0.64,,Bengaluru
street_lamp,13.0359952,77.6296202,"{'design': 'one-level', 'height': '5', 'highway': 'street_lamp', 'lamp_type': 'sodium_vapor', 'light_switch': 'no', 'line_attachment': 'pin|anchor', 'material': 'concrete', 'operator': 'BESCOM', 'power': 'pole', 'working': 'yes'}",10,0,0,4,0.46,,Bengaluru
street_lamp,13.036083,77.6299206,"{'design': 'one-level', 'height': '5', 'highway': 'street_lamp', 'lamp_type': 'sodium_vapor', 'light_switch': 'no', 'line_attachment': 'pin|anchor', 'material': 'concrete', 'operator': 'BESCOM', 'power': 'pole', 'working': 'yes'}",10,0,0,1,0.64,,Bengaluru
street_lamp,13.0361499,77.6302167,"{'design': 'one-level', 'height': '5', 'highway': 'street_lamp', 'lamp_type': 'sodium_vapor', 'light_switch': 'no', 'line_attachment': 'pin|anchor', 'material': 'concrete', 'operator': 'BESCOM', 'power': 'pole', 'working': 'yes'}",10,0,0,2,0.58,,Bengaluru
street_lamp,13.0362252,77.6304913,"{'design': 'one-level', 'height': '5', 'highway': 'street_lamp', 'lamp_type': 'sodium_vapor', 'light_switch': 'no', 'line_attachment': 'pin|anchor', 'material': 'concrete', 'operator': 'BESCOM', 'power': 'pole', 'working': 'yes'}",10,0,0,2,0.58,,Bengaluru
street_lamp,13.0362837,77.6307617,"{'design': 'one-level', 'height': '5', 'highway': 'street_lamp', 'lamp_type': 'sodium_vapor', 'light_switch': 'no', 'line_attachment': 'pin|anchor', 'material': 'concrete', 'operator': 'BESCOM', 'power': 'pole', 'working': 'yes'}",10,0,0,0,0.7,,Bengaluru
street_lamp,13.0356898,77.6297912,"{'design': 'one-level', 'height': '5', 'highway': 'street_lamp', 'lamp_type': 'sodium_vapor', 'light_switch': 'no', 'line_attachment': 'pin|anchor', 'material': 'concrete', 'operator': 'BESCOM', 'power': 'pole', 'working': 'yes'}",10,0,0,1,0.64,,Bengaluru
street_lamp,13.0357564,77.6301825,"{'design': 'one-level', 'height': '5', 'highway': 'street_lamp', 'lamp_type': 'sodium_vapor', 'light_switch': 'no', 'line_attachment': 'pin|anchor', 'material': 'concrete', 'operator': 'BESCOM', 'power': 'pole', 'working': 'yes'}",10,0,0,1,0.64,,Bengaluru
street_lamp,13.035835,77.6305241,"{'design': 'one-level', 'height': '5', 'highway': 'street_lamp', 'lamp_type': 'sodium_vapor', 'light_switch': 'no', 'line_attachment': 'pin|anchor', 'material': 'concrete', 'operator': 'BESCOM', 'power': 'pole', 'working': 'yes'}",10,0,0,4,0.46,,Bengaluru
street_lamp,13.0359258,77.631021,"{'design': 'one-level', 'height': '5', 'highway': 'street_lamp', 'lamp_type': 'sodium_vapor', 'light_switch': 'no', 'line_attachment': 'pin|anchor', 'material': 'concrete', 'operator': 'BESCOM', 'power': 'pole', 'working': 'yes'}",10,0,0,2,0.58,,Bengaluru
street_lamp,13.0356414,77.6295862,"{'design': 'one-level', 'height': '5', 'highway': 'street_lamp', 'lamp_type': 'sodium_vapor', 'light_switch': 'no', 'line_attachment': 'pin|anchor', 'material': 'concrete', 'operator': 'BESCOM', 'power': 'pole', 'working': 'yes'}",10,0,0,0,0.7,,Bengaluru
street_lamp,13.0356081,77.629431,"{'design': 'one-level', 'height': '5', 'highway': 'street_lamp', 'lamp_type': 'sodium_vapor', 'light_switch': 'no', 'line_attachment': 'pin|anchor', 'material': 'concrete', 'operator': 'BESCOM', 'power': 'pole', 'working': 'yes'}",10,0,0,0,0.7,,Bengaluru
street_lamp,13.0365097,77.629344,"{'design': 'one-level', 'height': '5', 'highway': 'street_lamp', 'lamp_type': 'sodium_vapor', 'light_switch': 'no', 'line_attachment': 'pin|anchor', 'material': 'concrete', 'operator': 'BESCOM', 'power': 'pole', 'working': 'yes'}",10,0,0,3,0.52,,Bengaluru
street_lamp,13.0368122,77.6292012,"{'design': 'one-level', 'height': '5', 'highway': 'street_lamp', 'lamp_type': 'sodium_vapor', 'light_switch': 'no', 'line_attachment': 'pin|anchor', 'material': 'concrete', 'operator': 'BESCOM', 'power': 'pole', 'working': 'yes'}",10,0,0,2,0.58,,Bengaluru
street_lamp,13.0370603,77.6290397,"{'design': 'one-level', 'height': '5', 'highway': 'street_lamp', 'lamp_type': 'sodium_vapor', 'light_switch': 'no', 'line_attachment': 'pin|anchor', 'material': 'concrete', 'operator': 'BESCOM', 'power': 'pole', 'working': 'yes'}",10,0,0,0,0.7,,Bengaluru
street_lamp,13.0383008,77.6284434,"{'design': 'one-level', 'height': '5', 'highway': 'street_lamp', 'lamp_type': 'sodium_vapor', 'light_switch': 'no', 'line_attachment': 'pin|anchor', 'material': 'concrete', 'operator': 'BESCOM', 'power': 'pole', 'working': 'yes'}",10,0,0,3,0.52,,Bengaluru
street_lamp,13.0380043,77.628549,"{'design': 'one-level', 'height': '5', 'highway': 'street_lamp', 'lamp_type': 'sodium_vapor', 'light_switch': 'no', 'line_attachment': 'pin|anchor', 'material': 'concrete', 'operator': 'BESCOM', 'power': 'pole', 'working': 'yes'}",10,0,0,4,0.46,,Bengaluru
street_lamp,13.0377864,77.6286981,"{'design': 'one-level', 'height': '5', 'highway': 'street_lamp', 'lamp_type': 'sodium_vapor', 'light_switch': 'no', 'line_attachment': 'pin|anchor', 'material': 'concrete', 'operator': 'BESCOM', 'power': 'pole', 'working': 'yes'}",10,0,0,1,0.64,,Bengaluru
street_lamp,12.9926197,77.5927696,{'highway': 'street_lamp'},10,0,0,4,0.46,,Bengaluru
street_lamp,12.9929057,77.5936809,{'highway': 'street_lamp'},10,0,0,2,0.58,,Bengaluru
street_lamp,12.9929379,77.5932751,{'highway': 'street_lamp'},10,0,0,0,0.7,,Bengaluru
street_lamp,12.9927636,77.5928122,{'highway': 'street_lamp'},10,0,0,3,0.52,10th Cross Road,Bengaluru
street_lamp,12.9927089,77.5933889,{'highway': 'street_lamp'},10,0,0,3,0.52,12th Cross Road,Bengaluru
street_lamp,12.9929064,77.5910312,{'highway': 'street_lamp'},10,0,0,2,0.58,4th Cross Road,Bengaluru
street_lamp,12.9929704,77.5930375,{'highway': 'street_lamp'},10,0,0,3,0.52,,Bengaluru
street_lamp,12.9933271,77.5926502,{'highway': 'street_lamp'},10,0,0,2,0.58,10th Cross Road,Bengaluru
street_lamp,12.9933526,77.5925209,{'highway': 'street_lamp'},10,0,0,3,0.52,,Bengaluru
street_lamp,12.9933386,77.5922606,{'highway': 'street_lamp'},10,0,0,1,0.64,,Bengaluru
street_lamp,12.9889035,77.5887161,{'highway': 'street_lamp'},10,0,0,2,0.58,Palace Road,Bengaluru
street_lamp,12.9876987,77.5888107,{'highway': 'street_lamp'},10,0,0,2,0.58,Sankey Road,Bengaluru
street_lamp,12.987617,77.5888174,{'highway': 'street_lamp'},10,0,0,2,0.58,Sankey Road,Bengaluru
street_lamp,12.9875373,77.5888288,{'highway': 'street_lamp'},10,0,0,4,0.46,Sankey Road,Bengaluru
street_lamp,12.9874347,77.5888429,{'highway': 'street_lamp'},10,0,0,3,0.52,Sankey Road,Bengaluru
street_lamp,12.9872779,77.5888623,{'highway': 'street_lamp'},10,0,0,3,0.52,Sankey Road,Bengaluru
street_lamp,12.9872805,77.588914,{'highway': 'street_lamp'},10,0,0,4,0.46,,Bengaluru
street_lamp,12.9874406,77.5888912,{'highway': 'street_lamp'},10,0,0,4,0.46,Sankey Road,Bengaluru
street_lamp,12.9875347,77.5888798,{'highway': 'street_lamp'},10,0,0,2,0.58,Sankey Road,Bengaluru
street_lamp,12.9876144,77.5888684,{'highway': 'street_lamp'},10,0,0,0,0.7,Sankey Road,Bengaluru
street_lamp,12.9876895,77.5888617,{'highway': 'street_lamp'},10,0,0,4,0.46,Sankey Road,Bengaluru
street_lamp,12.9891113,77.5886739,{'highway': 'street_lamp'},10,0,0,3,0.52,Palace Road,Bengaluru
street_lamp,12.9891283,77.588749,{'highway': 'street_lamp'},10,0,0,4,0.46,Palace Road,Bengaluru
street_lamp,12.9893178,77.5887363,{'highway': 'street_lamp'},10,0,0,4,0.46,Palace Road,Bengaluru
street_lamp,12.989704,77.5886283,{'highway': 'street_lamp'},10,0,0,0,0.7,,Bengaluru
street_lamp,12.9894393,77.5887369,{'highway': 'street_lamp'},10,0,0,0,0.7,Palace Road,Bengaluru
street_lamp,12.9895275,77.5886464,{'highway': 'street_lamp'},10,0,0,1,0.64,,Bengaluru
street_lamp,12.9903214,77.5886712,{'highway': 'street_lamp'},10,0,0,3,0.52,,Bengaluru
street_lamp,12.9903783,77.5887389,{'highway': 'street_lamp'},10,0,0,0,0.7,,Bengaluru
street_lamp,12.9904403,77.5885398,{'highway': 'street_lamp'},10,0,0,4,0.46,,Bengaluru
street_lamp,12.9904998,77.5887041,{'highway': 'street_lamp'},10,0,0,2,0.58,Palace Road,Bengaluru
street_lamp,12.9905421,77.5884658,{'highway': 'street_lamp'},10,0,0,4,0.46,,Bengaluru
street_lamp,12.9903867,77.5897287,{'highway': 'street_lamp'},10,0,0,1,0.64,Cunningham Road,Bengaluru
street_lamp,12.9903364,77.5897307,{'highway': 'street_lamp'},10,0,0,0,0.7,Cunningham Road,Bengaluru
street_lamp,12.9903456,77.5899795,{'highway': 'street_lamp'},10,0,0,1,0.64,Cunningham Road,Bengaluru
street_lamp,12.9904005,77.5900251,{'highway': 'street_lamp'},10,0,0,3,0.52,Cunningham Road,Bengaluru
street_lamp,12.9903652,77.5902303,{'highway': 'street_lamp'},10,0,0,2,0.58,Cunningham Road,Bengaluru
street_lamp,12.9903959,77.590589,{'highway': 'street_lamp'},10,0,0,3,0.52,Cunningham Road,Bengaluru
street_lamp,12.9903965,77.5906272,{'highway': 'street_lamp'},10,0,0,2,0.58,Cunningham Road,Bengaluru
street_lamp,12.9903946,77.5906581,{'highway': 'street_lamp'},10,0,0,4,0.46,,Bengaluru
street_lamp,12.9904488,77.590587,{'highway': 'street_lamp'},10,0,0,2,0.58,Cunningham Road,Bengaluru
street_lamp,12.9904508,77.5907312,{'highway': 'street_lamp'},10,0,0,3,0.52,,Bengaluru
street_lamp,12.990405,77.590874,{'highway': 'street_lamp'},10,0,0,1,0.64,,Bengaluru
street_lamp,12.9904697,77.5911342,{'highway': 'street_lamp'},10,0,0,3,0.52,,Bengaluru
street_lamp,12.990407,77.591167,{'highway': 'street_lamp'},10,0,0,1,0.64,,Bengaluru
street_lamp,12.990405,77.5913823,{'highway': 'street_lamp'},10,0,0,2,0.58,Cunningham Road,Bangalore
street_lamp,12.9904423,77.5915854,{'highway': 'street_lamp'},10,0,0,0,0.7,,Bengaluru
street_lamp,12.9903939,77.5916639,{'highway': 'street_lamp'},10,0,0,0,0.7,Cunningham Road,Bangalore
street_lamp,12.9904037,77.591855,{'highway': 'street_lamp'},10,0,0,0,0.7,,Bengaluru
street_lamp,12.9897502,77.59277,{'highway': 'street_lamp'},10,0,0,1,0.64,Millers Road,Bengaluru
street_lamp,12.9895364,77.592772,{'highway': 'street_lamp'},10,0,0,4,0.46,Cunningham Road,Bengaluru
street_lamp,12.989641,77.5928427,{'highway': 'street_lamp'},10,0,0,4,0.46,Millers Road,Bengaluru
street_lamp,12.9896239,77.592708,{'highway': 'street_lamp'},10,0,0,2,0.58,Millers Road,Bengaluru
street_lamp,12.9900158,77.5929358,{'highway': 'street_lamp'},10,0,0,4,0.46,10th Cross Road,Bengaluru
street_lamp,12.9905161,77.5932732,{'highway': 'street_lamp'},10,0,0,2,0.58,,Bengaluru
street_lamp,12.9904638,77.5933483,{'highway': 'street_lamp'},10,0,0,3,0.52,,Bengaluru
street_lamp,12.9908039,77.5936085,{'highway': 'street_lamp'},10,0,0,4,0.46,Millers Road,Bengaluru
street_lamp,12.9908611,77.5935223,{'highway': 'street_lamp'},10,0,0,0,0.7,14th Main Road,Bengaluru
street_lamp,12.9886468,77.5887349,{'highway': 'street_lamp'},10,0,0,3,0.52,,Bengaluru
street_lamp,12.9885951,77.5887805,{'highway': 'street_lamp'},10,0,0,4,0.46,,Bengaluru
street_lamp,12.9886873,77.5887758,{'highway': 'street_lamp'},10,0,0,1,0.64,,Bengaluru
street_lamp,12.98842,77.5887959,{'highway': 'street_lamp'},10,0,0,3,0.52,,Bengaluru
street_lamp,12.9882469,77.58881,{'highway': 'street_lamp'},10,0,0,3,0.52,,Bengaluru
street_lamp,12.9880705,77.5888275,{'highway': 'street_lamp'},10,0,0,1,0.64,,Bengaluru
street_lamp,12.9898967,77.5886431,{'highway': 'street_lamp'},10,0,0,3,0.52,,Bengaluru
street_lamp,12.9899444,77.5887001,{'highway': 'street_lamp'},10,0,0,2,0.58,,Bengaluru
street_lamp,12.9900862,77.5886866,{'highway': 'street_lamp'},10,0,0,3,0.52,,Bengaluru
street_lamp,12.9888387,77.5921821,{'highway': 'street_lamp'},10,0,0,0,0.7,Millers Road,Bengaluru
street_lamp,12.9894808,77.5927706,{'highway': 'street_lamp'},10,0,0,4,0.46,Millers Road,Bengaluru
street_lamp,12.9895883,77.5928458,{'highway': 'street_lamp'},10,0,0,2,0.58,Millers Road,Bengaluru
street_lamp,12.9895009,77.5929179,{'highway': 'street_lamp'},10,0,0,3,0.52,Cunningham Road,Bengaluru
street_lamp,12.9894165,77.5928427,{'highway': 'street_lamp'},10,0,0,2,0.58,Cunningham Road,Bengaluru
street_lamp,12.9893503,77.5929262,{'highway': 'street_lamp'},10,0,0,3,0.52,Cunningham Road,Bengaluru
street_lamp,12.9891273,77.5931498,{'highway': 'street_lamp'},10,0,0,0,0.7,"Millers Road, Near Cunnigham Road, Bhadrappa Layout, Vasanth Nagar",Bengaluru
street_lamp,12.9880562,77.5934999,{'highway': 'street_lamp'},10,0,0,0,0.7,Cunningham Cross Road,Bengaluru
street_lamp,12.9871514,77.5920491,{'highway': 'street_lamp'},10,0,0,2,0.58,Ali Asker Road,Bengaluru
street_lamp,12.9865058,77.5914088,{'highway': 'street_lamp'},10,0,0,0,0.7,Cunningham Road Cross,Bengaluru
street_lamp,12.9866336,77.591119,{'highway': 'street_lamp'},10,0,0,4,0.46,Ali Asker Road,Bengaluru
street_lamp,12.9867813,77.590815,{'highway': 'street_lamp'},10,0,0,0,0.7,Ali Asker Road,Bengaluru
street_lamp,12.9871099,77.5906908,{'highway': 'street_lamp'},10,0,0,3,0.52,Ali Asker Road,Bengaluru
street_lamp,12.9871713,77.5909475,{'highway': 'street_lamp'},10,0,0,3,0.52,Ali Asker Road,Bengaluru
street_lamp,12.9872582,77.5910352,{'highway': 'street_lamp'},10,0,0,0,0.7,Ali Asker Road,Bengaluru
street_lamp,12.9874474,77.5912117,{'highway': 'street_lamp'},10,0,0,0,0.7,,
street_lamp,12.987392,77.5909538,{'highway': 'street_lamp'},10,0,0,0,0.7,,Bengaluru
street_lamp,12.987716,77.5911345,{'highway': 'street_lamp'},10,0,0,2,0.58,,Bengaluru
street_lamp,12.9877213,77.5912427,{'highway': 'street_lamp'},10,0,0,4,0.46,,Bengaluru
street_lamp,12.9875793,77.5911254,{'highway': 'street_lamp'},10,0,0,0,0.7,,Bengaluru
street_lamp,12.9878919,77.5912773,{'highway': 'street_lamp'},10,0,0,1,0.64,,Bengaluru
street_lamp,12.9878893,77.59138,{'highway': 'street_lamp'},10,0,0,3,0.52,Millers Road,Bengaluru
street_lamp,12.9881153,77.5915803,{'highway': 'street_lamp'},10,0,0,4,0.46,Millers Road,Bengaluru
street_lamp,12.9882942,77.5916114,{'highway': 'street_lamp'},10,0,0,4,0.46,,Bengaluru
street_lamp,12.9880465,77.5914035,{'highway': 'street_lamp'},10,0,0,0,0.7,Millers Road,Bengaluru
street_lamp,12.987584,77.5909799,{'highway': 'street_lamp'},10,0,0,3,0.52,,Bengaluru
street_lamp,12.9885148,77.5918055,{'highway': 'street_lamp'},10,0,0,4,0.46,,Bengaluru
street_lamp,12.9884113,77.5918053,{'highway': 'street_lamp'},10,0,0,0,0.7,,Bengaluru
street_lamp,12.9886452,77.592027,{'highway': 'street_lamp'},10,0,0,0,0.7,Millers Road,Bengaluru
street_lamp,12.9872021,77.5939806,{'highway': 'street_lamp'},10,0,0,3,0.52,Ali Asker Road,Bengaluru
street_lamp,12.9874195,77.5941562,{'highway': 'street_lamp'},10,0,0,4,0.46,,Bengaluru
street_lamp,12.9877226,77.5943739,{'highway': 'street_lamp'},10,0,0,1,0.64,Cunningham Road,Bengaluru
street_lamp,12.9876245,77.5944654,{'highway': 'street_lamp'},10,0,0,0,0.7,Cunningham Road,Bengaluru
street_lamp,12.9885034,77.5938781,{'highway': 'street_lamp'},10,0,0,4,0.46,,Bengaluru
street_lamp,12.9885908,77.593688,{'highway': 'street_lamp'},10,0,0,2,0.58,Cunningham Road,Bengaluru
street_lamp,12.9886712,77.5937348,{'highway': 'street_lamp'},10,0,0,0,0.7,Cunningham Road,Bengaluru
street_lamp,12.9888653,77.5937757,{'highway': 'street_lamp'},10,0,0,3,0.52,Millers Tank Bund Road,Bengaluru
street_lamp,12.9888993,77.5937408,{'highway': 'street_lamp'},10,0,0,0,0.7,Millers Tank Bund Road,Bengaluru
street_lamp,12.9888354,77.5936114,{'highway': 'street_lamp'},10,0,0,4,0.46,Millers Tank Bund Road,Bengaluru
street_lamp,12.9890245,77.5934489,{'highway': 'street_lamp'},10,0,0,3,0.52,Cunningham Road,Bengaluru
street_lamp,12.9890875,77.5933416,{'highway': 'street_lamp'},10,0,0,3,0.52,Cunningham Road,Bengaluru
street_lamp,12.9894507,77.5925999,{'highway': 'street_lamp'},10,0,0,1,0.64,Millers Road,Bengaluru
street_lamp,12.9893139,77.5924705,{'highway': 'street_lamp'},10,0,0,3,0.52,,Bengaluru
street_lamp,12.9874538,77.590855,{'highway': 'street_lamp'},10,0,0,1,0.64,,Bengaluru
street_lamp,12.9872851,77.5906852,{'highway': 'street_lamp'},10,0,0,4,0.46,,Bengaluru
street_lamp,12.9873043,77.5908632,{'highway': 'street_lamp'},10,0,0,2,0.58,Ali Asker Road,Bengaluru
street_lamp,12.9870658,77.5905004,{'highway': 'street_lamp'},10,0,0,2,0.58,,Bengaluru
street_lamp,12.9884358,77.5931738,{'highway': 'street_lamp'},10,0,0,3,0.52,Cunningham Road Cross,Bengaluru
street_lamp,12.9886276,77.5933383,{'highway': 'street_lamp'},10,0,0,4,0.46,Cunningham Cross Road,Bengaluru
street_lamp,12.9902175,77.5930451,{'highway': 'street_lamp'},10,0,0,4,0.46,Millers Road,Bengaluru
street_lamp,12.990061,77.5930902,{'highway': 'street_lamp'},10,0,0,4,0.46,Millers Road,Bengaluru
street_lamp,12.9902164,77.5931894,{'highway': 'street_lamp'},10,0,0,0,0.7,Millers Road,Bengaluru
street_lamp,12.9904175,77.5931948,{'highway': 'street_lamp'},10,0,0,1,0.64,,
street_lamp,12.9903616,77.5932871,{'highway': 'street_lamp'},10,0,0,1,0.64,,Bengaluru
street_lamp,12.9881963,77.5929794,{'highway': 'street_lamp'},10,0,0,0,0.7,Cunningham Road Cross,Bengaluru
street_lamp,12.9879981,77.5928272,{'highway': 'street_lamp'},10,0,0,4,0.46,Cunningham Road Cross,Bengaluru
street_lamp,12.9878558,77.5927024,{'highway': 'street_lamp'},10,0,0,3,0.52,Cunningham Road Cross,Bengaluru
street_lamp,12.9943979,77.590648,{'highway': 'street_lamp'},10,0,0,4,0.46,3rd Cross Road,Bengaluru
street_lamp,12.9938765,77.5904804,{'highway': 'street_lamp'},10,0,0,3,0.52,,Bengaluru
street_lamp,12.9935544,77.5903945,{'highway': 'street_lamp'},10,0,0,4,0.46,2nd Cross Road,Bengaluru
street_lamp,12.9934374,77.590359,{'highway': 'street_lamp'},10,0,0,3,0.52,2nd Cross Road,Bengaluru
street_lamp,12.99331,77.5903194,{'highway': 'street_lamp'},10,0,0,0,0.7,3rd Cross Road,Bengaluru
street_lamp,12.9931787,77.5902759,{'highway': 'street_lamp'},10,0,0,2,0.58,3rd Cross Road,Bengaluru
street_lamp,12.9930264,77.5902276,{'highway': 'street_lamp'},10,0,0,1,0.64,8th Main Road,Bengaluru
street_lamp,12.9930245,77.5906561,{'highway': 'street_lamp'},10,0,0,2,0.58,3rd Cross Road,Bengaluru
street_lamp,12.993834,77.5907513,{'highway': 'street_lamp'},10,0,0,3,0.52,,Bengaluru
street_lamp,12.9938085,77.5909625,{'highway': 'street_lamp'},10,0,0,2,0.58,,Bengaluru
street_lamp,12.9937164,77.5911972,{'highway': 'street_lamp'},10,0,0,4,0.46,,Bengaluru
street_lamp,12.9936158,77.5911348,{'highway': 'street_lamp'},10,0,0,2,0.58,,Bengaluru
street_lamp,12.9934518,77.5911697,{'highway': 'street_lamp'},10,0,0,1,0.64,,Bengaluru
street_lamp,12.9933551,77.5910993,{'highway': 'street_lamp'},10,0,0,4,0.46,,Bengaluru
street_lamp,12.9932623,77.5911449,{'highway': 'street_lamp'},10,0,0,1,0.64,,Bengaluru
street_lamp,12.9931003,77.5910631,{'highway': 'street_lamp'},10,0,0,4,0.46,,Bengaluru
street_lamp,12.9929585,77.5911194,{'highway': 'street_lamp'},10,0,0,3,0.52,8th Main Road,Bengaluru
street_lamp,12.9928409,77.5903054,{'highway': 'street_lamp'},10,0,0,1,0.64,2nd Cross Road,Bengaluru
street_lamp,12.9925723,77.5902551,{'highway': 'street_lamp'},10,0,0,4,0.46,"2nd Cross Road, Vasanth Nagar",Bangalore
street_lamp,12.9923423,77.5902155,{'highway': 'street_lamp'},10,0,0,4,0.46,,Bengaluru
street_lamp,12.9921489,77.59018,{'highway': 'street_lamp'},10,0,0,1,0.64,2nd Cross Road,Bengaluru
street_lamp,12.9920241,77.5901558,{'highway': 'street_lamp'},10,0,0,0,0.7,2nd Cross Road,Bengaluru
street_lamp,12.9918608,77.5901337,{'highway': 'street_lamp'},10,0,0,2,0.58,2nd Cross Road,Bengaluru
street_lamp,12.9927657,77.5908317,{'highway': 'street_lamp'},10,0,0,1,0.64,4th Cross Road,Bengaluru
street_lamp,12.9926311,77.5908311,{'highway': 'street_lamp'},10,0,0,0,0.7,4th Cross Road,Bengaluru
street_lamp,12.9924776,77.590827,{'highway': 'street_lamp'},10,0,0,3,0.52,,Bengaluru
street_lamp,12.9922025,77.590825,{'highway': 'street_lamp'},10,0,0,3,0.52,,Bengaluru
street_lamp,12.9920281,77.5908224,{'highway': 'street_lamp'},10,0,0,1,0.64,,Bengaluru
street_lamp,12.9917268,77.5910631,{'highway': 'street_lamp'},10,0,0,4,0.46,14th Main Road,Bengaluru
street_lamp,12.9921359,77.5910604,{'highway': 'street_lamp'},10,0,0,1,0.64,11th Main Road,Bengaluru
street_lamp,12.9921333,77.5912891,{'highway': 'street_lamp'},10,0,0,1,0.64,11th Main Road,Bengaluru
street_lamp,12.9921221,77.5915372,{'highway': 'street_lamp'},10,0,0,2,0.58,,Bengaluru
street_lamp,12.9921097,77.5918389,{'highway': 'street_lamp'},10,0,0,1,0.64,7th Cross Road,Bengaluru
street_lamp,12.9929448,77.5934509,{'highway': 'street_lamp'},10,0,0,4,0.46,,Bengaluru
street_lamp,12.9929768,77.5932236,{'highway': 'street_lamp'},10,0,0,2,0.58,,Bengaluru
street_lamp,12.9930369,77.592952,{'highway': 'street_lamp'},10,0,0,3,0.52,10th Cross Road,Bengaluru
street_lamp,12.992767,77.5928481,{'highway': 'street_lamp'},10,0,0,1,0.64,,Bengaluru
street_lamp,12.992752,77.593009,{'highway': 'street_lamp'},10,0,0,4,0.46,,Bengaluru
street_lamp,12.9927389,77.5931277,{'highway': 'street_lamp'},10,0,0,0,0.7,,Bengaluru
street_lamp,12.9927265,77.5932451,{'highway': 'street_lamp'},10,0,0,3,0.52,12th Cross Road,Bengaluru
street_lamp,12.9926364,77.5939374,{'highway': 'street_lamp'},10,0,0,3,0.52,8th Main Road,Bengaluru
street_lamp,12.9926125,77.5941238,{'highway': 'street_lamp'},10,0,0,1,0.64,8th Main Road,Bengaluru
street_lamp,12.9925789,77.5943709,{'highway': 'street_lamp'},10,0,0,2,0.58,Millers Road,Bengaluru
street_lamp,12.9927808,77.5944065,{'highway': 'street_lamp'},10,0,0,2,0.58,13th Cross Road,Bengaluru
street_lamp,12.9928115,77.5942355,{'highway': 'street_lamp'},10,0,0,3,0.52,13th Cross Road,Bengaluru
street_lamp,12.9928396,77.5940732,{'highway': 'street_lamp'},10,0,0,2,0.58,13th Cross Road,Bengaluru
street_lamp,12.9928566,77.5939545,{'highway': 'street_lamp'},10,0,0,0,0.7,,
street_lamp,12.9930859,77.5939988,{'highway': 'street_lamp'},10,0,0,0,0.7,,
street_lamp,12.9933668,77.5941288,{'highway': 'street_lamp'},10,0,0,1,0.64,,Bengaluru
street_lamp,12.9935393,77.5942107,{'highway': 'street_lamp'},10,0,0,1,0.64,,
street_lamp,12.9936458,77.5942683,{'highway': 'street_lamp'},10,0,0,4,0.46,,
street_lamp,12.9939173,77.5944192,{'highway': 'street_lamp'},10,0,0,4,0.46,13th Cross Road,Bengaluru
street_lamp,12.994162,77.5945399,{'highway': 'street_lamp'},10,0,0,1,0.64,M V Jayaram Road,Bangalore
street_lamp,12.9041706,77.5621448,"{'highway': 'street_lamp', 'man_made': 'utility_pole', 'utility': 'power'}",10,0,0,1,0.64,,
street_lamp,12.9044686,77.5615816,"{'highway': 'street_lamp', 'man_made': 'utility_pole', 'utility': 'power'}",10,0,0,1,0.64,58th Cross Road,Davangere Mirchi
street_lamp,12.9045549,77.5613516,"{'highway': 'street_lamp', 'man_made': 'utility_pole', 'utility': 'power'}",10,0,0,0,0.7,58th Cross Road,United Dental
street_lamp,12.9046235,77.5612041,"{'highway': 'street_lamp', 'man_made': 'utility_pole', 'utility': 'power'}",10,0,0,4,0.46,58th Cross Road,Nandini
street_lamp,12.9046778,77.56108,"{'highway': 'street_lamp', 'man_made': 'utility_pole', 'utility': 'power'}",10,0,0,0,0.7,58th Cross Road,Nandini
street_lamp,12.9047104,77.561013,"{'highway': 'street_lamp', 'man_made': 'utility_pole', 'utility': 'power'}",10,0,0,2,0.58,,
street_lamp,12.9047934,77.5608145,"{'highway': 'street_lamp', 'man_made': 'utility_pole', 'utility': 'power'}",10,0,0,2,0.58,58th Cross Road,LIC Policy Holder Service Centre
street_lamp,12.9048314,77.5607226,"{'highway': 'street_lamp', 'man_made': 'utility_pole', 'utility': 'power'}",10,0,0,4,0.46,58th Cross Road,Ranganatha Swamy Enterprises
street_lamp,12.9049268,77.5605436,"{'highway': 'street_lamp', 'man_made': 'utility_pole', 'utility': 'power'}",10,0,0,2,0.58,58th Cross Road,VS Associates
street_lamp,12.9050124,77.5603773,"{'highway': 'street_lamp', 'man_made': 'utility_pole', 'utility': 'power'}",10,0,0,4,0.46,"1st Stage, Kumaraswamy Layout",Bengaluru
street_lamp,12.9050595,77.5602452,"{'highway': 'street_lamp', 'man_made': 'utility_pole', 'utility': 'power'}",10,0,0,0,0.7,58th Cross Road,Ladies Tailor
street_lamp,12.9051307,77.5601097,"{'highway': 'street_lamp', 'man_made': 'utility_pole', 'utility': 'power'}",10,0,0,4,0.46,58th Cross Road,Sri Siddappaji Enterprises
street_lamp,12.9052072,77.5599454,"{'highway': 'street_lamp', 'man_made': 'utility_pole', 'utility': 'power'}",10,0,0,0,0.7,58th Cross Road,My Fresh
street_lamp,12.9052739,77.5598086,"{'highway': 'street_lamp', 'man_made': 'utility_pole', 'utility': 'power'}",10,0,0,3,0.52,,58th Cross Road
street_lamp,12.9055445,77.5598294,{'highway': 'street_lamp'},10,0,0,4,0.46,49th Main Road,Samskruthi Public School
street_lamp,12.9056059,77.5599273,{'highway': 'street_lamp'},10,0,0,3,0.52,49th Main Road,Nandini
street_lamp,12.9057647,77.5601768,{'highway': 'street_lamp'},10,0,0,2,0.58,49th Main Road,Nandini
street_lamp,12.9059059,77.5603873,{'highway': 'street_lamp'},10,0,0,4,0.46,49th Main Road,Sri Nagamalai Service Center
street_lamp,12.906202,77.5608587,{'highway': 'street_lamp'},10,0,0,1,0.64,,49th Main Road
street_lamp,12.9061503,77.5607079,{'highway': 'street_lamp'},10,0,0,0,0.7,,49th Main Road
street_lamp,12.9061823,77.5606086,{'highway': 'street_lamp'},10,0,0,4,0.46,49th Main Road,Alpha Omega Training Centre
street_lamp,12.9062111,77.5605208,{'highway': 'street_lamp'},10,0,0,3,0.52,49th Main Road,Alpha Omega Training Centre
street_lamp,12.9062491,77.5604497,{'highway': 'street_lamp'},10,0,0,0,0.7,49th Main Road,Alpha Omega Training Centre
street_lamp,12.9062876,77.5603572,{'highway': 'street_lamp'},10,0,0,1,0.64,,45th Cross Road
street_lamp,12.9063376,77.5602532,{'highway': 'street_lamp'},10,0,0,0,0.7,44th Cross Road,Prakash Ladies Tailor
street_lamp,12.90642,77.5601506,{'highway': 'street_lamp'},10,0,0,2,0.58,44th Cross Road,Prakash Ladies Tailor
street_lamp,12.9069798,77.5603906,{'highway': 'street_lamp'},10,0,0,2,0.58,24th Cross Road,Naveen Tailors
street_lamp,12.9070072,77.5602566,{'highway': 'street_lamp'},10,0,0,3,0.52,47th Cross Road,Sadhana Traders
street_lamp,12.9070347,77.5600447,{'highway': 'street_lamp'},10,0,0,4,0.46,47th Cross Road,Lakshmi General Store
street_lamp,12.9073543,77.5603551,"{'highway': 'street_lamp', 'man_made': 'utility_pole', 'utility': 'power'}",10,0,0,1,0.64,24th Cross Road,Naveen Tailors
street_lamp,12.9072403,77.5604447,"{'highway': 'street_lamp', 'man_made': 'utility_pole', 'utility': 'power'}",10,0,0,0,0.7,24th Cross Road,Apsara Designers
street_lamp,12.9072121,77.5605978,"{'highway': 'street_lamp', 'man_made': 'utility_pole', 'utility': 'power'}",10,0,0,2,0.58,24th Cross Road,Apsara Designers
street_lamp,12.9072732,77.5607582,"{'highway': 'street_lamp', 'man_made': 'utility_pole', 'utility': 'power'}",10,0,0,1,0.64,24th Cross Road,Apsara Designers
street_lamp,12.9071876,77.5609204,"{'highway': 'street_lamp', 'man_made': 'utility_pole', 'utility': 'power'}",10,0,0,1,0.64,24th Cross Road,Kavya Jain Constructions
street_lamp,12.9072288,77.5611075,"{'highway': 'street_lamp', 'man_made': 'utility_pole', 'utility': 'power'}",10,0,0,4,0.46,24th Cross Road,Sri Dharani Ladies PG
street_lamp,12.9071314,77.5612624,"{'highway': 'street_lamp', 'man_made': 'utility_pole', 'utility': 'power'}",10,0,0,0,0.7,24th Cross Road,Ladies PG
street_lamp,12.9071235,77.5614173,"{'highway': 'street_lamp', 'man_made': 'utility_pole', 'utility': 'power'}",10,0,0,2,0.58,24th Cross Road,Nandini Photo Frames
street_lamp,12.9071079,77.561534,"{'highway': 'street_lamp', 'man_made': 'utility_pole', 'utility': 'power'}",10,0,0,2,0.58,24th Cross Road,Nandini Photo Frames
street_lamp,12.9070831,77.5617452,"{'highway': 'street_lamp', 'man_made': 'utility_pole', 'utility': 'power'}",10,0,0,3,0.52,,24th Cross Road
street_lamp,12.9070641,77.5618874,{'highway': 'street_lamp'},10,0,0,1,0.64,,24th Cross Road
street_lamp,12.9072831,77.5620373,"{'highway': 'street_lamp', 'man_made': 'utility_pole', 'utility': 'power'}",10,0,0,1,0.64,,18th Cross Road
street_lamp,12.9069824,77.5619014,"{'highway': 'street_lamp', 'man_made': 'utility_pole', 'utility': 'power'}",10,0,0,4,0.46,24th Cross Road,AM Bike Point
street_lamp,12.9070445,77.5621281,"{'highway': 'street_lamp', 'man_made': 'utility_pole', 'utility': 'power'}",10,0,0,0,0.7,24th Cross Road,Idly 24
street_lamp,12.9070236,77.5622776,"{'highway': 'street_lamp', 'man_made': 'utility_pole', 'utility': 'power'}",10,0,0,1,0.64,24th Cross Road,Vivo
street_lamp,12.9070007,77.5624184,"{'highway': 'street_lamp', 'man_made': 'utility_pole', 'utility': 'power'}",10,0,0,3,0.52,24th Cross Road,Vivo
street_lamp,12.9069857,77.5625411,"{'highway': 'street_lamp', 'man_made': 'utility_pole', 'utility': 'power'}",10,0,0,3,0.52,24th Cross Road,Nandini
street_lamp,12.9069634,77.5627195,"{'highway': 'street_lamp', 'man_made': 'utility_pole', 'utility': 'power'}",10,0,0,1,0.64,24th Cross Road,Stop N Joy
street_lamp,12.9069504,77.5628684,"{'highway': 'street_lamp', 'man_made': 'utility_pole', 'utility': 'power'}",10,0,0,2,0.58,24th Cross Road,Stop N Joy
street_lamp,12.906934,77.5629958,"{'highway': 'street_lamp', 'man_made': 'utility_pole', 'utility': 'power'}",10,0,0,4,0.46,,23rd Cross Road
street_lamp,12.9069177,77.5631285,"{'highway': 'street_lamp', 'man_made': 'utility_pole', 'utility': 'power'}",10,0,0,1,0.64,,23rd Cross Road
street_lamp,12.9068922,77.563325,"{'highway': 'street_lamp', 'man_made': 'utility_pole', 'utility': 'power'}",10,0,0,0,0.7,24th Cross Road,Eat N Drink
street_lamp,12.9068628,77.5635047,"{'highway': 'street_lamp', 'man_made': 'utility_pole', 'utility': 'power'}",10,0,0,4,0.46,14th Main Road,Donne Biryani Corner
street_lamp,12.9065817,77.5634404,{'highway': 'street_lamp'},10,0,0,4,0.46,14th Main Road,Bharath Furnitures
street_lamp,12.9064647,77.563374,{'highway': 'street_lamp'},10,0,0,3,0.52,14th Main Road,Sahyadri Coffee and spices
street_lamp,12.9061954,77.5632184,{'highway': 'street_lamp'},10,0,0,3,0.52,,14th Main Road
street_lamp,12.9059353,77.5631158,{'highway': 'street_lamp'},10,0,0,1,0.64,14th Main Road,tumbledry
street_lamp,12.9058242,77.5630622,{'highway': 'street_lamp'},10,0,0,0,0.7,14th Main Road,tumbledry
street_lamp,12.9056497,77.562973,{'highway': 'street_lamp'},10,0,0,0,0.7,14th Main Road,Asian Paints
street_lamp,12.9055046,77.5628945,{'highway': 'street_lamp'},10,0,0,3,0.52,14th Main Road,Nandus
street_lamp,12.9051189,77.5626223,{'highway': 'street_lamp'},10,0,0,0,0.7,14th Main Road,SLV Refreshment
street_lamp,12.9049372,77.5625398,{'highway': 'street_lamp'},10,0,0,0,0.7,14th Main Road,Sri Maruthi Glass and Plywood
street_lamp,12.9048836,77.562513,{'highway': 'street_lamp'},10,0,0,0,0.7,14th Main Road,Sri Maruthi Glass and Plywood
street_lamp,12.9046595,77.562403,{'highway': 'street_lamp'},10,0,0,4,0.46,14th Main Road,Titan
street_lamp,12.9044876,77.5623165,{'highway': 'street_lamp'},10,0,0,2,0.58,14th Main Road,Titan
street_lamp,12.9044078,77.5622669,{'highway': 'street_lamp'},10,0,0,0,0.7,58th Cross Road,Chowdeshwari Scooter Works
street_lamp,12.9042692,77.5622039,{'highway': 'street_lamp'},10,0,0,4,0.46,58th Cross Road,Chowdeshwari Scooter Works
street_lamp,12.9040934,77.5601044,{'highway': 'street_lamp'},10,0,0,0,0.7,,69th Main Road
street_lamp,12.9039902,77.5600614,{'highway': 'street_lamp'},10,0,0,3,0.52,,69th Main Road
street_lamp,12.904666,77.5603598,{'highway': 'street_lamp'},10,0,0,3,0.52,58th Cross Road,Modern Ice Cream
street_lamp,12.9045451,77.5603028,{'highway': 'street_lamp'},10,0,0,1,0.64,58th Cross Road,Modern Ice Cream
street_lamp,12.9046699,77.5590623,{'highway': 'street_lamp'},10,0,0,4,0.46,,69th Main Road
street_lamp,12.9043797,77.5597302,{'highway': 'street_lamp'},10,0,0,2,0.58,,69th Main Road
street_lamp,12.9042274,77.5600769,{'highway': 'street_lamp'},10,0,0,0,0.7,,69th Main Road
street_lamp,12.904364,77.5602183,{'highway': 'street_lamp'},10,0,0,1,0.64,,69th Main Road
street_lamp,12.9042235,77.56016,{'highway': 'street_lamp'},10,0,0,3,0.52,,69th Main Road
street_lamp,12.9041477,77.5602405,{'highway': 'street_lamp'},10,0,0,4,0.46,,69th Main Road
street_lamp,12.9040464,77.5604678,{'highway': 'street_lamp'},10,0,0,0,0.7,,69th Main Road
street_lamp,12.9039686,77.5606555,{'highway': 'street_lamp'},10,0,0,4,0.46,,69th Main Road
street_lamp,12.9038777,77.5608594,{'highway': 'street_lamp'},10,0,0,0,0.7,,69th Main Road
street_lamp,12.9037875,77.5610626,{'highway': 'street_lamp'},10,0,0,4,0.46,14th Main Road,Chinnaswamy Petrol
street_lamp,12.9037464,77.5611866,{'highway': 'street_lamp'},10,0,0,4,0.46,14th Main Road,Chinnaswamy Petrol
street_lamp,12.9036869,77.5613241,{'highway': 'street_lamp'},10,0,0,4,0.46,14th Main Road,Chinnaswamy Petrol
street_lamp,12.903628,77.5614649,{'highway': 'street_lamp'},10,0,0,3,0.52,14th Main Road,Chinnaswamy Petrol
street_lamp,12.9035646,77.5616144,{'highway': 'street_lamp'},10,0,0,4,0.46,14th Main Road,Chinnaswamy Petrol
street_lamp,12.9035176,77.5617304,{'highway': 'street_lamp'},10,0,0,2,0.58,14th Main Road,Chinnaswamy Petrol
street_lamp,12.9028993,77.5680866,{'highway': 'street_lamp'},10,0,0,3,0.52,Jamia Masjid Road,Masjid e Abu Bakr
street_lamp,12.9033522,77.5688866,{'highway': 'street_lamp'},10,0,0,1,0.64,Jamia Masjid Road,Aswad Medical Store
street_lamp,12.9035803,77.569997,{'highway': 'street_lamp'},10,0,0,0,0.7,6th Cross Street,Masjid e Usman
street_lamp,12.903596,77.5698347,{'highway': 'street_lamp'},10,0,0,1,0.64,6th Cross Street,Masjid e Usman
street_lamp,12.9035914,77.5697288,{'highway': 'street_lamp'},10,0,0,2,0.58,6th Cross Street,Masjid e Usman
street_lamp,12.9026581,77.5707628,{'highway': 'street_lamp'},10,0,0,3,0.52,6th Cross Street,Bismillah Provision Store
street_lamp,12.9048065,77.5685593,{'highway': 'street_lamp'},10,0,0,0,0.7,Jamia Masjid Road,Yaseen Store
street_lamp,12.9047503,77.5689677,{'highway': 'street_lamp'},10,0,0,4,0.46,Jamia Masjid Road,Masjid e Umar
street_lamp,12.9047314,77.5691749,{'highway': 'street_lamp'},10,0,0,4,0.46,Jamia Masjid Road,Masjid e Umar
street_lamp,12.9047052,77.5693301,{'highway': 'street_lamp'},10,0,0,0,0.7,Jamia Masjid Road,Masjid e Umar
street_lamp,12.9044444,77.569299,{'highway': 'street_lamp'},10,0,0,2,0.58,Jamia Masjid Road,Masjid e Umar
street_lamp,12.9044059,77.5693385,{'highway': 'street_lamp'},10,0,0,3,0.52,Jamia Masjid Road,Masjid e Umar
street_lamp,12.9043117,77.5689925,{'highway': 'street_lamp'},10,0,0,2,0.58,Jamia Masjid Road,New Era Primary & High School
street_lamp,12.9042601,77.5692902,{'highway': 'street_lamp'},10,0,0,3,0.52,,
street_lamp,12.9039222,77.56925,{'highway': 'street_lamp'},10,0,0,2,0.58,Jamia Masjid Road,New Era Primary & High School
street_lamp,12.9045496,77.568562,{'highway': 'street_lamp'},10,0,0,0,0.7,Jamia Masjid Road,New Era Primary & High School
street_lamp,12.9042947,77.5685942,{'highway': 'street_lamp'},10,0,0,1,0.64,Jamia Masjid Road,New Era Primary & High School
street_lamp,12.9039849,77.5685392,{'highway': 'street_lamp'},10,0,0,4,0.46,Jamia Masjid Road,New Era Primary & High School
street_lamp,12.9042843,77.5681825,{'highway': 'street_lamp'},10,0,0,0,0.7,Jamia Masjid Road,Bengaluru
street_lamp,12.9040464,77.5681637,{'highway': 'street_lamp'},10,0,0,0,0.7,Jamia Masjid Road,Bengaluru
street_lamp,12.9036725,77.5681382,{'highway': 'street_lamp'},10,0,0,4,0.46,Jamia Masjid Road,St. Thomas International School
street_lamp,12.9035816,77.569018,{'highway': 'street_lamp'},10,0,0,0,0.7,Jamia Masjid Road,Aswad Medical Store
street_lamp,12.9035836,77.5689818,{'highway': 'street_lamp'},10,0,0,1,0.64,Jamia Masjid Road,Aswad Medical Store
street_lamp,12.9035875,77.5687565,{'highway': 'street_lamp'},10,0,0,3,0.52,Jamia Masjid Road,Aswad Day Care
street_lamp,12.9035888,77.5685674,{'highway': 'street_lamp'},10,0,0,2,0.58,Jamia Masjid Road,Iyengar's Amma's Pastries
street_lamp,12.9034333,77.5684454,{'highway': 'street_lamp'},10,0,0,0,0.7,Jamia Masjid Road,Iyengar's Amma's Pastries
street_lamp,12.9033352,77.5684373,{'highway': 'street_lamp'},10,0,0,1,0.64,Jamia Masjid Road,Iyengar's Amma's Pastries
street_lamp,12.9032045,77.5684266,{'highway': 'street_lamp'},10,0,0,1,0.64,Jamia Masjid Road,Aswad Day Care
street_lamp,12.9030346,77.5684065,{'highway': 'street_lamp'},10,0,0,4,0.46,Jamia Masjid Road,Aswad Day Care
street_lamp,12.9027705,77.5687605,{'highway': 'street_lamp'},10,0,0,4,0.46,6th Cross Street,Masjid e Faiz
street_lamp,12.9035784,77.5692366,{'highway': 'street_lamp'},10,0,0,3,0.52,Jamia Masjid Road,Aswad Medical Store
street_lamp,12.9033235,77.5692084,{'highway': 'street_lamp'},10,0,0,4,0.46,Jamia Masjid Road,Aswad Medical Store
street_lamp,12.9036189,77.5694619,{'highway': 'street_lamp'},10,0,0,4,0.46,6th Cross Street,Masjid e Usman
street_lamp,12.9035405,77.5694565,{'highway': 'street_lamp'},10,0,0,3,0.52,6th Cross Street,Masjid e Usman
street_lamp,12.9032555,77.5694726,{'highway': 'street_lamp'},10,0,0,1,0.64,6th Cross Street,Masjid e Usman
street_lamp,12.9030751,77.5694539,{'highway': 'street_lamp'},10,0,0,2,0.58,6th Cross Street,Masjid e Usman
street_lamp,12.9028685,77.5693908,{'highway': 'street_lamp'},10,0,0,1,0.64,6th Cross Street,Masjid e Usman
street_lamp,12.9027091,77.5694244,{'highway': 'street_lamp'},10,0,0,3,0.52,6th Cross Street,Masjid e Usman
street_lamp,12.9032816,77.5697677,{'highway': 'street_lamp'},10,0,0,1,0.64,6th Cross Street,Masjid e Usman
street_lamp,12.9032548,77.5698522,{'highway': 'street_lamp'},10,0,0,1,0.64,6th Cross Street,Masjid e Usman
street_lamp,12.9030967,77.5702377,{'highway': 'street_lamp'},10,0,0,4,0.46,6th Cross Street,Bismillah Provision Store
street_lamp,12.9029346,77.5706521,{'highway': 'street_lamp'},10,0,0,4,0.46,6th Cross Street,Bismillah Provision Store
street_lamp,12.902896,77.5707695,{'highway': 'street_lamp'},10,0,0,3,0.52,6th Cross Street,Bismillah Provision Store
street_lamp,12.9039248,77.5681517,{'highway': 'street_lamp'},10,0,0,2,0.58,Jamia Masjid Road,Bengaluru
street_lamp,12.9037967,77.5681403,{'highway': 'street_lamp'},10,0,0,3,0.52,Jamia Masjid Road,St. Thomas International School
street_lamp,12.9048503,77.568206,{'highway': 'street_lamp'},10,0,0,2,0.58,Jamia Masjid Road,Hello Provision Store
street_lamp,12.9049915,77.5682509,{'highway': 'street_lamp'},10,0,0,3,0.52,Jamia Masjid Road,Yaseen Store
street_lamp,12.9052399,77.5686076,{'highway': 'street_lamp'},10,0,0,1,0.64,Jamia Masjid Road,Yaseen Store
street_lamp,12.905419,77.5688691,{'highway': 'street_lamp'},10,0,0,1,0.64,,Jamia Masjid Road
street_lamp,12.9056,77.5691166,{'highway': 'street_lamp'},10,0,0,2,0.58,,Jamia Masjid Road
street_lamp,12.9060151,77.5695752,{'highway': 'street_lamp'},10,0,0,4,0.46,Jamia Masjid Road,Noorani Masjid
street_lamp,12.9062974,77.5698173,{'highway': 'street_lamp'},10,0,0,4,0.46,Jamia Masjid Road,Noorani Masjid
street_lamp,12.9066223,77.5699903,{'highway': 'street_lamp'},10,0,0,2,0.58,Jamia Masjid Road,Iyengar Bakery
street_lamp,12.9069602,77.5701559,{'highway': 'street_lamp'},10,0,0,3,0.52,Jamia Masjid Road,Iyengar Bakery
street_lamp,12.9072556,77.5703142,{'highway': 'street_lamp'},10,0,0,3,0.52,Jamia Masjid Road,Iyengar Bakery
street_lamp,12.9074811,77.5704751,{'highway': 'street_lamp'},10,0,0,1,0.64,Jamia Masjid Road,Bengaluru City Hospital
street_lamp,12.9071902,77.571137,{'highway': 'street_lamp'},10,0,0,4,0.46,Jamia Masjid Road,Bengaluru City Hospital
street_lamp,12.9069549,77.5711115,{'highway': 'street_lamp'},10,0,0,2,0.58,Outer Ring Road,R.R. Hospital and Trauma Centre
street_lamp,12.906585,77.5710732,{'highway': 'street_lamp'},10,0,0,4,0.46,Outer Ring Road,R.R. Hospital and Trauma Centre
street_lamp,12.9065451,77.5711068,{'highway': 'street_lamp'},10,0,0,2,0.58,Outer Ring Road,R.R. Hospital and Trauma Centre
street_lamp,12.9063118,77.5710786,{'highway': 'street_lamp'},10,0,0,4,0.46,Jamia Masjid Road,Iyengar Bakery
street_lamp,12.9062673,77.5713106,{'highway': 'street_lamp'},10,0,0,3,0.52,Outer Ring Road,R.R. Hospital and Trauma Centre
street_lamp,12.9055922,77.571605,{'highway': 'street_lamp'},10,0,0,3,0.52,,Shriram Southern Crest
street_lamp,12.9054575,77.5716446,{'highway': 'street_lamp'},10,0,0,4,0.46,,Shriram Southern Crest
street_lamp,12.9052006,77.571662,{'highway': 'street_lamp'},10,0,0,2,0.58,,Shriram Southern Crest
street_lamp,12.9055235,77.5711779,{'highway': 'street_lamp'},10,0,0,3,0.52,,Shriram Southern Crest
street_lamp,12.9053255,77.5704262,{'highway': 'street_lamp'},10,0,0,0,0.7,Jamia Masjid Road,Noorani Masjid
street_lamp,12.9053967,77.5706179,{'highway': 'street_lamp'},10,0,0,4,0.46,,
street_lamp,12.9051386,77.5706991,{'highway': 'street_lamp'},10,0,0,4,0.46,Kanakapura Road,Gopalan Temple Trees Apartments
street_lamp,13.034661,77.6496931,"{'direction': '5', 'highway': 'street_lamp', 'lamp_type': 'LED', 'support': 'pole'}",10,0,0,0,0.7,Zion Street,Little lilies
street_lamp,13.0346776,77.6495958,"{'direction': '2', 'highway': 'street_lamp', 'lamp_type': 'LED', 'support': 'pole'}",10,0,0,0,0.7,Zion Street,Little lilies
street_lamp,13.0346898,77.6494574,"{'direction': '4', 'highway': 'street_lamp', 'lamp_type': 'LED', 'support': 'pole'}",10,0,0,0,0.7,Zion Street,Little lilies
street_lamp,13.0347208,77.6492973,"{'direction': '2', 'highway': 'street_lamp', 'lamp_type': 'LED', 'support': 'pole'}",10,0,0,4,0.46,Zion Street,Little lilies
street_lamp,13.0347413,77.649118,"{'direction': '3', 'highway': 'street_lamp', 'lamp_type': 'LED', 'support': 'pole'}",10,0,0,0,0.7,Zion Street,Little lilies
street_lamp,13.0347558,77.6489693,"{'direction': '3', 'highway': 'street_lamp', 'lamp_type': 'LED', 'support': 'pole'}",10,0,0,4,0.46,Zion Street,Little lilies
street_lamp,13.0347666,77.6487817,"{'direction': '1', 'highway': 'street_lamp', 'lamp_type': 'LED', 'support': 'pole'}",10,0,0,1,0.64,,Unnathi Vaibhavi
street_lamp,13.0347874,77.6486596,"{'direction': '3', 'highway': 'street_lamp', 'lamp_type': 'LED', 'support': 'pole'}",10,0,0,0,0.7,,Unnathi Vaibhavi
street_lamp,13.0348128,77.6484707,"{'direction': '1', 'highway': 'street_lamp', 'lamp_type': 'LED', 'support': 'pole'}",10,0,0,0,0.7,,Unnathi Vaibhavi
street_lamp,12.9942236,77.6134043,"{'direction': '299', 'highway': 'street_lamp', 'lamp_type': 'LED', 'support': 'pole'}",10,0,0,4,0.46,,Bengaluru
street_lamp,12.9978868,77.6150049,"{'direction': '303', 'highway': 'street_lamp', 'lamp_type': 'LED', 'support': 'pole'}",10,0,0,3,0.52,,Bengaluru
street_lamp,12.9990165,77.6158342,"{'direction': '281', 'highway': 'street_lamp', 'lamp_type': 'LED', 'support': 'pole'}",10,0,0,3,0.52,Mosque Road,Bengaluru
street_lamp,12.9998021,77.6160855,"{'direction': '357', 'highway': 'street_lamp', 'lamp_type': 'LED', 'support': 'pole'}",10,0,0,1,0.64,Mosque Road,Bengaluru
street_lamp,13.0002943,77.6159974,"{'highway': 'street_lamp', 'lamp_type': 'led'}",10,0,0,4,0.46,Mosque Road,Bengaluru
street_lamp,12.9996029,77.6160615,"{'direction': '198', 'highway': 'street_lamp', 'lamp_type': 'LED', 'support': 'pole'}",10,0,0,1,0.64,Standage Road,Bengaluru
street_lamp,12.9995034,77.6160352,"{'direction': '273', 'highway': 'street_lamp', 'lamp_type': 'LED', 'support': 'pole'}",10,0,0,4,0.46,Standage Road,Bengaluru
street_lamp,12.9986974,77.6156189,"{'direction': '292', 'highway': 'street_lamp', 'lamp_type': 'LED', 'support': 'pole'}",10,0,0,2,0.58,Mosque Road,Bengaluru
street_lamp,13.0004802,77.6159721,"{'highway': 'street_lamp', 'light:colour': 'white', 'material': 'metal', 'support': 'high_mast'}",10,0,0,4,0.46,,Bengaluru
street_lamp,13.0003161,77.615967,"{'height': '8', 'highway': 'street_lamp', 'lamp_type': 'LED', 'light:colour': 'white', 'light:direction': '120', 'light:shape': 'directed', 'light:tilt': '-90', 'material': 'metal', 'support': 'pole'}",10,0,0,3,0.52,Mosque Road,Bengaluru
street_lamp,13.0000737,77.6159556,"{'height': '8', 'highway': 'street_lamp', 'lamp_type': 'LED', 'light:colour': 'white', 'light:direction': '120', 'light:shape': 'directed', 'light:tilt': '-90', 'material': 'metal', 'support': 'pole'}",10,0,0,4,0.46,Mosque Road,Bengaluru
street_lamp,12.9998477,77.6159328,"{'height': '8', 'highway': 'street_lamp', 'lamp_type': 'LED', 'light:colour': 'white', 'light:direction': '120', 'light:shape': 'directed', 'light:tilt': '-90', 'material': 'metal', 'support': 'pole'}",10,0,0,3,0.52,Mosque Road,Bengaluru
street_lamp,12.9996454,77.6158485,"{'height': '8', 'highway': 'street_lamp', 'lamp_type': 'LED', 'light:colour': 'white', 'light:direction': '120', 'light:shape': 'directed', 'light:tilt': '-90', 'material': 'metal', 'support': 'pole'}",10,0,0,1,0.64,Standage Road,Bengaluru
street_lamp,12.9994062,77.6158269,"{'height': '8', 'highway': 'street_lamp', 'lamp_type': 'LED', 'light:colour': 'white', 'light:direction': '120', 'light:shape': 'directed', 'light:tilt': '-90', 'material': 'metal', 'support': 'pole'}",10,0,0,3,0.52,Mosque Road,Bengaluru
street_lamp,12.9991764,77.6157599,"{'height': '8', 'highway': 'street_lamp', 'lamp_mount': 'bent_mast', 'lamp_type': 'LED', 'light:colour': 'white', 'light:direction': '120', 'light:shape': 'directed', 'light:tilt': '-90', 'material': 'metal', 'support': 'pole'}",10,0,0,2,0.58,Murugesh Mudaliar Road,Bengaluru
street_lamp,12.9991837,77.6157024,"{'height': '8', 'highway': 'street_lamp', 'lamp_mount': 'bent_mast', 'lamp_type': 'LED', 'light:colour': 'white', 'light:direction': '190', 'light:shape': 'directed', 'light:tilt': '-90', 'material': 'metal', 'support': 'pole'}",10,0,0,2,0.58,Murugesh Mudaliar Road,Bengaluru
street_lamp,12.9959647,77.6134505,"{'highway': 'street_lamp', 'lamp_mount': 'bent_mast', 'lamp_type': 'LED', 'light:colour': 'white', 'material': 'metal', 'support': 'high_mast'}",10,0,0,0,0.7,Mosque Road,Bengaluru
street_lamp,12.999015,77.6156376,"{'height': '8', 'highway': 'street_lamp', 'lamp_mount': 'bent_mast', 'lamp_type': 'LED', 'light:colour': 'white', 'light:direction': '120', 'light:shape': 'directed', 'light:tilt': '-90', 'material': 'metal', 'support': 'pole'}",10,0,0,1,0.64,Murugesh Mudaliar Road,Bengaluru
street_lamp,12.9987588,77.6154607,"{'height': '8', 'highway': 'street_lamp', 'lamp_mount': 'bent_mast', 'lamp_type': 'LED', 'light:colour': 'white', 'light:direction': '120', 'light:shape': 'directed', 'light:tilt': '-90', 'material': 'metal', 'support': 'pole'}",10,0,0,0,0.7,Murugesh Mudaliar Road,Bengaluru
street_lamp,12.9985319,77.6152992,"{'height': '8', 'highway': 'street_lamp', 'lamp_mount': 'bent_mast', 'lamp_type': 'LED', 'light:colour': 'white', 'light:direction': '120', 'light:shape': 'directed', 'light:tilt': '-90', 'material': 'metal', 'support': 'pole'}",10,0,0,4,0.46,Mosque Road,Bengaluru
street_lamp,12.9981811,77.6150285,"{'height': '8', 'highway': 'street_lamp', 'lamp_mount': 'bent_mast', 'lamp_type': 'LED', 'light:colour': 'white', 'light:direction': '120', 'light:shape': 'directed', 'light:tilt': '-90', 'material': 'metal', 'support': 'pole'}",10,0,0,3,0.52,,Bengaluru
street_lamp,12.9959036,77.6132647,"{'height': '8', 'highway': 'street_lamp', 'lamp_mount': 'bent_mast', 'lamp_type': 'LED', 'light:colour': 'white', 'light:direction': '30', 'light:shape': 'directed', 'light:tilt': '-90', 'material': 'metal', 'support': 'pole'}",10,0,0,0,0.7,Coles Road,Bengaluru
street_lamp,12.9986312,77.6155686,"{'direction': '289', 'highway': 'street_lamp', 'lamp_type': 'LED', 'support': 'pole'}",10,0,0,1,0.64,Mosque Road,Bengaluru
street_lamp,12.9995868,77.616191,"{'direction': '189', 'highway': 'street_lamp', 'lamp_type': 'LED', 'support': 'pole'}",10,0,0,3,0.52,Standage Road,Bengaluru
street_lamp,12.9999593,77.6160992,"{'direction': '275', 'highway': 'street_lamp', 'lamp_type': 'LED', 'support': 'pole'}",10,0,0,2,0.58,Mosque Road,Bengaluru
street_lamp,12.998784,77.6156915,"{'direction': '286', 'highway': 'street_lamp', 'lamp_type': 'LED', 'support': 'pole'}",10,0,0,3,0.52,Mosque Road,Bengaluru
street_lamp,13.0002336,77.6161105,"{'direction': '274', 'highway': 'street_lamp', 'lamp_type': 'LED', 'support': 'pole'}",10,0,0,1,0.64,Mosque Road,Bengaluru
street_lamp,12.9979699,77.6150616,"{'direction': '301', 'highway': 'street_lamp', 'lamp_type': 'LED', 'support': 'pole'}",10,0,0,3,0.52,,Bengaluru
street_lamp,12.9995034,77.6160351,"{'direction': '273', 'highway': 'street_lamp', 'lamp_type': 'LED', 'support': 'pole'}",10,0,0,3,0.52,Standage Road,Bengaluru
street_lamp,12.9929311,77.6124944,"{'direction': '296', 'highway': 'street_lamp', 'lamp_type': 'LED', 'support': 'pole'}",10,0,0,0,0.7,Promenade Road,Bengaluru
street_lamp,12.9988934,77.6157603,"{'highway': 'street_lamp', 'lamp_type': 'LED', 'support': 'pole'}",10,0,0,4,0.46,Mosque Road,Bengaluru
street_lamp,12.9988924,77.6157591,"{'direction': '283', 'highway': 'street_lamp', 'lamp_type': 'LED', 'support': 'pole'}",10,0,0,1,0.64,Mosque Road,Bengaluru
street_lamp,12.9946558,77.61369,"{'direction': '308', 'highway': 'street_lamp', 'lamp_type': 'LED', 'support': 'pole'}",10,0,0,4,0.46,Cleveland Road,Bengaluru
street_lamp,12.9991388,77.6159029,"{'direction': '274', 'highway': 'street_lamp', 'lamp_type': 'LED', 'support': 'pole'}",10,0,0,2,0.58,,Bengaluru
street_lamp,12.9936412,77.6129991,"{'direction': '303', 'highway': 'street_lamp', 'lamp_type': 'LED', 'support': 'pole'}",10,0,0,1,0.64,"Cleveland Road, Cleveland Town, Frazer Town",Bengaluru
street_lamp,12.9934677,77.6128766,"{'direction': '305', 'highway': 'street_lamp', 'lamp_type': 'LED', 'support': 'pole'}",10,0,0,0,0.7,Cleveland Road,Bengaluru
street_lamp,12.9983572,77.6153379,"{'direction': '290', 'highway': 'street_lamp', 'lamp_type': 'LED', 'support': 'pole'}",10,0,0,0,0.7,Mosque Road,Bengaluru
street_lamp,12.9974616,77.6147301,"{'direction': '302', 'highway': 'street_lamp', 'lamp_type': 'LED', 'support': 'pole'}",10,0,0,0,0.7,Jeremiah Toad,Bengaluru
street_lamp,12.9973268,77.6146415,"{'direction': '304', 'highway': 'street_lamp', 'lamp_type': 'LED', 'support': 'pole'}",10,0,0,4,0.46,Mosque Road,Bengaluru
street_lamp,12.99701,77.6144011,"{'direction': '310', 'highway': 'street_lamp', 'lamp_type': 'LED', 'support': 'pole'}",10,0,0,4,0.46,Robertson Road,Bengaluru
street_lamp,12.9968642,77.6142887,"{'direction': '0', 'highway': 'street_lamp', 'lamp_type': 'LED', 'support': 'pole'}",10,0,0,3,0.52,,Bengaluru
street_lamp,12.99772,77.6149009,"{'direction': '303', 'highway': 'street_lamp', 'lamp_type': 'LED', 'support': 'pole'}",10,0,0,2,0.58,Mosque Road,Bengaluru
street_lamp,12.9952208,77.6140875,"{'direction': '302', 'highway': 'street_lamp', 'lamp_type': 'LED', 'support': 'pole'}",10,0,0,0,0.7,Coles Road,Bengaluru
street_lamp,12.9970605,77.6144485,"{'direction': '310', 'highway': 'street_lamp', 'lamp_type': 'LED', 'support': 'pole'}",10,0,0,4,0.46,Mosque Road,Bengaluru
street_lamp,12.9992652,77.6179056,"{'direction': '96', 'highway': 'street_lamp', 'lamp_mount': 'bent_mast', 'lamp_type': 'electric', 'support': 'pole'}",10,0,0,2,0.58,Kenchappa Road,Bengaluru
street_lamp,12.9991683,77.6178996,"{'direction': '98', 'highway': 'street_lamp', 'lamp_mount': 'bent_mast', 'lamp_type': 'electric', 'support': 'pole'}",10,0,0,2,0.58,Kenchappa Road,Bengaluru
street_lamp,12.998946,77.6178693,"{'direction': '97', 'highway': 'street_lamp', 'lamp_mount': 'bent_mast', 'lamp_type': 'electric', 'support': 'pole'}",10,0,0,2,0.58,Kenchappa Road,Bengaluru
street_lamp,12.9988165,77.6178583,"{'direction': '96', 'highway': 'street_lamp', 'lamp_mount': 'bent_mast', 'lamp_type': 'electric', 'support': 'pole'}",10,0,0,0,0.7,Kenchappa Road,Bengaluru
street_lamp,12.9987021,77.617847,"{'direction': '97', 'highway': 'street_lamp', 'lamp_mount': 'bent_mast', 'lamp_type': 'electric', 'support': 'pole'}",10,0,0,1,0.64,Kenchappa Road,Bengaluru
street_lamp,12.9984051,77.6177925,"{'direction': '52', 'highway': 'street_lamp', 'lamp_mount': 'bent_mast', 'lamp_type': 'electric', 'support': 'pole'}",10,0,0,3,0.52,,Bengaluru
street_lamp,12.9985733,77.6178301,"{'direction': '95', 'highway': 'street_lamp', 'lamp_mount': 'bent_mast', 'lamp_type': 'electric', 'support': 'pole'}",10,0,0,1,0.64,Kenchappa Road,Bengaluru
street_lamp,12.9982234,77.6177772,"{'direction': '14', 'highway': 'street_lamp', 'lamp_mount': 'bent_mast', 'lamp_type': 'electric', 'support': 'pole'}",10,0,0,1,0.64,,Bengaluru
street_lamp,12.9940224,77.6132516,"{'direction': '300', 'highway': 'street_lamp', 'lamp_type': 'LED', 'support': 'pole'}",10,0,0,4,0.46,,Bengaluru
street_lamp,12.9938973,77.613174,"{'direction': '301', 'highway': 'street_lamp', 'lamp_type': 'LED', 'support': 'pole'}",10,0,0,0,0.7,,Bengaluru
street_lamp,12.9938199,77.6131143,"{'direction': '302', 'highway': 'street_lamp', 'lamp_type': 'LED', 'support': 'pole'}",10,0,0,2,0.58,"Cleveland Road, Cleveland Town, Frazer Town",Bengaluru
street_lamp,12.9950058,77.6139375,"{'direction': '305', 'highway': 'street_lamp', 'lamp_type': 'LED', 'support': 'pole'}",10,0,0,0,0.7,Cleveland Road,Bengaluru
street_lamp,12.9931679,77.6126666,"{'direction': '304', 'highway': 'street_lamp', 'lamp_type': 'LED', 'support': 'pole'}",10,0,0,0,0.7,Cleveland Road,Bengaluru
street_lamp,12.994195,77.6133726,"{'direction': '300', 'highway': 'street_lamp', 'lamp_type': 'LED', 'support': 'pole'}",10,0,0,1,0.64,,Bengaluru
street_lamp,12.9977469,77.6147307,"{'height': '8', 'highway': 'street_lamp', 'lamp_mount': 'bent_mast', 'lamp_type': 'LED', 'light:colour': 'white', 'light:direction': '120', 'light:shape': 'directed', 'light:tilt': '-90', 'material': 'metal', 'support': 'pole'}",10,0,0,1,0.64,Mosque Road,Bengaluru
street_lamp,12.9974164,77.6145136,"{'height': '8', 'highway': 'street_lamp', 'lamp_mount': 'bent_mast', 'lamp_type': 'LED', 'light:colour': 'white', 'light:direction': '120', 'light:shape': 'directed', 'light:tilt': '-90', 'material': 'metal', 'support': 'pole'}",10,0,0,3,0.52,Mosque Road,Bengaluru
street_lamp,12.997206,77.6143632,"{'height': '8', 'highway': 'street_lamp', 'lamp_mount': 'bent_mast', 'lamp_type': 'LED', 'light:colour': 'white', 'light:direction': '120', 'light:shape': 'directed', 'light:tilt': '-90', 'material': 'metal', 'support': 'pole'}",10,0,0,2,0.58,Robertson Road,Bengaluru
street_lamp,12.9969896,77.6141818,"{'height': '8', 'highway': 'street_lamp', 'lamp_mount': 'bent_mast', 'lamp_type': 'LED', 'light:colour': 'white', 'light:direction': '120', 'light:shape': 'directed', 'light:tilt': '-90', 'material': 'metal', 'support': 'pole'}",10,0,0,0,0.7,Mosque Road,Bengaluru
street_lamp,12.9967547,77.6139964,"{'height': '8', 'highway': 'street_lamp', 'lamp_mount': 'bent_mast', 'lamp_type': 'LED', 'light:colour': 'white', 'light:direction': '120', 'light:shape': 'directed', 'light:tilt': '-90', 'material': 'metal', 'support': 'pole'}",10,0,0,4,0.46,Mosque Road,Bengaluru
street_lamp,12.9965772,77.6138456,"{'height': '8', 'highway': 'street_lamp', 'lamp_mount': 'bent_mast', 'lamp_type': 'LED', 'light:colour': 'white', 'light:direction': '120', 'light:shape': 'directed', 'light:tilt': '-90', 'material': 'metal', 'support': 'pole'}",10,0,0,4,0.46,Mosque Road,Bengaluru
street_lamp,12.996258,77.6135694,"{'height': '7', 'highway': 'street_lamp', 'lamp_mount': 'bent_mast', 'lamp_type': 'LED', 'light:colour': 'white', 'light:direction': '120', 'light:shape': 'directed', 'light:tilt': '-90', 'material': 'concrete', 'support': 'pole'}",10,0,0,1,0.64,Mosque Road,Bengaluru
street_lamp,12.9961639,77.613487,"{'height': '7', 'highway': 'street_lamp', 'lamp_mount': 'bent_mast', 'lamp_type': 'LED', 'light:colour': 'white', 'light:direction': '120', 'light:shape': 'directed', 'light:tilt': '-90', 'material': 'concrete', 'support': 'pole'}",10,0,0,4,0.46,Mosque Road,Bengaluru
street_lamp,12.9960058,77.6132877,"{'addr:city': 'Bangalore', 'addr:district': 'Bengaluru Urban', 'addr:postcode': '560005', 'addr:street': 'Coles Road', 'height': '8', 'highway': 'street_lamp', 'lamp_mount': 'bent_mast', 'lamp_type': 'LED', 'light:colour': 'white', 'light:direction': '190', 'light:shape': 'directed', 'light:tilt': '-90', 'material': 'metal', 'support': 'pole'}",10,0,0,3,0.52,Coles Road,Bengaluru
street_lamp,12.9979878,77.6148931,"{'height': '8', 'highway': 'street_lamp', 'lamp_mount': 'bent_mast', 'lamp_type': 'LED', 'light:colour': 'white', 'light:direction': '120', 'light:shape': 'directed', 'light:tilt': '-90', 'material': 'metal', 'support': 'pole'}",10,0,0,4,0.46,,Bengaluru
street_lamp,12.9993191,77.6181499,"{'direction': '287', 'highway': 'street_lamp', 'lamp_mount': 'bent_mast', 'lamp_type': 'sodium', 'support': 'pole'}",10,0,0,0,0.7,,Bengaluru
street_lamp,12.978021,77.5988857,"{'highway': 'street_lamp', 'lamp_mount': 'high_mast', 'light:colour': 'white', 'light:direction': '42', 'light:lit': 'demand', 'light:tilt': '-45', 'material': 'steel', 'support': 'pole'}",10,0,0,0,0.7,Queen's Road,Bengaluru
street_lamp,12.9779452,77.6002456,"{'highway': 'street_lamp', 'lamp_mount': 'high_mast', 'light:colour': 'white', 'light:direction': '325', 'light:lit': 'demand', 'light:tilt': '-45', 'material': 'steel', 'support': 'pole'}",10,0,0,1,0.64,,Bengaluru
street_lamp,12.9795592,77.6003838,"{'highway': 'street_lamp', 'lamp_mount': 'high_mast', 'light:colour': 'white', 'light:direction': '224', 'light:lit': 'demand', 'light:tilt': '-45', 'material': 'steel', 'support': 'pole'}",10,0,0,4,0.46,,Bengaluru
street_lamp,12.9795448,77.5988214,"{'highway': 'street_lamp', 'lamp_mount': 'high_mast', 'light:colour': 'white', 'light:direction': '133', 'light:lit': 'demand', 'light:tilt': '-45', 'material': 'steel', 'support': 'pole'}",10,0,0,4,0.46,Queen's Road,Bengaluru
street_lamp,13.0084657,77.5691916,"{'highway': 'street_lamp', 'lamp_mount': 'bent_mast', 'lamp_type': 'led', 'support': 'pole'}",10,0,0,4,0.46,Margosa Road,Bengaluru
street_lamp,13.0083439,77.5691119,"{'direction': '87', 'highway': 'street_lamp', 'lamp_mount': 'bent_mast', 'lamp_type': 'led', 'support': 'pole'}",10,0,0,1,0.64,Margosa Road,Bengaluru
street_lamp,13.008121,77.5692211,"{'direction': '266', 'highway': 'street_lamp', 'lamp_mount': 'bent_mast', 'lamp_type': 'led', 'support': 'pole'}",10,0,0,3,0.52,Margosa Road,Bengaluru
street_lamp,13.0077046,77.5692236,"{'direction': '269', 'highway': 'street_lamp', 'lamp_mount': 'bent_mast', 'lamp_type': 'led', 'support': 'pole'}",10,0,0,3,0.52,Margosa Road,Bengaluru
street_lamp,13.0074393,77.5692417,"{'direction': '270', 'highway': 'street_lamp', 'lamp_mount': 'bent_mast', 'lamp_type': 'led', 'support': 'pole'}",10,0,0,2,0.58,17th Cross Road,Bengaluru
street_lamp,13.0075981,77.569127,"{'direction': '86', 'highway': 'street_lamp', 'lamp_mount': 'bent_mast', 'lamp_type': 'led', 'support': 'pole'}",10,0,0,0,0.7,Margosa Road,Bengaluru
street_lamp,13.008348,77.5710855,"{'direction': '89', 'highway': 'street_lamp', 'lamp_mount': 'bent_mast', 'lamp_type': 'electric', 'support': 'pole'}",10,0,0,4,0.46,18th Cross Road,Bengaluru
street_lamp,13.007162,77.5692371,"{'direction': '271', 'highway': 'street_lamp', 'lamp_mount': 'bent_mast', 'lamp_type': 'led', 'support': 'pole'}",10,0,0,2,0.58,Margosa Road,Bengaluru
street_lamp,13.0070147,77.5691274,"{'direction': '92', 'highway': 'street_lamp', 'lamp_mount': 'bent_mast', 'lamp_type': 'led', 'support': 'pole'}",10,0,0,2,0.58,Margosa Road,Bengaluru
street_lamp,13.006875,77.5692399,"{'direction': '269', 'highway': 'street_lamp', 'lamp_mount': 'bent_mast', 'lamp_type': 'led', 'support': 'pole'}",10,0,0,2,0.58,Margosa Road,Bengaluru
street_lamp,13.0067981,77.5691449,"{'direction': '89', 'highway': 'street_lamp', 'lamp_mount': 'bent_mast', 'lamp_type': 'led', 'support': 'pole'}",10,0,0,0,0.7,Margosa Road,Bengaluru
street_lamp,13.006679,77.5692441,"{'direction': '269', 'highway': 'street_lamp', 'lamp_mount': 'bent_mast', 'lamp_type': 'led', 'support': 'pole'}",10,0,0,2,0.58,Margosa Road,Bengaluru
street_lamp,13.0063528,77.5692699,"{'direction': '266', 'highway': 'street_lamp', 'lamp_mount': 'bent_mast', 'lamp_type': 'led', 'support': 'pole'}",10,0,0,4,0.46,16th Cross Road,Bengaluru
street_lamp,13.0062413,77.5691634,"{'direction': '87', 'highway': 'street_lamp', 'lamp_mount': 'bent_mast', 'lamp_type': 'led', 'support': 'pole'}",10,0,0,3,0.52,Margosa Road,Bengaluru
street_lamp,13.0060202,77.5692575,"{'direction': '270', 'highway': 'street_lamp', 'lamp_mount': 'bent_mast', 'lamp_type': 'led', 'support': 'pole'}",10,0,0,2,0.58,Margosa Road,Bengaluru
street_lamp,13.0059277,77.5691661,"{'direction': '88', 'highway': 'street_lamp', 'lamp_mount': 'bent_mast', 'lamp_type': 'led', 'support': 'pole'}",10,0,0,0,0.7,Margosa Road,Bengaluru
street_lamp,13.0058486,77.5692602,"{'direction': '270', 'highway': 'street_lamp', 'lamp_mount': 'bent_mast', 'lamp_type': 'led', 'support': 'pole'}",10,0,0,1,0.64,Margosa Road,Bengaluru
street_lamp,13.0052779,77.5692681,"{'direction': '268', 'highway': 'street_lamp', 'lamp_mount': 'bent_mast', 'lamp_type': 'led', 'support': 'pole'}",10,0,0,0,0.7,Margosa Road,Bengaluru
street_lamp,13.0050568,77.5692616,"{'direction': '266', 'highway': 'street_lamp', 'lamp_mount': 'bent_mast', 'lamp_type': 'led', 'support': 'pole'}",10,0,0,1,0.64,Margosa Road,Bengaluru
street_lamp,13.0052073,77.5691818,"{'direction': '90', 'highway': 'street_lamp', 'lamp_mount': 'bent_mast', 'lamp_type': 'led', 'support': 'pole'}",10,0,0,1,0.64,Margosa Road,Bengaluru
street_lamp,13.0049561,77.5691758,"{'direction': '89', 'highway': 'street_lamp', 'lamp_mount': 'bent_mast', 'lamp_type': 'led', 'support': 'pole'}",10,0,0,2,0.58,Margosa Road,Bengaluru
street_lamp,13.0048496,77.5692727,"{'direction': '269', 'highway': 'street_lamp', 'lamp_mount': 'bent_mast', 'lamp_type': 'led', 'support': 'pole'}",10,0,0,0,0.7,Margosa Road,Bengaluru
street_lamp,13.0047017,77.5691795,"{'direction': '90', 'highway': 'street_lamp', 'lamp_mount': 'bent_mast', 'lamp_type': 'led', 'support': 'pole'}",10,0,0,4,0.46,Margosa Road,Bengaluru
street_lamp,13.0045849,77.5692768,"{'direction': '270', 'highway': 'street_lamp', 'lamp_mount': 'bent_mast', 'lamp_type': 'led', 'support': 'pole'}",10,0,0,3,0.52,Margosa Road,Bengaluru
street_lamp,13.0044231,77.5691627,"{'direction': '88', 'highway': 'street_lamp', 'lamp_mount': 'bent_mast', 'lamp_type': 'led', 'support': 'pole'}",10,0,0,2,0.58,Margosa Road,Bengaluru
street_lamp,13.0043081,77.5692782,"{'direction': '269', 'highway': 'street_lamp', 'lamp_mount': 'bent_mast', 'lamp_type': 'led', 'support': 'pole'}",10,0,0,1,0.64,Margosa Road,Bengaluru
street_lamp,13.0042034,77.5691749,"{'direction': '88', 'highway': 'street_lamp', 'lamp_mount': 'bent_mast', 'lamp_type': 'led', 'support': 'pole'}",10,0,0,0,0.7,Margosa Road,Bengaluru
street_lamp,13.0038902,77.5692081,"{'direction': '87', 'highway': 'street_lamp', 'lamp_mount': 'bent_mast', 'lamp_type': 'led', 'support': 'pole'}",10,0,0,2,0.58,Margosa Road,Bengaluru
street_lamp,13.003821,77.5692957,"{'direction': '268', 'highway': 'street_lamp', 'lamp_mount': 'bent_mast', 'lamp_type': 'led', 'support': 'pole'}",10,0,0,3,0.52,Margosa Road,Bengaluru
street_lamp,13.001501,77.5692812,"{'direction': '88', 'highway': 'street_lamp', 'lamp_mount': 'bent_mast', 'lamp_type': 'led', 'support': 'pole'}",10,0,0,3,0.52,10th Cross Road,Bengaluru
street_lamp,13.0012323,77.569289,"{'direction': '89', 'highway': 'street_lamp', 'lamp_mount': 'bent_mast', 'lamp_type': 'led', 'support': 'pole'}",10,0,0,0,0.7,Margosa Road,Bengaluru
street_lamp,13.0008238,77.5692925,"{'direction': '89', 'highway': 'street_lamp', 'lamp_mount': 'bent_mast', 'lamp_type': 'led', 'support': 'pole'}",10,0,0,1,0.64,Margosa Road,Bengaluru
street_lamp,13.0006568,77.5694032,"{'direction': '269', 'highway': 'street_lamp', 'lamp_mount': 'bent_mast', 'lamp_type': 'led', 'support': 'pole'}",10,0,0,0,0.7,Margosa Road,Bengaluru
street_lamp,13.0005773,77.5693176,"{'direction': '90', 'highway': 'street_lamp', 'lamp_mount': 'bent_mast', 'lamp_type': 'led', 'support': 'pole'}",10,0,0,3,0.52,Margosa Road,Bengaluru
street_lamp,13.0002852,77.5693162,"{'direction': '88', 'highway': 'street_lamp', 'lamp_mount': 'bent_mast', 'lamp_type': 'led', 'support': 'pole'}",10,0,0,2,0.58,Margosa Road,Bengaluru
street_lamp,13.0035509,77.5693073,"{'direction': '265', 'highway': 'street_lamp', 'lamp_mount': 'bent_mast', 'lamp_type': 'led', 'support': 'pole'}",10,0,0,4,0.46,Margosa Road,Bengaluru
street_lamp,13.0034003,77.5692136,"{'direction': '87', 'highway': 'street_lamp', 'lamp_mount': 'bent_mast', 'lamp_type': 'led', 'support': 'pole'}",10,0,0,4,0.46,Margosa Road,Bengaluru
street_lamp,13.0033042,77.5693147,"{'direction': '268', 'highway': 'street_lamp', 'lamp_mount': 'bent_mast', 'lamp_type': 'led', 'support': 'pole'}",10,0,0,0,0.7,Margosa Road,Bengaluru
street_lamp,13.0031584,77.5692106,"{'direction': '87', 'highway': 'street_lamp', 'lamp_mount': 'bent_mast', 'lamp_type': 'led', 'support': 'pole'}",10,0,0,1,0.64,Margosa Road,Bengaluru
street_lamp,13.0030732,77.569329,"{'direction': '268', 'highway': 'street_lamp', 'lamp_mount': 'bent_mast', 'lamp_type': 'led', 'support': 'pole'}",10,0,0,2,0.58,Margosa Road,Bengaluru
street_lamp,13.0028315,77.5692366,"{'direction': '88', 'highway': 'street_lamp', 'lamp_mount': 'bent_mast', 'lamp_type': 'led', 'support': 'pole'}",10,0,0,0,0.7,Margosa Road,Bengaluru
street_lamp,13.0026817,77.5693316,"{'direction': '266', 'highway': 'street_lamp', 'lamp_mount': 'bent_mast', 'lamp_type': 'led', 'support': 'pole'}",10,0,0,2,0.58,12th Cross Road,Bengaluru
street_lamp,13.0025483,77.5692553,"{'direction': '88', 'highway': 'street_lamp', 'lamp_mount': 'bent_mast', 'lamp_type': 'led', 'support': 'pole'}",10,0,0,3,0.52,Margosa Road,Bengaluru
street_lamp,13.0023686,77.5692558,"{'direction': '88', 'highway': 'street_lamp', 'lamp_mount': 'bent_mast', 'lamp_type': 'led', 'support': 'pole'}",10,0,0,3,0.52,,Bengaluru
street_lamp,13.0016629,77.5693781,"{'direction': '267', 'highway': 'street_lamp', 'lamp_mount': 'bent_mast', 'lamp_type': 'led', 'support': 'pole'}",10,0,0,1,0.64,Margosa Road,Bengaluru
street_lamp,13.0022012,77.5693579,"{'direction': '266', 'highway': 'street_lamp', 'lamp_mount': 'bent_mast', 'lamp_type': 'led', 'support': 'pole'}",10,0,0,0,0.7,Margosa Road,Bengaluru
street_lamp,13.0020485,77.5692522,"{'direction': '89', 'highway': 'street_lamp', 'lamp_mount': 'bent_mast', 'lamp_type': 'led', 'support': 'pole'}",10,0,0,1,0.64,11th Cross Road,Bengaluru
street_lamp,13.0018594,77.56937,"{'direction': '268', 'highway': 'street_lamp', 'lamp_mount': 'bent_mast', 'lamp_type': 'led', 'support': 'pole'}",10,0,0,0,0.7,Margosa Road,Bengaluru
street_lamp,13.0017909,77.5692704,"{'direction': '89', 'highway': 'street_lamp', 'lamp_mount': 'bent_mast', 'lamp_type': 'led', 'support': 'pole'}",10,0,0,3,0.52,Margosa Road,Bengaluru
street_lamp,13.0024553,77.5693463,"{'direction': '268', 'highway': 'street_lamp', 'lamp_mount': 'bent_mast', 'lamp_type': 'led', 'support': 'pole'}",10,0,0,1,0.64,,Bengaluru
street_lamp,13.0139836,77.554031,"{'direction': '268', 'highway': 'street_lamp', 'lamp_mount': 'bent_mast', 'lamp_type': 'electric', 'support': 'pole'}",10,0,0,1,0.64,Chord Road,Bengaluru
street_lamp,13.0139836,77.5540361,"{'direction': '88', 'highway': 'street_lamp', 'lamp_mount': 'bent_mast', 'lamp_type': 'electric', 'support': 'pole'}",10,0,0,0,0.7,Chord Road,Bengaluru
street_lamp,12.9832912,77.6094564,"{'direction': '290', 'highway': 'street_lamp', 'support': 'pole'}",10,0,0,2,0.58,,Bengaluru
street_lamp,12.98345,77.6095306,"{'direction': '198', 'highway': 'street_lamp', 'support': 'pole'}",10,0,0,1,0.64,,Bengaluru
street_lamp,12.9393007,77.5320565,"{'highway': 'street_lamp', 'lamp_mount': 'high_mast', 'support': 'pole'}",10,0,0,3,0.52,NICE Expressway,ORR
street_lamp,12.9356194,77.5316966,"{'highway': 'street_lamp', 'lamp_mount': 'high_mast', 'support': 'high_mast'}",10,0,0,1,0.64,,NICE Expressway
street_lamp,13.0386919,77.5893662,"{'highway': 'street_lamp', 'lamp_mount': 'high_mast', 'support': 'high_mast'}",10,0,0,3,0.52,3rd Main Road,Bengaluru
street_lamp,12.9978605,77.5503495,"{'direction': '80', 'highway': 'street_lamp', 'support': 'pole'}",10,0,0,3,0.52,Mahakavi Kuvempu Road,Bengaluru
street_lamp,13.00176,77.5508089,"{'direction': '352', 'highway': 'street_lamp', 'lamp_mount': 'bent_mast', 'support': 'pole'}",10,0,0,3,0.52,11th Cross Road,Bengaluru
street_lamp,13.0017826,77.5504766,"{'direction': '171', 'highway': 'street_lamp', 'lamp_mount': 'bent_mast', 'support': 'pole'}",10,0,0,1,0.64,K B Venkatesh Road,Bengaluru
street_lamp,13.0018237,77.5506403,"{'direction': '171', 'highway': 'street_lamp', 'lamp_mount': 'bent_mast', 'support': 'pole'}",10,0,0,1,0.64,K B Venkatesh Road,Bengaluru
street_lamp,13.0018526,77.5507767,"{'direction': '168', 'highway': 'street_lamp', 'lamp_mount': 'bent_mast', 'support': 'pole'}",10,0,0,2,0.58,11th Cross Road,Bengaluru
street_lamp,13.0090438,77.5563532,"{'direction': '99', 'highway': 'street_lamp', 'lamp_mount': 'bent_mast', 'support': 'pole'}",10,0,0,4,0.46,,Bengaluru
street_lamp,13.0090702,77.5560795,"{'direction': '100', 'highway': 'street_lamp', 'lamp_mount': 'bent_mast', 'support': 'pole'}",10,0,0,1,0.64,4th Main Road,Bengaluru
street_lamp,13.0056958,77.5482748,"{'direction': '345', 'highway': 'street_lamp', 'lamp_mount': 'bent_mast', 'support': 'pole'}",10,0,0,4,0.46,Pipeline Road,Bengaluru
street_lamp,13.0056512,77.5481819,"{'direction': '341', 'highway': 'street_lamp', 'lamp_mount': 'bent_mast', 'support': 'pole'}",10,0,0,3,0.52,Pipeline Road,Bengaluru
street_lamp,13.0093568,77.5489167,"{'direction': '113', 'highway': 'street_lamp', 'lamp_mount': 'bent_mast', 'support': 'pole'}",10,0,0,2,0.58,Chord Road,Bengaluru
street_lamp,13.0099365,77.5491785,"{'direction': '119', 'highway': 'street_lamp', 'lamp_mount': 'bent_mast', 'support': 'pole'}",10,0,0,3,0.52,Chord Road,Bengaluru
street_lamp,13.0109992,77.5589941,"{'direction': '60', 'highway': 'street_lamp', 'lamp_mount': 'bent_mast', 'support': 'pole'}",10,0,0,3,0.52,,Bengaluru
street_lamp,12.9510116,77.5834228,"{'highway': 'street_lamp', 'lamp_mount': 'straight_mast', 'ref': 'E17', 'support': 'pole'}",10,0,0,4,0.46,,Bengaluru
street_lamp,12.9520212,77.5836677,"{'highway': 'street_lamp', 'lamp_mount': 'straight_mast', 'ref': 'E11', 'support': 'pole'}",10,0,0,1,0.64,,Bengaluru
street_lamp,12.9478934,77.5831194,"{'highway': 'street_lamp', 'lamp_mount': 'straight_mast', 'support': 'pole'}",10,0,0,0,0.7,,Bengaluru
street_lamp,12.9477826,77.5832506,"{'highway': 'street_lamp', 'lamp_mount': 'straight_mast', 'support': 'pole'}",10,0,0,2,0.58,,Bengaluru
street_lamp,12.9492046,77.5837381,"{'height': '3', 'highway': 'street_lamp', 'support': 'pole'}",10,0,0,0,0.7,,Bengaluru
street_lamp,12.9530692,77.5839907,"{'highway': 'street_lamp', 'lamp_mount': 'straight_mast', 'ref': 'E6', 'support': 'pole'}",10,0,0,1,0.64,,Bengaluru
street_lamp,12.9486053,77.5829576,"{'highway': 'street_lamp', 'lamp_mount': 'straight_mast', 'ref': 'E45', 'support': 'pole'}",10,0,0,2,0.58,Krumbiegal Road,Bengaluru
street_lamp,12.951573,77.5835647,"{'highway': 'street_lamp', 'lamp_mount': 'straight_mast', 'ref': 'E14', 'support': 'pole'}",10,0,0,4,0.46,,Bengaluru
street_lamp,12.9488274,77.5830055,"{'highway': 'street_lamp', 'lamp_mount': 'straight_mast', 'ref': 'E46', 'support': 'pole'}",10,0,0,2,0.58,,Bengaluru
street_lamp,12.9484213,77.5814569,"{'highway': 'street_lamp', 'lamp_mount': 'straight_mast', 'ref': 'D30', 'support': 'pole'}",10,0,0,0,0.7,Krumbiegal Road,Bengaluru
street_lamp,12.9515614,77.583788,"{'highway': 'street_lamp', 'lamp_mount': 'straight_mast', 'support': 'pole'}",10,0,0,3,0.52,,Bengaluru
street_lamp,12.9518635,77.5836375,"{'highway': 'street_lamp', 'lamp_mount': 'straight_mast', 'ref': 'E12', 'support': 'pole'}",10,0,0,4,0.46,,Bengaluru
street_lamp,12.9504475,77.5832805,"{'highway': 'street_lamp', 'lamp_mount': 'straight_mast', 'ref': 'E20', 'support': 'pole'}",10,0,0,4,0.46,,Bengaluru
street_lamp,12.9506516,77.5833283,"{'highway': 'street_lamp', 'lamp_mount': 'straight_mast', 'ref': 'E19', 'support': 'pole'}",10,0,0,0,0.7,,Bengaluru
street_lamp,12.9491178,77.5840676,"{'height': '6', 'highway': 'street_lamp', 'support': 'pole'}",10,0,0,2,0.58,,Bengaluru
street_lamp,12.9477132,77.5846983,"{'highway': 'street_lamp', 'lamp_mount': 'straight_mast', 'support': 'pole'}",10,0,0,0,0.7,,Bengaluru
street_lamp,12.9483283,77.580995,"{'highway': 'street_lamp', 'lamp_mount': 'straight_mast', 'ref': 'D115', 'support': 'pole'}",10,0,0,4,0.46,Krumbiegal Road,Bengaluru
street_lamp,12.9512752,77.584041,"{'highway': 'street_lamp', 'lamp_mount': 'straight_mast', 'ref': '329', 'support': 'pole'}",10,0,0,1,0.64,,Bengaluru
street_lamp,12.947587,77.583754,"{'highway': 'street_lamp', 'lamp_mount': 'straight_mast', 'support': 'pole'}",10,0,0,3,0.52,,Bengaluru
street_lamp,12.9486972,77.5859524,"{'highway': 'street_lamp', 'support': 'pole'}",10,0,0,2,0.58,,Bengaluru
street_lamp,12.9483953,77.5809247,"{'highway': 'street_lamp', 'lamp_mount': 'straight_mast', 'ref': 'E39', 'support': 'pole'}",10,0,0,0,0.7,Krumbiegal Road,Bengaluru
street_lamp,12.948494,77.5811676,"{'highway': 'street_lamp', 'lamp_mount': 'straight_mast', 'ref': 'E38', 'support': 'pole'}",10,0,0,3,0.52,Krumbiegal Road,Bengaluru
street_lamp,12.9485164,77.5813635,"{'highway': 'street_lamp', 'lamp_mount': 'straight_mast', 'ref': 'E37', 'support': 'pole'}",10,0,0,0,0.7,Krumbiegal Road,Bengaluru
street_lamp,12.9485224,77.5814804,"{'highway': 'street_lamp', 'lamp_mount': 'straight_mast', 'ref': 'E36', 'support': 'pole'}",10,0,0,4,0.46,Krumbiegal Road,Bengaluru
street_lamp,12.9485801,77.5816972,"{'highway': 'street_lamp', 'lamp_mount': 'straight_mast', 'ref': 'E35', 'support': 'pole'}",10,0,0,4,0.46,Krumbiegal Road,Bengaluru
street_lamp,12.9486247,77.5818854,"{'highway': 'street_lamp', 'lamp_mount': 'straight_mast', 'ref': 'E34', 'support': 'pole'}",10,0,0,4,0.46,Krumbiegal Road,Bengaluru
street_lamp,12.9486886,77.5820164,"{'highway': 'street_lamp', 'lamp_mount': 'straight_mast', 'ref': 'E33', 'support': 'pole'}",10,0,0,4,0.46,Krumbiegal Road,Bengaluru
street_lamp,12.9487415,77.5821887,"{'highway': 'street_lamp', 'lamp_mount': 'straight_mast', 'ref': 'E32', 'support': 'pole'}",10,0,0,0,0.7,Krumbiegal Road,Bengaluru
street_lamp,12.9481977,77.5849344,{'highway': 'street_lamp'},10,0,0,4,0.46,,Bengaluru
street_lamp,12.9490251,77.5829614,"{'highway': 'street_lamp', 'lamp_mount': 'straight_mast', 'ref': 'E47', 'support': 'pole'}",10,0,0,1,0.64,,Bengaluru
street_lamp,12.9534739,77.5844511,"{'highway': 'street_lamp', 'lamp_mount': 'straight_mast', 'ref': 'E3', 'support': 'pole'}",10,0,0,2,0.58,,Bengaluru
street_lamp,12.9495898,77.5823274,"{'height': '3', 'highway': 'street_lamp', 'support': 'pole'}",10,0,0,4,0.46,Krumbiegal Road,Bengaluru
street_lamp,12.9495208,77.5824074,"{'height': '3', 'highway': 'street_lamp', 'support': 'pole'}",10,0,0,2,0.58,Krumbiegal Road,Bengaluru
street_lamp,12.9493253,77.5831284,"{'height': '3', 'highway': 'street_lamp', 'lamp_mount': 'straight_mast', 'support': 'pole'}",10,0,0,3,0.52,,Bengaluru
street_lamp,12.9483793,77.5811456,"{'highway': 'street_lamp', 'lamp_mount': 'straight_mast', 'ref': 'D116', 'support': 'pole'}",10,0,0,4,0.46,Krumbiegal Road,Bengaluru
street_lamp,12.951151,77.5834541,"{'highway': 'street_lamp', 'lamp_mount': 'straight_mast', 'ref': 'E16', 'support': 'pole'}",10,0,0,0,0.7,,Bengaluru
street_lamp,12.951337,77.5834996,"{'highway': 'street_lamp', 'lamp_mount': 'straight_mast', 'ref': 'E15', 'support': 'pole'}",10,0,0,2,0.58,,Bengaluru
street_lamp,12.9491552,77.5838921,"{'height': '3', 'highway': 'street_lamp', 'support': 'pole'}",10,0,0,0,0.7,,Bengaluru
street_lamp,12.9486426,77.5827158,"{'highway': 'street_lamp', 'lamp_mount': 'straight_mast', 'support': 'pole'}",10,0,0,4,0.46,Krumbiegal Road,Bengaluru
street_lamp,12.9484707,77.5828174,"{'highway': 'street_lamp', 'lamp_mount': 'straight_mast', 'support': 'pole'}",10,0,0,2,0.58,Krumbiegal Road,Bengaluru
street_lamp,12.9487941,77.5825915,"{'highway': 'street_lamp', 'lamp_mount': 'straight_mast', 'ref': 'E42', 'support': 'pole'}",10,0,0,4,0.46,Krumbiegal Road,Bengaluru
street_lamp,12.9478921,77.5859016,"{'highway': 'street_lamp', 'support': 'pole'}",10,0,0,4,0.46,,Bengaluru
street_lamp,12.9481749,77.5829279,"{'highway': 'street_lamp', 'lamp_mount': 'straight_mast', 'support': 'pole'}",10,0,0,4,0.46,Krumbiegal Road,Bengaluru
street_lamp,12.9480094,77.5830084,"{'highway': 'street_lamp', 'lamp_mount': 'straight_mast', 'support': 'pole'}",10,0,0,3,0.52,Krumbiegal Road,Bengaluru
street_lamp,12.9476721,77.5834552,"{'highway': 'street_lamp', 'lamp_mount': 'straight_mast', 'support': 'pole'}",10,0,0,4,0.46,,Bengaluru
street_lamp,12.95288,77.5838887,"{'highway': 'street_lamp', 'lamp_mount': 'straight_mast', 'ref': 'E7', 'support': 'pole'}",10,0,0,4,0.46,,Bengaluru
street_lamp,12.9478209,77.5848474,"{'highway': 'street_lamp', 'lamp_mount': 'straight_mast', 'support': 'pole'}",10,0,0,4,0.46,,Bengaluru
street_lamp,12.9535401,77.584635,"{'highway': 'street_lamp', 'lamp_mount': 'straight_mast', 'ref': 'E2', 'support': 'pole'}",10,0,0,0,0.7,,Bengaluru
street_lamp,12.9487862,77.5823297,"{'highway': 'street_lamp', 'lamp_mount': 'straight_mast', 'ref': 'E31', 'support': 'pole'}",10,0,0,0,0.7,Krumbiegal Road,Bengaluru
street_lamp,12.9489442,77.5826215,"{'highway': 'street_lamp', 'lamp_mount': 'straight_mast', 'ref': 'E30', 'support': 'pole'}",10,0,0,4,0.46,Krumbiegal Road,Bengaluru
street_lamp,12.9489944,77.5827268,"{'highway': 'street_lamp', 'lamp_mount': 'straight_mast', 'ref': 'E29', 'support': 'pole'}",10,0,0,2,0.58,Krumbiegal Road,Bengaluru
street_lamp,12.9490704,77.5828256,"{'highway': 'street_lamp', 'lamp_mount': 'straight_mast', 'ref': 'E28', 'support': 'pole'}",10,0,0,1,0.64,Krumbiegal Road,Bengaluru
street_lamp,12.9491788,77.5841476,"{'height': '3', 'highway': 'street_lamp', 'support': 'pole'}",10,0,0,1,0.64,,Bengaluru
street_lamp,12.9501351,77.5831952,"{'highway': 'street_lamp', 'lamp_mount': 'straight_mast', 'ref': 'E22', 'support': 'pole'}",10,0,0,1,0.64,,Bengaluru
street_lamp,12.9503134,77.5832471,"{'highway': 'street_lamp', 'lamp_mount': 'straight_mast', 'ref': 'E21', 'support': 'pole'}",10,0,0,1,0.64,,Bengaluru
street_lamp,12.9499453,77.583153,"{'highway': 'street_lamp', 'lamp_mount': 'straight_mast', 'ref': 'E23', 'support': 'pole'}",10,0,0,4,0.46,,Bengaluru
street_lamp,12.9508194,77.5833707,"{'highway': 'street_lamp', 'lamp_mount': 'straight_mast', 'ref': 'E18', 'support': 'pole'}",10,0,0,3,0.52,,Bengaluru
street_lamp,12.9497242,77.5830926,"{'highway': 'street_lamp', 'lamp_mount': 'straight_mast', 'ref': 'E24', 'support': 'pole'}",10,0,0,4,0.46,,Bengaluru
street_lamp,12.94958,77.5830634,"{'highway': 'street_lamp', 'lamp_mount': 'straight_mast', 'ref': 'E25', 'support': 'pole'}",10,0,0,0,0.7,,Bengaluru
street_lamp,12.9494088,77.583011,"{'highway': 'street_lamp', 'lamp_mount': 'straight_mast', 'ref': 'E26', 'support': 'pole'}",10,0,0,1,0.64,,Bengaluru
street_lamp,12.9492027,77.5829575,"{'highway': 'street_lamp', 'lamp_mount': 'straight_mast', 'ref': 'E27', 'support': 'pole'}",10,0,0,4,0.46,,Bengaluru
street_lamp,12.9488163,77.5854334,{'highway': 'street_lamp'},10,0,0,3,0.52,,Bengaluru
street_lamp,12.9487732,77.5855828,"{'highway': 'street_lamp', 'support': 'pole'}",10,0,0,1,0.64,,Bengaluru
street_lamp,12.9517115,77.5835836,"{'highway': 'street_lamp', 'lamp_mount': 'straight_mast', 'ref': 'E13', 'support': 'pole'}",10,0,0,1,0.64,,Bengaluru
street_lamp,12.9535777,77.584827,"{'highway': 'street_lamp', 'lamp_mount': 'straight_mast', 'ref': 'EC1', 'support': 'pole'}",10,0,0,2,0.58,,Bengaluru
street_lamp,12.9523718,77.5837605,"{'highway': 'street_lamp', 'lamp_mount': 'straight_mast', 'ref': 'E9', 'support': 'pole'}",10,0,0,4,0.46,,Bengaluru
street_lamp,12.9525581,77.5838,"{'highway': 'street_lamp', 'lamp_mount': 'straight_mast', 'ref': 'E8', 'support': 'pole'}",10,0,0,0,0.7,,Bengaluru
street_lamp,12.9522286,77.5837238,"{'highway': 'street_lamp', 'lamp_mount': 'straight_mast', 'ref': 'E10', 'support': 'pole'}",10,0,0,4,0.46,,Bengaluru
street_lamp,12.9533299,77.5842245,"{'highway': 'street_lamp', 'lamp_mount': 'straight_mast', 'ref': 'E4', 'support': 'pole'}",10,0,0,2,0.58,,Bengaluru
street_lamp,12.9532624,77.5841538,"{'highway': 'street_lamp', 'lamp_mount': 'straight_mast', 'ref': 'E5', 'support': 'pole'}",10,0,0,4,0.46,,Bengaluru
street_lamp,12.947571,77.5840567,"{'highway': 'street_lamp', 'lamp_mount': 'straight_mast', 'support': 'pole'}",10,0,0,2,0.58,,Bengaluru
street_lamp,12.9475659,77.5842088,"{'highway': 'street_lamp', 'lamp_mount': 'straight_mast', 'support': 'pole'}",10,0,0,4,0.46,,Bengaluru
street_lamp,12.9475657,77.5844074,"{'highway': 'street_lamp', 'lamp_mount': 'straight_mast', 'support': 'pole'}",10,0,0,2,0.58,,Bengaluru
street_lamp,12.947616,77.5845564,"{'highway': 'street_lamp', 'lamp_mount': 'straight_mast', 'support': 'pole'}",10,0,0,4,0.46,,Bengaluru
street_lamp,12.9492729,77.5851993,"{'highway': 'street_lamp', 'support': 'pole'}",10,0,0,4,0.46,,Bengaluru
street_lamp,12.9487774,77.5856036,"{'highway': 'street_lamp', 'support': 'pole'}",10,0,0,2,0.58,,Bengaluru
street_lamp,12.948195,77.5858969,"{'highway': 'street_lamp', 'support': 'pole'}",10,0,0,0,0.7,,Bengaluru
street_lamp,12.9473453,77.5834475,"{'highway': 'street_lamp', 'support': 'pole'}",10,0,0,4,0.46,,Bengaluru
street_lamp,12.9842852,77.5892947,"{'direction': '26', 'highway': 'street_lamp', 'lamp_mount': 'bent_mast', 'support': 'pole'}",10,0,0,0,0.7,Raj Bhavan Road Cycle Lane,Bengaluru
street_lamp,13.0281264,77.5731058,"{'highway': 'street_lamp', 'lamp_mount': 'bent_mast', 'support': 'pole'}",10,0,0,1,0.64,80 Feet Road,Bengaluru
street_lamp,13.0280966,77.5732633,"{'highway': 'street_lamp', 'lamp_mount': 'bent_mast', 'support': 'pole'}",10,0,0,1,0.64,80 Feet Road,Bengaluru
street_lamp,13.0280348,77.5735486,"{'highway': 'street_lamp', 'lamp_mount': 'bent_mast', 'support': 'pole'}",10,0,0,3,0.52,80 Feet Road,Bengaluru
street_lamp,13.0280116,77.5736925,"{'highway': 'street_lamp', 'lamp_mount': 'bent_mast', 'support': 'pole'}",10,0,0,1,0.64,80 Feet Road,Bangalore
street_lamp,13.0275973,77.5758879,"{'highway': 'street_lamp', 'lamp_mount': 'bent_mast', 'support': 'pole'}",10,0,0,2,0.58,,Bengaluru
street_lamp,13.027986,77.573837,"{'highway': 'street_lamp', 'lamp_mount': 'bent_mast', 'support': 'pole'}",10,0,0,1,0.64,80 Feet Road,Bengaluru
street_lamp,13.027968,77.5739637,"{'highway': 'street_lamp', 'lamp_mount': 'bent_mast', 'support': 'pole'}",10,0,0,3,0.52,80 Feet Road,Bengaluru
street_lamp,13.028958,77.5680628,"{'highway': 'street_lamp', 'lamp_mount': 'bent_mast', 'support': 'pole'}",10,0,0,0,0.7,MSR College Road,Bengaluru
street_lamp,13.0289081,77.5683321,"{'highway': 'street_lamp', 'lamp_mount': 'bent_mast', 'support': 'pole'}",10,0,0,4,0.46,MSR College Road,Bengaluru
street_lamp,13.0275475,77.5761989,"{'highway': 'street_lamp', 'lamp_mount': 'bent_mast', 'support': 'pole'}",10,0,0,1,0.64,80 Feet Road,Bengaluru
street_lamp,13.0276895,77.5754414,"{'highway': 'street_lamp', 'lamp_mount': 'bent_mast', 'support': 'pole'}",10,0,0,2,0.58,80 Feet Road,Bengaluru
street_lamp,13.0276748,77.5755873,"{'highway': 'street_lamp', 'lamp_mount': 'bent_mast', 'support': 'pole'}",10,0,0,1,0.64,80 Feet Road,Bengaluru
street_lamp,13.0276349,77.575785,"{'highway': 'street_lamp', 'lamp_mount': 'bent_mast', 'support': 'pole'}",10,0,0,4,0.46,,Bengaluru
street_lamp,13.0279481,77.5740946,"{'highway': 'street_lamp', 'lamp_mount': 'bent_mast', 'support': 'pole'}",10,0,0,2,0.58,80 Feet Road,Bengaluru
street_lamp,13.0279169,77.5742316,"{'highway': 'street_lamp', 'lamp_mount': 'bent_mast', 'support': 'pole'}",10,0,0,4,0.46,80 Feet Road,Bengaluru
street_lamp,13.0278949,77.5745269,"{'highway': 'street_lamp', 'lamp_mount': 'bent_mast', 'support': 'pole'}",10,0,0,1,0.64,80 Feet Road,Bengaluru
street_lamp,13.0278495,77.5746706,"{'highway': 'street_lamp', 'lamp_mount': 'bent_mast', 'support': 'pole'}",10,0,0,3,0.52,80 Feet Road,Bengaluru
street_lamp,13.0278094,77.5748266,"{'highway': 'street_lamp', 'lamp_mount': 'bent_mast', 'support': 'pole'}",10,0,0,0,0.7,80 Feet Road,Bengaluru
street_lamp,13.0277824,77.5749372,"{'highway': 'street_lamp', 'lamp_mount': 'bent_mast', 'support': 'pole'}",10,0,0,2,0.58,80 Feet Road,Bengaluru
street_lamp,13.0277384,77.5751732,"{'highway': 'street_lamp', 'lamp_mount': 'bent_mast', 'support': 'pole'}",10,0,0,0,0.7,5th Cross Road,Bengaluru
street_lamp,13.0275776,77.5760412,"{'highway': 'street_lamp', 'lamp_mount': 'bent_mast', 'support': 'pole'}",10,0,0,2,0.58,,Bengaluru
street_lamp,13.0042677,77.5518583,"{'direction': '175', 'highway': 'street_lamp', 'lamp_mount': 'bent_mast', 'support': 'pole'}",10,0,0,3,0.52,,Bengaluru
street_lamp,13.0041485,77.5520648,"{'direction': '354', 'highway': 'street_lamp', 'lamp_mount': 'bent_mast', 'support': 'pole'}",10,0,0,4,0.46,Vidhya Vardhaka Sangha Road,Bengaluru
street_lamp,13.0041584,77.5522043,"{'direction': '355', 'highway': 'street_lamp', 'lamp_mount': 'bent_mast', 'support': 'pole'}",10,0,0,3,0.52,Vidhya Vardhaka Sangha Road,Bengaluru
street_lamp,12.9884547,77.6061639,{'highway': 'street_lamp'},10,0,0,0,0.7,,
street_lamp,12.9670467,77.6114656,{'highway': 'street_lamp'},10,0,0,1,0.64,Philomena's Hospital Road,bangalore
street_lamp,12.9939312,77.5849656,"{'direction': '135', 'highway': 'street_lamp', 'lamp_mount': 'bent_mast', 'lamp_type': 'led', 'support': 'pole'}",10,0,0,2,0.58,Kumara Krupa Road,Bengaluru
street_lamp,12.9958083,77.5848348,"{'highway': 'street_lamp', 'lamp_mount': 'bent_mast', 'lamp_type': 'led', 'support': 'pole'}",10,0,0,4,0.46,,Bengaluru
street_lamp,12.9634163,77.6017272,"{'height': '3.5', 'highway': 'street_lamp', 'lamp_mount': 'pole', 'lamp_type': 'led', 'support': 'pole'}",10,0,0,1,0.64,,
street_lamp,12.9635033,77.6016383,"{'height': '3.5', 'highway': 'street_lamp', 'lamp_mount': 'pole', 'lamp_type': 'led', 'support': 'pole'}",10,0,0,4,0.46,,Bengaluru
street_lamp,12.9635503,77.6016398,"{'height': '3.5', 'highway': 'street_lamp', 'lamp_mount': 'pole', 'lamp_type': 'led', 'support': 'pole'}",10,0,0,3,0.52,,Bengaluru
street_lamp,12.9636306,77.6017303,"{'height': '3.5', 'highway': 'street_lamp', 'lamp_mount': 'pole', 'lamp_type': 'led', 'support': 'pole'}",10,0,0,1,0.64,,Bengaluru
street_lamp,12.9636256,77.6017768,"{'height': '3.5', 'highway': 'street_lamp', 'lamp_mount': 'pole', 'lamp_type': 'led', 'support': 'pole'}",10,0,0,1,0.64,,
street_lamp,12.9635315,77.6018577,"{'height': '3.5', 'highway': 'street_lamp', 'lamp_mount': 'pole', 'lamp_type': 'led', 'support': 'pole'}",10,0,0,3,0.52,,Bengaluru
street_lamp,12.9634915,77.6018538,"{'height': '3.5', 'highway': 'street_lamp', 'lamp_mount': 'pole', 'lamp_type': 'led', 'support': 'pole'}",10,0,0,3,0.52,,Bengaluru
street_lamp,12.9634119,77.6017686,"{'height': '3.5', 'highway': 'street_lamp', 'lamp_mount': 'pole', 'lamp_type': 'led', 'support': 'pole'}",10,0,0,1,0.64,,Bengaluru
street_lamp,12.963941,77.60136,"{'height': '3.5', 'highway': 'street_lamp', 'lamp_mount': 'pole', 'lamp_type': 'led', 'support': 'pole'}",10,0,0,2,0.58,,Bengaluru
street_lamp,12.9632705,77.6014011,"{'height': '3.5', 'highway': 'street_lamp', 'lamp_mount': 'pole', 'lamp_type': 'led', 'support': 'pole'}",10,0,0,1,0.64,,Bengaluru
street_lamp,12.9632508,77.6015097,"{'height': '3.5', 'highway': 'street_lamp', 'lamp_mount': 'pole', 'lamp_type': 'led', 'support': 'pole'}",10,0,0,4,0.46,,Bengaluru
street_lamp,12.9632329,77.6016175,"{'height': '3.5', 'highway': 'street_lamp', 'lamp_mount': 'pole', 'lamp_type': 'led', 'support': 'pole'}",10,0,0,3,0.52,,Bengaluru
street_lamp,12.9633223,77.6013602,"{'height': '3.5', 'highway': 'street_lamp', 'lamp_mount': 'pole', 'lamp_type': 'led', 'support': 'pole'}",10,0,0,3,0.52,,Bengaluru
street_lamp,12.9635488,77.6012325,"{'height': '3.5', 'highway': 'street_lamp', 'lamp_mount': 'pole', 'lamp_type': 'led', 'support': 'pole'}",10,0,0,2,0.58,,Bengaluru
street_lamp,12.9634623,77.6012833,"{'height': '3.5', 'highway': 'street_lamp', 'lamp_mount': 'pole', 'lamp_type': 'led', 'support': 'pole'}",10,0,0,4,0.46,,Bengaluru
street_lamp,12.9633953,77.6013238,"{'height': '3.5', 'highway': 'street_lamp', 'lamp_mount': 'pole', 'lamp_type': 'led', 'support': 'pole'}",10,0,0,2,0.58,,Bengaluru
street_lamp,12.963606,77.6012188,"{'height': '3.5', 'highway': 'street_lamp', 'lamp_mount': 'pole', 'lamp_type': 'led', 'support': 'pole'}",10,0,0,2,0.58,,Bengaluru
street_lamp,12.9637495,77.6011858,"{'height': '3.5', 'highway': 'street_lamp', 'lamp_mount': 'pole', 'lamp_type': 'led', 'support': 'pole'}",10,0,0,3,0.52,,Bengaluru
street_lamp,12.9638545,77.6011651,"{'height': '3.5', 'highway': 'street_lamp', 'lamp_mount': 'pole', 'lamp_type': 'led', 'support': 'pole'}",10,0,0,0,0.7,,Bengaluru
street_lamp,12.9638876,77.6012269,"{'height': '3.5', 'highway': 'street_lamp', 'lamp_mount': 'pole', 'lamp_type': 'led', 'support': 'pole'}",10,0,0,3,0.52,,Bengaluru
street_lamp,12.9639004,77.6012873,"{'height': '3.5', 'highway': 'street_lamp', 'lamp_mount': 'pole', 'lamp_type': 'led', 'support': 'pole'}",10,0,0,2,0.58,,Bengaluru
street_lamp,12.9632115,77.6017325,"{'height': '3.5', 'highway': 'street_lamp', 'lamp_mount': 'pole', 'lamp_type': 'led', 'support': 'pole'}",10,0,0,3,0.52,,Bengaluru
street_lamp,12.9639372,77.6013277,"{'height': '6', 'highway': 'street_lamp', 'lamp_mount': 'pole', 'lamp_type': 'led', 'support': 'pole'}",10,0,0,3,0.52,,Bengaluru
street_lamp,12.9639106,77.6017653,"{'height': '3.5', 'highway': 'street_lamp', 'lamp_mount': 'pole', 'lamp_type': 'led', 'support': 'pole'}",10,0,0,1,0.64,,Bengaluru
street_lamp,12.9639334,77.6015841,"{'height': '3 5', 'highway': 'street_lamp', 'lamp_mount': 'pole', 'lamp_type': 'led', 'support': 'pole'}",10,0,0,3,0.52,,Bengaluru
street_lamp,12.9639221,77.6016724,"{'height': '3 5', 'highway': 'street_lamp', 'lamp_mount': 'pole', 'lamp_type': 'led', 'support': 'pole'}",10,0,0,2,0.58,,Bengaluru
street_lamp,12.9639403,77.6014953,"{'height': '3 5', 'highway': 'street_lamp', 'lamp_mount': 'pole', 'lamp_type': 'led', 'support': 'pole'}",10,0,0,4,0.46,,Bengaluru
street_lamp,12.9639049,77.6018262,"{'height': '3.5', 'highway': 'street_lamp', 'lamp_mount': 'pole', 'lamp_type': 'led', 'support': 'pole'}",10,0,0,1,0.64,,Bengaluru
street_lamp,12.9638682,77.6022407,"{'height': '3.5', 'highway': 'street_lamp', 'lamp_mount': 'pole', 'lamp_type': 'led', 'support': 'pole'}",10,0,0,0,0.7,,Bengaluru
street_lamp,12.9639011,77.6019092,"{'height': '3.5', 'highway': 'street_lamp', 'lamp_mount': 'pole', 'lamp_type': 'led', 'support': 'pole'}",10,0,0,0,0.7,,Bengaluru
street_lamp,12.9638928,77.6019755,"{'height': '3.5', 'highway': 'street_lamp', 'lamp_mount': 'pole', 'lamp_type': 'led', 'support': 'pole'}",10,0,0,0,0.7,,Bengaluru
street_lamp,12.9638876,77.602054,"{'height': '3.5', 'highway': 'street_lamp', 'lamp_mount': 'pole', 'lamp_type': 'led', 'support': 'pole'}",10,0,0,2,0.58,,Bengaluru
street_lamp,12.9631789,77.6019535,"{'height': '3.5', 'highway': 'street_lamp', 'lamp_mount': 'pole', 'lamp_type': 'led', 'support': 'pole'}",10,0,0,3,0.52,Kingston Road,Bengaluru
street_lamp,12.9637523,77.6022393,"{'height': '3.5', 'highway': 'street_lamp', 'lamp_mount': 'pole', 'lamp_type': 'led', 'support': 'pole'}",10,0,0,0,0.7,,Bengaluru
street_lamp,12.963521,77.6021847,"{'height': '3.5', 'highway': 'street_lamp', 'lamp_mount': 'pole', 'lamp_type': 'led', 'support': 'pole'}",10,0,0,3,0.52,,Bengaluru
street_lamp,12.9636139,77.6022068,"{'height': '3.5', 'highway': 'street_lamp', 'lamp_mount': 'pole', 'lamp_type': 'led', 'support': 'pole'}",10,0,0,3,0.52,,Bengaluru
street_lamp,12.9636887,77.6022254,"{'height': '3.5', 'highway': 'street_lamp', 'lamp_mount': 'pole', 'lamp_type': 'led', 'support': 'pole'}",10,0,0,4,0.46,,Bengaluru
street_lamp,12.963461,77.6021716,"{'height': '3.5', 'highway': 'street_lamp', 'lamp_mount': 'pole', 'lamp_type': 'led', 'support': 'pole'}",10,0,0,0,0.7,Kingston Road,Bengaluru
street_lamp,12.9632101,77.6021077,"{'height': '3.5', 'highway': 'street_lamp', 'lamp_mount': 'pole', 'lamp_type': 'led', 'support': 'pole'}",10,0,0,3,0.52,Kingston Road,Bengaluru
street_lamp,12.9632683,77.602132,"{'height': '3.5', 'highway': 'street_lamp', 'lamp_mount': 'pole', 'lamp_type': 'led', 'support': 'pole'}",10,0,0,1,0.64,Kingston Road,Bengaluru
street_lamp,12.9633516,77.6021493,"{'height': '3.5', 'highway': 'street_lamp', 'lamp_mount': 'pole', 'lamp_type': 'led', 'support': 'pole'}",10,0,0,1,0.64,Kingston Road,Bengaluru
street_lamp,12.9631841,77.6020763,"{'height': '3.5', 'highway': 'street_lamp', 'lamp_mount': 'pole', 'lamp_type': 'led', 'support': 'pole'}",10,0,0,0,0.7,Kingston Road,Bengaluru
street_lamp,12.9631714,77.6020253,"{'height': '3.5', 'highway': 'street_lamp', 'lamp_mount': 'pole', 'lamp_type': 'led', 'support': 'pole'}",10,0,0,1,0.64,Kingston Road,Bengaluru
street_lamp,12.9632025,77.6017934,"{'height': '3.5', 'highway': 'street_lamp', 'lamp_mount': 'pole', 'lamp_type': 'led', 'support': 'pole'}",10,0,0,2,0.58,,Bengaluru
street_lamp,12.9631913,77.6018762,"{'height': '3.5', 'highway': 'street_lamp', 'lamp_mount': 'pole', 'lamp_type': 'led', 'support': 'pole'}",10,0,0,1,0.64,,Bengaluru
street_lamp,12.9638821,77.6021462,"{'height': '3.5', 'highway': 'street_lamp', 'lamp_mount': 'pole', 'lamp_type': 'led', 'support': 'pole'}",10,0,0,3,0.52,,Bengaluru
street_lamp,12.962382,77.6028815,"{'highway': 'street_lamp', 'lamp_mount': 'pole', 'lamp_type': 'electric', 'support': 'pole'}",10,0,0,3,0.52,Norris Road,Bengaluru
street_lamp,12.9621871,77.6028326,"{'direction': '107', 'highway': 'street_lamp', 'lamp_mount': 'pole', 'lamp_type': 'electric', 'support': 'pole'}",10,0,0,0,0.7,Norris Road,Bengaluru
street_lamp,12.9630048,77.6017946,"{'direction': '17', 'highway': 'street_lamp', 'lamp_mount': 'pole', 'lamp_type': 'electric', 'support': 'pole'}",10,0,0,0,0.7,Kingston Road,Bengaluru
street_lamp,12.9629948,77.6020961,"{'direction': '13', 'highway': 'street_lamp', 'lamp_mount': 'pole', 'lamp_type': 'led', 'support': 'pole'}",10,0,0,4,0.46,Kingston Road,Bengaluru
street_lamp,12.9621016,77.6027852,"{'direction': '109', 'highway': 'street_lamp', 'lamp_mount': 'pole', 'lamp_type': 'electric', 'support': 'pole'}",10,0,0,2,0.58,Norris Road,Bengaluru
street_lamp,12.9618365,77.6029313,"{'direction': '16', 'highway': 'street_lamp', 'lamp_mount': 'pole', 'lamp_type': 'electric', 'support': 'pole'}",10,0,0,0,0.7,Norris Road,Bengaluru
street_lamp,12.9617886,77.6031124,"{'direction': '17', 'highway': 'street_lamp', 'lamp_mount': 'pole', 'lamp_type': 'electric', 'support': 'pole'}",10,0,0,2,0.58,,Bengaluru
street_lamp,12.9616946,77.6031264,"{'direction': '10', 'highway': 'street_lamp', 'lamp_mount': 'pole', 'lamp_type': 'electric', 'support': 'pole'}",10,0,0,1,0.64,Norris Road,Bengaluru
street_lamp,12.9617099,77.6026649,"{'direction': '107', 'highway': 'street_lamp', 'lamp_mount': 'pole', 'lamp_type': 'electric', 'support': 'pole'}",10,0,0,1,0.64,Norris Road,Bengaluru
street_lamp,12.9618025,77.6024667,"{'direction': '13', 'highway': 'street_lamp', 'lamp_mount': 'pole', 'lamp_type': 'electric', 'support': 'pole'}",10,0,0,0,0.7,Norris Road,Bengaluru
street_lamp,12.9618249,77.6022909,"{'direction': '9', 'highway': 'street_lamp', 'lamp_mount': 'pole', 'lamp_type': 'electric', 'support': 'pole'}",10,0,0,0,0.7,Prime Street,Bengaluru
street_lamp,12.9634367,77.6016642,"{'height': '8', 'highway': 'street_lamp', 'lamp_mount': 'pole', 'lamp_type': 'led', 'support': 'pole'}",10,0,0,1,0.64,,Bengaluru
street_lamp,12.9635882,77.6018294,"{'height': '8', 'highway': 'street_lamp', 'lamp_mount': 'pole', 'lamp_type': 'led', 'support': 'pole'}",10,0,0,4,0.46,,Bengaluru
street_lamp,12.9637041,77.6016681,"{'height': '3.5', 'highway': 'street_lamp', 'lamp_mount': 'pole', 'lamp_type': 'led', 'support': 'pole'}",10,0,0,3,0.52,,Bengaluru
street_lamp,12.9636074,77.6015563,"{'height': '3.5', 'highway': 'street_lamp', 'lamp_mount': 'pole', 'lamp_type': 'led', 'support': 'pole'}",10,0,0,4,0.46,,Bengaluru
street_lamp,12.9634482,77.6015232,"{'height': '3.5', 'highway': 'street_lamp', 'lamp_mount': 'pole', 'lamp_type': 'led', 'support': 'pole'}",10,0,0,3,0.52,,Bengaluru
street_lamp,12.9633036,77.6016335,"{'height': '3.5', 'highway': 'street_lamp', 'lamp_mount': 'pole', 'lamp_type': 'led', 'support': 'pole'}",10,0,0,2,0.58,,Bengaluru
street_lamp,12.9632944,77.6018219,"{'height': '3.5', 'highway': 'street_lamp', 'lamp_mount': 'pole', 'lamp_type': 'led', 'support': 'pole'}",10,0,0,1,0.64,,Bengaluru
street_lamp,12.9634305,77.601945,"{'height': '3.5', 'highway': 'street_lamp', 'lamp_mount': 'pole', 'lamp_type': 'led', 'support': 'pole'}",10,0,0,2,0.58,,Bengaluru
street_lamp,12.9635795,77.6019305,"{'height': '3.5', 'highway': 'street_lamp', 'lamp_mount': 'pole', 'lamp_type': 'led', 'support': 'pole'}",10,0,0,3,0.52,,Bengaluru
street_lamp,12.9636913,77.6018294,"{'height': '3.5', 'highway': 'street_lamp', 'lamp_mount': 'pole', 'lamp_type': 'led', 'support': 'pole'}",10,0,0,2,0.58,,Bengaluru
street_lamp,12.9636153,77.6018579,"{'height': '3.5', 'highway': 'street_lamp', 'lamp_mount': 'pole', 'lamp_type': 'led', 'support': 'pole'}",10,0,0,0,0.7,,Bengaluru
street_lamp,12.9636285,77.6016419,"{'height': '3.5', 'highway': 'street_lamp', 'lamp_mount': 'pole', 'lamp_type': 'led', 'support': 'pole'}",10,0,0,2,0.58,,Bengaluru
street_lamp,12.9634039,77.6016139,"{'height': '3.5', 'highway': 'street_lamp', 'lamp_mount': 'pole', 'lamp_type': 'led', 'support': 'pole'}",10,0,0,4,0.46,,Bengaluru
street_lamp,12.9633995,77.6018511,"{'height': '3.5', 'highway': 'street_lamp', 'lamp_mount': 'pole', 'lamp_type': 'led', 'support': 'pole'}",10,0,0,1,0.64,,Bengaluru
street_lamp,12.9629941,77.6022658,"{'direction': '14', 'highway': 'street_lamp', 'lamp_mount': 'pole', 'lamp_type': 'electric', 'support': 'pole'}",10,0,0,2,0.58,Kingston Road,Bengaluru
street_lamp,12.9653068,77.6008304,"{'height': '8', 'highway': 'street_lamp', 'lamp_mount': 'bent_mast', 'lamp_type': 'led', 'support': 'pole'}",10,0,0,2,0.58,Richmond Road,Bengaluru
street_lamp,12.9630814,77.6013697,"{'direction': '264', 'highway': 'street_lamp', 'lamp_mount': 'pole', 'lamp_type': 'led', 'support': 'pole'}",10,0,0,4,0.46,,Bengaluru
street_lamp,12.9630804,77.601353,"{'direction': '0', 'highway': 'street_lamp', 'lamp_mount': 'bent_mast', 'lamp_type': 'led', 'support': 'pole'}",10,0,0,3,0.52,,Bengaluru
street_lamp,12.9629608,77.6013622,"{'direction': '261', 'highway': 'street_lamp', 'lamp_mount': 'bent_mast', 'lamp_type': 'led', 'support': 'pole'}",10,0,0,4,0.46,,Bengaluru
street_lamp,12.9628983,77.6028367,"{'direction': '11', 'highway': 'street_lamp', 'lamp_mount': 'pole', 'lamp_type': 'electric', 'support': 'pole'}",10,0,0,1,0.64,Norris Road,Bengaluru
street_lamp,12.9628283,77.6030582,"{'direction': '16', 'highway': 'street_lamp', 'lamp_mount': 'pole', 'lamp_type': 'led', 'support': 'pole'}",10,0,0,2,0.58,Myrtle Lane,Bengaluru
street_lamp,12.9626298,77.6029624,"{'direction': '285', 'highway': 'street_lamp', 'lamp_mount': 'pole', 'lamp_type': 'electric', 'support': 'pole'}",10,0,0,3,0.52,Norris Road,Bengaluru
street_lamp,12.9618203,77.6015414,"{'direction': '263', 'highway': 'street_lamp', 'lamp_mount': 'bent_mast', 'lamp_type': 'led', 'support': 'pole'}",10,0,0,4,0.46,,Bengaluru
street_lamp,12.9618361,77.6015789,"{'direction': '296', 'highway': 'street_lamp', 'lamp_mount': 'bent_mast', 'lamp_type': 'led', 'support': 'pole'}",10,0,0,2,0.58,,Bengaluru
street_lamp,12.9652953,77.6007234,"{'height': '8', 'highway': 'street_lamp', 'lamp_mount': 'bent_mast', 'lamp_type': 'led', 'support': 'pole'}",10,0,0,3,0.52,Richmond Road,Bengaluru
street_lamp,12.965269,77.6005469,"{'height': '8', 'highway': 'street_lamp', 'lamp_mount': 'bent_mast', 'lamp_type': 'led', 'support': 'pole'}",10,0,0,1,0.64,Richmond Road,Bengaluru
street_lamp,12.9652288,77.6002442,"{'height': '8', 'highway': 'street_lamp', 'lamp_mount': 'bent_mast', 'lamp_type': 'led', 'support': 'pole'}",10,0,0,1,0.64,,Bengaluru
street_lamp,12.9651972,77.5999777,"{'height': '8', 'highway': 'street_lamp', 'lamp_mount': 'bent_mast', 'lamp_type': 'led', 'support': 'pole'}",10,0,0,1,0.64,Richmond Road,Bengaluru
street_lamp,12.9651613,77.5997652,"{'height': '8', 'highway': 'street_lamp', 'lamp_mount': 'bent_mast', 'lamp_type': 'led', 'support': 'pole'}",10,0,0,4,0.46,Richmond Road,Bengaluru
street_lamp,12.9651365,77.5995898,"{'height': '8', 'highway': 'street_lamp', 'lamp_mount': 'bent_mast', 'lamp_type': 'led', 'support': 'pole'}",10,0,0,0,0.7,Richmond Road,Bengaluru
street_lamp,12.9650947,77.5994181,"{'height': '8', 'highway': 'street_lamp', 'lamp_mount': 'bent_mast', 'lamp_type': 'led', 'support': 'pole'}",10,0,0,4,0.46,,Bengaluru
street_lamp,12.9650215,77.5991431,"{'height': '8', 'highway': 'street_lamp', 'lamp_mount': 'bent_mast', 'lamp_type': 'led', 'support': 'pole'}",10,0,0,3,0.52,Richmond Road,Bengaluru
street_lamp,12.9649312,77.5989028,"{'height': '8', 'highway': 'street_lamp', 'lamp_mount': 'bent_mast', 'lamp_type': 'led', 'support': 'pole'}",10,0,0,0,0.7,Richmond Road,Bengaluru
street_lamp,12.9649485,77.5986425,"{'height': '8', 'highway': 'street_lamp', 'lamp_mount': 'bent_mast', 'lamp_type': 'led', 'support': 'pole'}",10,0,0,2,0.58,Richmond Road,Bengaluru
street_lamp,12.9649046,77.5981978,"{'height': '8', 'highway': 'street_lamp', 'lamp_mount': 'bent_mast', 'lamp_type': 'led', 'support': 'pole'}",10,0,0,1,0.64,,Bengaluru
street_lamp,12.9648266,77.5976268,"{'height': '8', 'highway': 'street_lamp', 'lamp_mount': 'bent_mast', 'lamp_type': 'led', 'support': 'pole'}",10,0,0,2,0.58,Richmond Road,Bengaluru
street_lamp,12.9647826,77.5973954,"{'height': '8', 'highway': 'street_lamp', 'lamp_mount': 'bent_mast', 'lamp_type': 'led', 'support': 'pole'}",10,0,0,0,0.7,Richmond Road,Bengaluru
street_lamp,12.9647129,77.5970802,"{'height': '8', 'highway': 'street_lamp', 'lamp_mount': 'bent_mast', 'lamp_type': 'led', 'support': 'pole'}",10,0,0,3,0.52,Mission Road,Bengaluru
street_lamp,12.9629619,77.6024647,"{'direction': '17', 'highway': 'street_lamp', 'lamp_mount': 'pole', 'lamp_type': 'electric', 'support': 'pole'}",10,0,0,3,0.52,Alexandra Street,Bengaluru
street_lamp,12.9647695,77.6033854,"{'highway': 'street_lamp', 'lamp_type': 'halogen'}",10,0,0,4,0.46,Leonard Lane,Bengaluru
street_lamp,13.0098449,77.5580481,"{'direction': '278', 'highway': 'street_lamp', 'lamp_mount': 'bent_mast', 'support': 'pole'}",10,0,0,4,0.46,8th C Main Road,Bengaluru
street_lamp,13.0098449,77.5580481,"{'direction': '66', 'highway': 'street_lamp', 'lamp_mount': 'bent_mast', 'support': 'pole'}",10,0,0,1,0.64,8th C Main Road,Bengaluru
street_lamp,12.9939072,77.5953136,"{'direction': '116', 'highway': 'street_lamp', 'lamp_mount': 'bent_mast', 'support': 'pole'}",10,0,0,3,0.52,,Bengaluru
street_lamp,13.0013044,77.5507318,"{'direction': '79', 'highway': 'street_lamp', 'lamp_mount': 'pole', 'lamp_type': 'LED', 'source': 'local knowledge', 'support': 'pole'}",10,0,0,1,0.64,19C Main Road,Bengaluru
street_lamp,12.9760814,77.603435,"{'direction': '13', 'highway': 'street_lamp', 'lamp_mount': 'bent_mast', 'support': 'pole'}",10,0,0,3,0.52,Mahatma Gandhi Road,Bengaluru
street_lamp,12.971575,77.6068461,"{'highway': 'street_lamp', 'lamp_mount': 'straight_mast', 'support': 'pole'}",10,0,0,4,0.46,St. Patrick's Square,Bengaluru
street_lamp,12.9618058,77.6021469,"{'direction': '7', 'highway': 'street_lamp', 'lamp_mount': 'pole', 'lamp_type': 'electric', 'support': 'pole'}",10,0,0,3,0.52,,Bengaluru
street_lamp,12.9618099,77.6020126,"{'direction': '3', 'highway': 'street_lamp', 'lamp_mount': 'pole', 'lamp_type': 'electric', 'support': 'pole'}",10,0,0,4,0.46,,Bengaluru
street_lamp,12.9618217,77.6018248,"{'direction': '359', 'highway': 'street_lamp', 'lamp_mount': 'pole', 'lamp_type': 'electric', 'support': 'pole'}",10,0,0,2,0.58,Prime Street,Bengaluru
street_lamp,12.9618485,77.6015577,"{'direction': '269', 'highway': 'street_lamp', 'lamp_mount': 'pole', 'lamp_type': 'led', 'support': 'pole'}",10,0,0,4,0.46,,Bengaluru
street_lamp,12.9663434,77.58799,{'highway': 'street_lamp'},10,0,0,3,0.52,JC Road,Bengaluru
street_lamp,12.9661963,77.5878219,{'highway': 'street_lamp'},10,0,0,0,0.7,JC Road,Bengaluru
street_lamp,12.9679616,77.5873225,"{'highway': 'street_lamp', 'lamp_mount': 'straight_mast', 'lamp_type': 'led', 'support': 'pole'}",10,0,0,0,0.7,Hudson Circle,Bengaluru
street_lamp,12.9679103,77.5872135,"{'highway': 'street_lamp', 'lamp_mount': 'straight_mast', 'lamp_type': 'led', 'support': 'pole'}",10,0,0,0,0.7,Hudson Circle,Bengaluru
street_lamp,12.9677874,77.5872893,"{'highway': 'street_lamp', 'lamp_mount': 'straight_mast', 'lamp_type': 'led', 'support': 'pole'}",10,0,0,4,0.46,Hudson Circle,Bengaluru
street_lamp,12.9678631,77.5873886,"{'highway': 'street_lamp', 'lamp_mount': 'straight_mast', 'lamp_type': 'led', 'support': 'pole'}",10,0,0,2,0.58,Hudson Circle,Bengaluru
street_lamp,12.9779953,77.5908217,"{'highway': 'street_lamp', 'lamp_mount': 'straight_mast', 'support': 'pole'}",10,0,0,4,0.46,Doctor B R Ambedkar Veedhi,Bengaluru
street_lamp,12.9778336,77.5910083,"{'highway': 'street_lamp', 'lamp_mount': 'straight_mast', 'support': 'pole'}",10,0,0,2,0.58,Doctor B R Ambedkar Veedhi,Bengaluru
street_lamp,13.0067578,77.581436,"{'direction': '26', 'highway': 'street_lamp', 'lamp_mount': 'bent_mast', 'lamp_type': 'sodium', 'support': 'pole'}",10,0,0,0,0.7,,Bengaluru
street_lamp,13.0068563,77.5812677,"{'direction': '26', 'highway': 'street_lamp', 'lamp_mount': 'bent_mast', 'lamp_type': 'sodium', 'support': 'pole'}",10,0,0,1,0.64,16th Cross Road,Bengaluru
street_lamp,13.0069732,77.5810608,"{'direction': '28', 'highway': 'street_lamp', 'lamp_mount': 'bent_mast', 'lamp_type': 'sodium', 'support': 'pole'}",10,0,0,1,0.64,16th Cross Road,Bengaluru
street_lamp,13.0060671,77.5810456,"{'direction': '31', 'highway': 'street_lamp', 'lamp_mount': 'bent_mast', 'lamp_type': 'sodium', 'support': 'pole'}",10,0,0,3,0.52,,Bengaluru
street_lamp,13.0061744,77.5811023,"{'direction': '300', 'highway': 'street_lamp', 'lamp_mount': 'bent_mast', 'lamp_type': 'sodium', 'support': 'pole'}",10,0,0,3,0.52,,Bengaluru
street_lamp,13.0058027,77.5808897,"{'direction': '300', 'highway': 'street_lamp', 'lamp_mount': 'bent_mast', 'lamp_type': 'sodium', 'support': 'pole'}",10,0,0,2,0.58,4th Main Road,Bengaluru
street_lamp,13.0062736,77.5811617,"{'direction': '300', 'highway': 'street_lamp', 'lamp_mount': 'bent_mast', 'lamp_type': 'led', 'support': 'pole'}",10,0,0,2,0.58,,Bengaluru
street_lamp,13.0064456,77.5812418,"{'direction': '304', 'highway': 'street_lamp', 'lamp_mount': 'bent_mast', 'lamp_type': 'sodium', 'support': 'pole'}",10,0,0,3,0.52,16th Cross Road,Bengaluru
street_lamp,13.0066224,77.5816481,"{'direction': '27', 'highway': 'street_lamp', 'lamp_mount': 'bent_mast', 'lamp_type': 'sodium', 'support': 'pole'}",10,0,0,4,0.46,,Bengaluru
street_lamp,13.0065173,77.58185,"{'direction': '86', 'highway': 'street_lamp', 'lamp_mount': 'bent_mast', 'lamp_type': 'sodium', 'support': 'pole'}",10,0,0,2,0.58,,Bengaluru
street_lamp,13.0064636,77.5820761,"{'direction': '137', 'highway': 'street_lamp', 'lamp_mount': 'bent_mast', 'lamp_type': 'sodium', 'support': 'pole'}",10,0,0,3,0.52,5th Cross Road,Bengaluru
street_lamp,13.0062859,77.5823806,"{'direction': '144', 'highway': 'street_lamp', 'lamp_mount': 'bent_mast', 'lamp_type': 'sodium', 'support': 'pole'}",10,0,0,0,0.7,17th Cross Road,Bengaluru
street_lamp,13.0063821,77.582382,"{'direction': '86', 'highway': 'street_lamp', 'lamp_mount': 'bent_mast', 'lamp_type': 'led', 'support': 'pole'}",10,0,0,4,0.46,17th Cross Road,Bengaluru
street_lamp,13.0066708,77.5823705,"{'direction': '86', 'highway': 'street_lamp', 'lamp_mount': 'bent_mast', 'lamp_type': 'led', 'support': 'pole'}",10,0,0,4,0.46,5th Cross Road,Bengaluru
street_lamp,13.00685,77.5823578,"{'direction': '232', 'highway': 'street_lamp', 'lamp_mount': 'bent_mast', 'lamp_type': 'sodium', 'support': 'pole'}",10,0,0,0,0.7,5th Cross Road,Bengaluru
street_lamp,13.0070074,77.58235,"{'direction': '98', 'highway': 'street_lamp', 'lamp_mount': 'bent_mast', 'lamp_type': 'sodium', 'support': 'pole'}",10,0,0,3,0.52,2nd Cross Road,Bengaluru
street_lamp,13.0072607,77.5820808,"{'direction': '208', 'highway': 'street_lamp', 'lamp_mount': 'bent_mast', 'lamp_type': 'sodium', 'support': 'pole'}",10,0,0,2,0.58,17th Cross Road,Bengaluru
street_lamp,13.0073527,77.5819279,"{'direction': '211', 'highway': 'street_lamp', 'lamp_mount': 'bent_mast', 'lamp_type': 'sodium', 'support': 'pole'}",10,0,0,4,0.46,5th Main Road,Bengaluru
street_lamp,13.0074697,77.5817173,"{'direction': '23', 'highway': 'street_lamp', 'lamp_mount': 'bent_mast', 'lamp_type': 'sodium', 'support': 'pole'}",10,0,0,3,0.52,5th Main Road,Bengaluru
street_lamp,13.0075952,77.5814984,"{'direction': '221', 'highway': 'street_lamp', 'lamp_mount': 'bent_mast', 'lamp_type': 'sodium', 'support': 'pole'}",10,0,0,0,0.7,5th Main Road,Bengaluru
street_lamp,13.0077511,77.5810566,"{'direction': '120', 'highway': 'street_lamp', 'lamp_mount': 'bent_mast', 'lamp_type': 'sodium', 'support': 'pole'}",10,0,0,3,0.52,15th Cross Road,Bengaluru
street_lamp,13.0074777,77.5808931,"{'direction': '117', 'highway': 'street_lamp', 'lamp_mount': 'bent_mast', 'lamp_type': 'led', 'support': 'pole'}",10,0,0,2,0.58,,Bengaluru
street_lamp,13.0073325,77.5807983,"{'direction': '125', 'highway': 'street_lamp', 'lamp_mount': 'bent_mast', 'lamp_type': 'led', 'support': 'pole'}",10,0,0,4,0.46,15th Cross Road,Bengaluru
street_lamp,13.0071733,77.5807052,"{'direction': '121', 'highway': 'street_lamp', 'lamp_mount': 'bent_mast', 'lamp_type': 'led', 'support': 'pole'}",10,0,0,4,0.46,,Bengaluru
street_lamp,13.0070138,77.580608,"{'direction': '121', 'highway': 'street_lamp', 'lamp_mount': 'bent_mast', 'lamp_type': 'sodium', 'support': 'pole'}",10,0,0,2,0.58,15th Cross Road,Bengaluru
street_lamp,13.0068489,77.5805038,"{'direction': '121', 'highway': 'street_lamp', 'lamp_mount': 'bent_mast', 'lamp_type': 'led', 'support': 'pole'}",10,0,0,3,0.52,15th Cross Road,Bengaluru
street_lamp,13.006591,77.5803438,"{'direction': '185', 'highway': 'street_lamp', 'lamp_mount': 'bent_mast', 'lamp_type': 'sodium', 'support': 'pole'}",10,0,0,4,0.46,4th Main Road,Bengaluru
street_lamp,13.0064378,77.5804349,"{'direction': '28', 'highway': 'street_lamp', 'lamp_mount': 'bent_mast', 'lamp_type': 'led', 'support': 'pole'}",10,0,0,1,0.64,,
street_lamp,13.0063076,77.5806574,"{'direction': '28', 'highway': 'street_lamp', 'lamp_mount': 'bent_mast', 'lamp_type': 'led', 'support': 'pole'}",10,0,0,0,0.7,,
street_lamp,13.0062424,77.5807725,"{'direction': '25', 'highway': 'street_lamp', 'lamp_mount': 'bent_mast', 'lamp_type': 'sodium', 'support': 'pole'}",10,0,0,2,0.58,16th Cross Road,Bengaluru
street_lamp,13.0015295,77.5508768,"{'highway': 'street_lamp', 'lamp_mount': 'pole', 'lamp_type': 'electric', 'support': 'pole'}",10,0,0,3,0.52,12th Cross Road,Bengaluru
street_lamp,13.0014809,77.5507061,"{'direction': '77', 'highway': 'street_lamp', 'lamp_mount': 'pole', 'lamp_type': 'LED', 'support': 'pole'}",10,0,0,4,0.46,19C Main Road,Bengaluru
street_lamp,13.0014287,77.5507211,"{'direction': '76', 'highway': 'street_lamp', 'lamp_mount': 'pole', 'lamp_type': 'electric', 'support': 'pole'}",10,0,0,1,0.64,19C Main Road,Bengaluru
street_lamp,13.0012089,77.5507529,"{'direction': '81', 'highway': 'street_lamp', 'lamp_mount': 'pole', 'lamp_type': 'electric', 'support': 'pole'}",10,0,0,1,0.64,19C Main Road,Bengaluru
street_lamp,13.0011862,77.5510331,"{'highway': 'street_lamp', 'lamp_mount': 'pole', 'lamp_type': 'electric', 'support': 'pole'}",10,0,0,0,0.7,19th B Main Road,Bengaluru
street_lamp,13.0010402,77.5510522,"{'highway': 'street_lamp', 'lamp_mount': 'pole', 'lamp_type': 'electric', 'support': 'pole'}",10,0,0,4,0.46,19th B Main Road,Bengaluru
street_lamp,13.0010549,77.5507862,"{'highway': 'street_lamp', 'lamp_mount': 'pole', 'lamp_type': 'electric', 'support': 'pole'}",10,0,0,4,0.46,19C Main Road,Bengaluru
street_lamp,13.0009482,77.5507988,"{'highway': 'street_lamp', 'lamp_mount': 'pole', 'lamp_type': 'led', 'support': 'pole'}",10,0,0,4,0.46,19C Main Road,Bengaluru
street_lamp,13.0008068,77.5508237,"{'highway': 'street_lamp', 'lamp_mount': 'pole', 'lamp_type': 'electric', 'support': 'pole'}",10,0,0,4,0.46,,Bengaluru
street_lamp,13.000639,77.5508471,"{'highway': 'street_lamp', 'lamp_mount': 'pole', 'lamp_type': 'electric', 'support': 'pole'}",10,0,0,1,0.64,19C Main Road,Bengaluru
street_lamp,13.0004155,77.5508857,"{'highway': 'street_lamp', 'lamp_mount': 'pole', 'lamp_type': 'electric', 'support': 'pole'}",10,0,0,2,0.58,19C Main Road,Bengaluru
street_lamp,13.0002744,77.5509089,"{'highway': 'street_lamp', 'lamp_mount': 'pole', 'lamp_type': 'LED', 'support': 'pole'}",10,0,0,0,0.7,19C Main Road,Bengaluru
street_lamp,13.0001564,77.5509332,"{'highway': 'street_lamp', 'lamp_mount': 'pole', 'lamp_type': 'electric', 'support': 'pole'}",10,0,0,0,0.7,19C Main Road,Bengaluru
street_lamp,12.9999377,77.5509693,"{'highway': 'street_lamp', 'lamp_mount': 'pole', 'lamp_type': 'electric', 'support': 'pole'}",10,0,0,4,0.46,19C Main Road,Bengaluru
street_lamp,12.9988482,77.550912,"{'highway': 'street_lamp', 'lamp_mount': 'bent_mast', 'lamp_type': 'electric', 'support': 'pole'}",10,0,0,1,0.64,17th Cross Road,Bengaluru
street_lamp,12.998871,77.5508238,"{'highway': 'street_lamp', 'lamp_mount': 'bent_mast', 'lamp_type': 'electric', 'support': 'pole'}",10,0,0,0,0.7,19th Main Road,Bengaluru
street_lamp,12.9991492,77.5507662,"{'highway': 'street_lamp', 'lamp_mount': 'bent_mast', 'lamp_type': 'electric', 'support': 'pole'}",10,0,0,3,0.52,16th Cross Road,Bengaluru
street_lamp,12.9988803,77.5509751,"{'highway': 'street_lamp', 'lamp_mount': 'bent_mast', 'lamp_type': 'LED', 'support': 'pole'}",10,0,0,0,0.7,17th Cross Road,Bengaluru
street_lamp,12.9989043,77.5511306,"{'highway': 'street_lamp', 'lamp_mount': 'bent_mast', 'lamp_type': 'electric', 'support': 'pole'}",10,0,0,0,0.7,17th Cross Road,Bengaluru
street_lamp,12.998962,77.5514242,"{'highway': 'street_lamp', 'lamp_mount': 'bent_mast', 'lamp_type': 'LED', 'support': 'pole'}",10,0,0,2,0.58,,Bengaluru
street_lamp,12.9990113,77.5516124,"{'highway': 'street_lamp', 'lamp_mount': 'bent_mast', 'lamp_type': 'LED', 'support': 'pole'}",10,0,0,2,0.58,17th Cross Road,Bengaluru
street_lamp,12.9990327,77.551768,"{'highway': 'street_lamp', 'lamp_mount': 'bent_mast', 'lamp_type': 'electric', 'support': 'pole'}",10,0,0,0,0.7,17th Cross Road,Bengaluru
street_lamp,12.9998424,77.5510211,"{'highway': 'street_lamp', 'lamp_mount': 'bent_mast', 'lamp_type': 'electric', 'support': 'pole'}",10,0,0,2,0.58,14th Cross Road,Bengaluru
street_lamp,12.9998838,77.5512215,"{'highway': 'street_lamp', 'lamp_mount': 'bent_mast', 'lamp_type': 'electric', 'support': 'pole'}",10,0,0,4,0.46,14th Cross Road,Bengaluru
street_lamp,12.9999894,77.5512303,"{'highway': 'street_lamp', 'lamp_mount': 'bent_mast', 'lamp_type': 'electric', 'support': 'pole'}",10,0,0,2,0.58,19C Main Road,Bengaluru
street_lamp,12.9999438,77.5515044,"{'highway': 'street_lamp', 'lamp_mount': 'bent_mast', 'lamp_type': 'electric', 'support': 'pole'}",10,0,0,0,0.7,14th Cross Road,Bengaluru
street_lamp,12.9999574,77.5516253,"{'highway': 'street_lamp', 'lamp_mount': 'bent_mast', 'lamp_type': 'electric', 'support': 'pole'}",10,0,0,4,0.46,14th Cross Road,Bengaluru
street_lamp,13.0000009,77.5518285,"{'highway': 'street_lamp', 'lamp_mount': 'bent_mast', 'lamp_type': 'electric', 'support': 'pole'}",10,0,0,4,0.46,14th Cross Road,Bengaluru
street_lamp,13.0000203,77.5519423,"{'highway': 'street_lamp', 'lamp_mount': 'bent_mast', 'lamp_type': 'electric', 'support': 'pole'}",10,0,0,3,0.52,14th Cross Road,Bengaluru
street_lamp,12.9999375,77.5519594,"{'highway': 'street_lamp', 'lamp_mount': 'bent_mast', 'lamp_type': 'electric', 'support': 'pole'}",10,0,0,4,0.46,15th Cross Road,Bengaluru
street_lamp,12.9997755,77.5519318,"{'highway': 'street_lamp', 'lamp_mount': 'bent_mast', 'lamp_type': 'electric', 'support': 'pole'}",10,0,0,0,0.7,12th Main Road,Bengaluru
street_lamp,12.9998188,77.5519985,"{'highway': 'street_lamp', 'lamp_mount': 'bent_mast', 'lamp_type': 'LED', 'support': 'pole'}",10,0,0,0,0.7,15th Cross Road,Bengaluru
street_lamp,12.9994705,77.5519229,"{'highway': 'street_lamp', 'lamp_mount': 'bent_mast', 'lamp_type': 'electric', 'support': 'pole'}",10,0,0,0,0.7,16th Cross Road,Bengaluru
street_lamp,12.9992643,77.5519323,"{'highway': 'street_lamp', 'lamp_mount': 'bent_mast', 'lamp_type': 'LED', 'support': 'pole'}",10,0,0,1,0.64,17th Cross Road,Bengaluru
street_lamp,12.9990668,77.5519509,"{'highway': 'street_lamp', 'lamp_mount': 'bent_mast', 'lamp_type': 'electric', 'support': 'pole'}",10,0,0,3,0.52,,Bengaluru
street_lamp,12.9987628,77.5520353,"{'highway': 'street_lamp', 'lamp_mount': 'bent_mast', 'lamp_type': 'LED', 'support': 'pole'}",10,0,0,1,0.64,18th Cross Road,Bengaluru
street_lamp,12.9986636,77.5520786,"{'highway': 'street_lamp', 'lamp_mount': 'bent_mast', 'lamp_type': 'electric', 'support': 'pole'}",10,0,0,4,0.46,18th Cross Road,Bengaluru
street_lamp,12.9984443,77.552225,"{'highway': 'street_lamp', 'lamp_mount': 'bent_mast', 'lamp_type': 'electric', 'support': 'pole'}",10,0,0,4,0.46,,
street_lamp,12.9983991,77.5521557,"{'highway': 'street_lamp', 'lamp_mount': 'bent_mast', 'lamp_type': 'LED', 'support': 'pole'}",10,0,0,3,0.52,19th Cross Road,Bengaluru
street_lamp,12.9979784,77.5525041,"{'highway': 'street_lamp', 'lamp_mount': 'bent_mast', 'lamp_type': 'LED', 'support': 'pole'}",10,0,0,2,0.58,14th Main Road,Bengaluru
street_lamp,12.9982058,77.5524071,"{'highway': 'street_lamp', 'lamp_mount': 'bent_mast', 'lamp_type': 'LED', 'support': 'pole'}",10,0,0,0,0.7,,
street_lamp,12.9981143,77.552129,"{'highway': 'street_lamp', 'lamp_mount': 'bent_mast', 'lamp_type': 'LED', 'support': 'pole'}",10,0,0,1,0.64,Mahakavi Kuvempu Road,Bengaluru
street_lamp,12.99792,77.5520724,"{'highway': 'street_lamp', 'lamp_mount': 'bent_mast', 'lamp_type': 'LED', 'support': 'pole'}",10,0,0,1,0.64,,
street_lamp,12.9980904,77.5519334,"{'highway': 'street_lamp', 'lamp_mount': 'bent_mast', 'lamp_type': 'LED', 'support': 'pole'}",10,0,0,4,0.46,,
street_lamp,12.9978517,77.5517911,"{'highway': 'street_lamp', 'lamp_mount': 'bent_mast', 'lamp_type': 'LED', 'support': 'pole'}",10,0,0,3,0.52,,
street_lamp,12.9980208,77.5516758,"{'highway': 'street_lamp', 'lamp_mount': 'bent_mast', 'lamp_type': 'LED', 'support': 'pole'}",10,0,0,0,0.7,Mahakavi Kuvempu Road,Bengaluru
street_lamp,12.9979793,77.5515014,"{'highway': 'street_lamp', 'lamp_mount': 'bent_mast', 'lamp_type': 'LED', 'support': 'pole'}",10,0,0,4,0.46,Mahakavi Kuvempu Road,Bengaluru
street_lamp,13.001891,77.5509184,"{'highway': 'street_lamp', 'lamp_mount': 'bent_mast', 'lamp_type': 'LED', 'support': 'pole'}",10,0,0,1,0.64,K B Venkatesh Road,Bengaluru
street_lamp,13.0018128,77.5509885,"{'highway': 'street_lamp', 'lamp_mount': 'bent_mast', 'lamp_type': 'LED', 'support': 'pole'}",10,0,0,1,0.64,K B Venkatesh Road,Bengaluru
street_lamp,13.0018871,77.5513389,"{'highway': 'street_lamp', 'lamp_mount': 'bent_mast', 'lamp_type': 'LED', 'support': 'pole'}",10,0,0,3,0.52,K B Venkatesh Road,Bengaluru
street_lamp,13.0019346,77.5515607,"{'highway': 'street_lamp', 'lamp_mount': 'bent_mast', 'lamp_type': 'LED', 'support': 'pole'}",10,0,0,2,0.58,K B Venkatesh Road,Bengaluru
street_lamp,13.0020605,77.5516508,"{'highway': 'street_lamp', 'lamp_mount': 'bent_mast', 'lamp_type': 'LED', 'support': 'pole'}",10,0,0,4,0.46,,Bengaluru
street_lamp,13.0019913,77.5516733,"{'highway': 'street_lamp', 'lamp_mount': 'bent_mast', 'lamp_type': 'electric', 'support': 'pole'}",10,0,0,0,0.7,,Bengaluru
street_lamp,13.0019972,77.5518164,"{'highway': 'street_lamp', 'lamp_mount': 'bent_mast', 'lamp_type': 'LED', 'support': 'pole'}",10,0,0,4,0.46,,Bengaluru
street_lamp,13.0020139,77.5518934,"{'highway': 'street_lamp', 'lamp_mount': 'pole', 'lamp_type': 'LED', 'support': 'pole'}",10,0,0,3,0.52,K B Venkatesh Road,Bengaluru
street_lamp,13.0020364,77.5520028,"{'highway': 'street_lamp', 'lamp_mount': 'bent_mast', 'lamp_type': 'electric', 'support': 'pole'}",10,0,0,3,0.52,K B Venkatesh Road,Bengaluru
street_lamp,13.0021394,77.5520239,"{'highway': 'street_lamp', 'lamp_mount': 'bent_mast', 'lamp_type': 'electric', 'support': 'pole'}",10,0,0,0,0.7,,
street_lamp,13.0020946,77.5522377,"{'highway': 'street_lamp', 'lamp_mount': 'bent_mast', 'lamp_type': 'electric', 'support': 'pole'}",10,0,0,0,0.7,K B Venkatesh Road,Bengaluru
street_lamp,12.999414,77.5517657,"{'highway': 'street_lamp', 'lamp_mount': 'bent_mast', 'lamp_type': 'electric', 'support': 'pole'}",10,0,0,4,0.46,16th Cross Road,Bengaluru
street_lamp,12.999383,77.5516222,"{'highway': 'street_lamp', 'lamp_mount': 'bent_mast', 'lamp_type': 'LED', 'support': 'pole'}",10,0,0,2,0.58,16th Cross Road,Bengaluru
street_lamp,12.9993326,77.5513771,"{'highway': 'street_lamp', 'lamp_mount': 'bent_mast', 'lamp_type': 'LED', 'support': 'pole'}",10,0,0,0,0.7,,Bengaluru
street_lamp,12.9993038,77.5512308,"{'highway': 'street_lamp', 'lamp_mount': 'bent_mast', 'lamp_type': 'electric', 'support': 'pole'}",10,0,0,4,0.46,16th Cross Road,Bengaluru
street_lamp,12.9992659,77.5510726,"{'highway': 'street_lamp', 'lamp_mount': 'bent_mast', 'lamp_type': 'LED', 'support': 'pole'}",10,0,0,1,0.64,16th Cross Road,Bengaluru
street_lamp,12.9992213,77.5507546,"{'highway': 'street_lamp', 'lamp_mount': 'bent_mast', 'lamp_type': 'electric', 'support': 'pole'}",10,0,0,3,0.52,,
street_lamp,12.9994277,77.5507092,"{'highway': 'street_lamp', 'lamp_mount': 'bent_mast', 'lamp_type': 'LED', 'support': 'pole'}",10,0,0,3,0.52,,
street_lamp,12.999529,77.5507832,"{'highway': 'street_lamp', 'lamp_mount': 'bent_mast', 'lamp_type': 'LED', 'support': 'pole'}",10,0,0,1,0.64,15th Cross Road,Bengaluru
street_lamp,12.9995566,77.5509367,"{'highway': 'street_lamp', 'lamp_mount': 'bent_mast', 'lamp_type': 'LED', 'support': 'pole'}",10,0,0,3,0.52,15th Cross Road,Bengaluru
street_lamp,12.9995769,77.5510826,"{'highway': 'street_lamp', 'lamp_mount': 'bent_mast', 'lamp_type': 'LED', 'support': 'pole'}",10,0,0,1,0.64,15th Cross Road,Bengaluru
street_lamp,12.9996077,77.551219,"{'highway': 'street_lamp', 'lamp_mount': 'bent_mast', 'lamp_type': 'LED', 'support': 'pole'}",10,0,0,3,0.52,,
street_lamp,12.9996378,77.5513835,"{'highway': 'street_lamp', 'lamp_mount': 'bent_mast', 'lamp_type': 'LED', 'support': 'pole'}",10,0,0,4,0.46,,
street_lamp,12.9996802,77.5515625,"{'highway': 'street_lamp', 'lamp_mount': 'bent_mast', 'lamp_type': 'LED', 'support': 'pole'}",10,0,0,2,0.58,15th Cross Road,Bengaluru
street_lamp,12.9997302,77.5517462,"{'highway': 'street_lamp', 'lamp_mount': 'bent_mast', 'lamp_type': 'LED', 'support': 'pole'}",10,0,0,3,0.52,,
street_lamp,12.9998936,77.5505978,"{'highway': 'street_lamp', 'lamp_mount': 'bent_mast', 'lamp_type': 'electric', 'support': 'pole'}",10,0,0,4,0.46,,
street_lamp,12.9998013,77.5508127,"{'highway': 'street_lamp', 'lamp_mount': 'bent_mast', 'lamp_type': 'LED', 'support': 'pole'}",10,0,0,1,0.64,14th Cross Road,Bengaluru
street_lamp,13.0000868,77.5505736,"{'highway': 'street_lamp', 'lamp_mount': 'bent_mast', 'lamp_type': 'electric', 'support': 'pole'}",10,0,0,1,0.64,,Bengaluru
street_lamp,13.0001337,77.5506643,"{'highway': 'street_lamp', 'lamp_mount': 'bent_mast', 'lamp_type': 'LED', 'support': 'pole'}",10,0,0,0,0.7,19th Main Road,Bengaluru
street_lamp,12.9977782,77.5514155,"{'highway': 'street_lamp', 'lamp_mount': 'bent_mast', 'lamp_type': 'LED', 'support': 'pole'}",10,0,0,2,0.58,,
street_lamp,12.9979389,77.5513475,"{'highway': 'street_lamp', 'lamp_mount': 'bent_mast', 'lamp_type': 'LED', 'support': 'pole'}",10,0,0,0,0.7,Mahakavi Kuvempu Road,Bengaluru
street_lamp,12.9979093,77.5511368,"{'highway': 'street_lamp', 'lamp_mount': 'bent_mast', 'lamp_type': 'LED', 'support': 'pole'}",10,0,0,0,0.7,,Bengaluru
street_lamp,12.9979946,77.551079,"{'highway': 'street_lamp', 'lamp_mount': 'bent_mast', 'lamp_type': 'electric', 'support': 'pole'}",10,0,0,4,0.46,,
street_lamp,12.9981174,77.5510458,"{'highway': 'street_lamp', 'lamp_mount': 'bent_mast', 'lamp_type': 'electric', 'support': 'pole'}",10,0,0,4,0.46,,
street_lamp,12.99813,77.5509722,"{'highway': 'street_lamp', 'lamp_mount': 'bent_mast', 'lamp_type': 'electric', 'support': 'pole'}",10,0,0,0,0.7,,
street_lamp,12.9981477,77.5511193,"{'highway': 'street_lamp', 'lamp_mount': 'bent_mast', 'lamp_type': 'electric', 'support': 'pole'}",10,0,0,0,0.7,,
street_lamp,12.9981882,77.5512911,"{'highway': 'street_lamp', 'lamp_mount': 'bent_mast', 'lamp_type': 'LED', 'support': 'pole'}",10,0,0,2,0.58,19th Cross Road,Bengaluru
street_lamp,12.9982346,77.5515095,"{'highway': 'street_lamp', 'lamp_mount': 'bent_mast', 'lamp_type': 'electric', 'support': 'pole'}",10,0,0,0,0.7,,
street_lamp,12.9983118,77.5518406,"{'highway': 'street_lamp', 'lamp_mount': 'bent_mast', 'lamp_type': 'electric', 'support': 'pole'}",10,0,0,3,0.52,,
street_lamp,12.9984363,77.5509936,"{'highway': 'street_lamp', 'lamp_mount': 'bent_mast', 'lamp_type': 'led', 'support': 'pole'}",10,0,0,4,0.46,,
street_lamp,12.9985508,77.5508713,"{'highway': 'street_lamp', 'lamp_mount': 'bent_mast', 'lamp_type': 'electric', 'support': 'pole'}",10,0,0,4,0.46,,
street_lamp,12.9984994,77.5512161,"{'highway': 'street_lamp', 'lamp_mount': 'bent_mast', 'lamp_type': 'LED', 'support': 'pole'}",10,0,0,4,0.46,,
street_lamp,12.9985251,77.5513883,"{'highway': 'street_lamp', 'lamp_mount': 'bent_mast', 'lamp_type': 'LED', 'support': 'pole'}",10,0,0,4,0.46,,
street_lamp,12.9985801,77.5516054,"{'highway': 'street_lamp', 'lamp_mount': 'bent_mast', 'lamp_type': 'electric', 'support': 'pole'}",10,0,0,4,0.46,18th Cross Road,Bengaluru
street_lamp,12.9986168,77.5517891,"{'highway': 'street_lamp', 'lamp_mount': 'bent_mast', 'lamp_type': 'LED', 'support': 'pole'}",10,0,0,3,0.52,,
street_lamp,13.0017015,77.5517057,"{'highway': 'street_lamp', 'lamp_mount': 'bent_mast', 'lamp_type': 'electric', 'support': 'pole'}",10,0,0,1,0.64,,
street_lamp,13.0016597,77.5514946,"{'highway': 'street_lamp', 'lamp_mount': 'bent_mast', 'lamp_type': 'electric', 'support': 'pole'}",10,0,0,2,0.58,,
street_lamp,13.0016236,77.551327,"{'highway': 'street_lamp', 'lamp_mount': 'bent_mast', 'lamp_type': 'electric', 'support': 'pole'}",10,0,0,4,0.46,,
street_lamp,13.0015934,77.5511559,"{'highway': 'street_lamp', 'lamp_mount': 'bent_mast', 'lamp_type': 'electric', 'support': 'pole'}",10,0,0,4,0.46,,
street_lamp,13.0015585,77.5510062,"{'highway': 'street_lamp', 'lamp_mount': 'bent_mast', 'lamp_type': 'electric', 'support': 'pole'}",10,0,0,0,0.7,,
street_lamp,13.0003686,77.5502206,"{'highway': 'street_lamp', 'lamp_mount': 'bent_mast', 'lamp_type': 'electric', 'support': 'pole'}",10,0,0,0,0.7,,
street_lamp,13.0005412,77.5505704,"{'highway': 'street_lamp', 'lamp_mount': 'bent_mast', 'lamp_type': 'LED', 'support': 'pole'}",10,0,0,2,0.58,,
street_lamp,13.0007064,77.5504634,"{'highway': 'street_lamp', 'lamp_mount': 'bent_mast', 'lamp_type': 'electric', 'support': 'pole'}",10,0,0,1,0.64,,
street_lamp,13.0007836,77.550531,"{'highway': 'street_lamp', 'lamp_mount': 'bent_mast', 'lamp_type': 'LED', 'support': 'pole'}",10,0,0,4,0.46,,
street_lamp,13.0008647,77.5504306,"{'highway': 'street_lamp', 'lamp_mount': 'bent_mast', 'lamp_type': 'LED', 'support': 'pole'}",10,0,0,4,0.46,,
street_lamp,13.001055,77.5503992,"{'highway': 'street_lamp', 'lamp_mount': 'bent_mast', 'lamp_type': 'electric', 'support': 'pole'}",10,0,0,1,0.64,,
street_lamp,13.0011868,77.5504618,"{'highway': 'street_lamp', 'lamp_mount': 'bent_mast', 'lamp_type': 'LED', 'support': 'pole'}",10,0,0,3,0.52,,
street_lamp,13.0013078,77.5503697,"{'highway': 'street_lamp', 'lamp_mount': 'bent_mast', 'lamp_type': 'electric', 'support': 'pole'}",10,0,0,4,0.46,,
street_lamp,13.0018735,77.5502653,"{'highway': 'street_lamp', 'lamp_mount': 'bent_mast', 'lamp_type': 'LED', 'support': 'pole'}",10,0,0,3,0.52,,
street_lamp,13.0016781,77.5504181,"{'highway': 'street_lamp', 'lamp_mount': 'bent_mast', 'lamp_type': 'LED', 'support': 'pole'}",10,0,0,4,0.46,,
street_lamp,13.0017451,77.5518549,"{'highway': 'street_lamp', 'lamp_mount': 'bent_mast', 'lamp_type': 'LED', 'support': 'pole'}",10,0,0,4,0.46,,
street_lamp,13.0017861,77.5520398,"{'highway': 'street_lamp', 'lamp_mount': 'bent_mast', 'lamp_type': 'LED', 'support': 'pole'}",10,0,0,3,0.52,,
street_lamp,13.0018251,77.5522231,"{'highway': 'street_lamp', 'lamp_mount': 'bent_mast', 'lamp_type': 'LED', 'support': 'pole'}",10,0,0,2,0.58,,
street_lamp,13.0018783,77.5524445,"{'highway': 'street_lamp', 'lamp_mount': 'bent_mast', 'lamp_type': 'LED', 'support': 'pole'}",10,0,0,3,0.52,K B Venkatesh Road,Bengaluru
street_lamp,13.0015687,77.5518671,"{'highway': 'street_lamp', 'lamp_mount': 'bent_mast', 'lamp_type': 'LED', 'support': 'pole'}",10,0,0,4,0.46,,
street_lamp,13.0013858,77.5518585,"{'highway': 'street_lamp', 'lamp_mount': 'bent_mast', 'lamp_type': 'LED', 'support': 'pole'}",10,0,0,3,0.52,,
street_lamp,13.0011608,77.5518496,"{'highway': 'street_lamp', 'lamp_mount': 'bent_mast', 'lamp_type': 'LED', 'support': 'pole'}",10,0,0,2,0.58,,
street_lamp,13.0009244,77.5518671,"{'highway': 'street_lamp', 'lamp_mount': 'bent_mast', 'lamp_type': 'electric', 'support': 'pole'}",10,0,0,1,0.64,,
street_lamp,13.0006222,77.5525341,"{'highway': 'street_lamp', 'lamp_mount': 'bent_mast', 'lamp_type': 'LED', 'support': 'pole'}",10,0,0,1,0.64,,
street_lamp,13.000642,77.5524289,"{'highway': 'street_lamp', 'lamp_mount': 'bent_mast', 'lamp_type': 'LED', 'support': 'pole'}",10,0,0,3,0.52,,Bengaluru
street_lamp,13.0006516,77.552286,"{'highway': 'street_lamp', 'lamp_mount': 'bent_mast', 'lamp_type': 'LED', 'support': 'pole'}",10,0,0,1,0.64,,Bengaluru
street_lamp,13.0006484,77.5521127,"{'highway': 'street_lamp', 'lamp_mount': 'bent_mast', 'lamp_type': 'LED', 'support': 'pole'}",10,0,0,1,0.64,19th B Main Road,Bengaluru
street_lamp,13.0002469,77.5525015,"{'direction': '111', 'highway': 'street_lamp', 'lamp_mount': 'bent_mast', 'lamp_type': 'LED', 'support': 'pole'}",10,0,0,1,0.64,Dr. Rajkumar Road,Bengaluru
street_lamp,13.0001532,77.5525245,"{'direction': '4', 'highway': 'street_lamp', 'lamp_mount': 'bent_mast', 'lamp_type': 'electric', 'support': 'pole'}",10,0,0,3,0.52,Dr. Rajkumar Road,Bengaluru
street_lamp,13.0001352,77.5527035,"{'highway': 'street_lamp', 'lamp_mount': 'straight_mast', 'lamp_type': 'LED', 'support': 'pole'}",10,0,0,2,0.58,Dr. Rajkumar Road,Bengaluru
street_lamp,13.0020752,77.5503251,"{'direction': '356', 'highway': 'street_lamp', 'lamp_mount': 'bent_mast', 'lamp_type': 'LED', 'support': 'pole'}",10,0,0,1,0.64,10th B Cross Road,Bengaluru
street_lamp,13.002144,77.5502208,"{'direction': '80', 'highway': 'street_lamp', 'lamp_mount': 'bent_mast', 'lamp_type': 'electric', 'support': 'pole'}",10,0,0,2,0.58,10th B Cross Road,Bengaluru
street_lamp,13.0020989,77.5504434,"{'highway': 'street_lamp', 'lamp_mount': 'bent_mast', 'lamp_type': 'LED', 'support': 'pole'}",10,0,0,3,0.52,10th B Cross Road,Bengaluru
street_lamp,13.0021408,77.5506392,"{'highway': 'street_lamp', 'lamp_mount': 'bent_mast', 'lamp_type': 'LED', 'support': 'pole'}",10,0,0,2,0.58,K B Venkatesh Road,Bengaluru
street_lamp,13.0022515,77.5506428,"{'highway': 'street_lamp', 'lamp_mount': 'bent_mast', 'lamp_type': 'LED', 'support': 'pole'}",10,0,0,3,0.52,10th B Cross Road,Bengaluru
street_lamp,13.0021561,77.5507366,"{'highway': 'street_lamp', 'lamp_mount': 'bent_mast', 'lamp_type': 'LED', 'support': 'pole'}",10,0,0,4,0.46,,Bengaluru
street_lamp,13.0021849,77.5508914,"{'highway': 'street_lamp', 'lamp_mount': 'bent_mast', 'lamp_type': 'LED', 'support': 'pole'}",10,0,0,3,0.52,,Bengaluru
street_lamp,13.0031453,77.5523453,"{'highway': 'street_lamp', 'lamp_mount': 'bent_mast', 'lamp_type': 'LED', 'support': 'pole'}",10,0,0,0,0.7,,Bengaluru
street_lamp,13.0033265,77.5523172,"{'highway': 'street_lamp', 'lamp_mount': 'bent_mast', 'lamp_type': 'LED', 'support': 'pole'}",10,0,0,4,0.46,,Bengaluru
street_lamp,13.0032864,77.552602,"{'highway': 'street_lamp', 'lamp_mount': 'bent_mast', 'lamp_type': 'electric', 'support': 'pole'}",10,0,0,1,0.64,,
street_lamp,13.0036126,77.5522903,"{'highway': 'street_lamp', 'lamp_mount': 'bent_mast', 'lamp_type': 'LED', 'support': 'pole'}",10,0,0,4,0.46,,Bengaluru
street_lamp,13.0029391,77.5523614,"{'highway': 'street_lamp', 'lamp_mount': 'bent_mast', 'lamp_type': 'electric', 'support': 'pole'}",10,0,0,3,0.52,,
street_lamp,13.0027929,77.5523787,"{'highway': 'street_lamp', 'lamp_mount': 'bent_mast', 'lamp_type': 'LED', 'support': 'pole'}",10,0,0,4,0.46,19th H Main Road,Bengaluru
street_lamp,13.0026103,77.5524018,"{'highway': 'street_lamp', 'lamp_mount': 'bent_mast', 'lamp_type': 'electric', 'support': 'pole'}",10,0,0,4,0.46,19th H Main Road,Bengaluru
street_lamp,13.0024534,77.5524199,"{'highway': 'street_lamp', 'lamp_mount': 'bent_mast', 'lamp_type': 'LED', 'support': 'pole'}",10,0,0,0,0.7,,
street_lamp,13.0022419,77.5524694,"{'highway': 'street_lamp', 'lamp_mount': 'bent_mast', 'lamp_type': 'LED', 'support': 'pole'}",10,0,0,1,0.64,19th H Main Road,Bengaluru
street_lamp,13.0025714,77.5525088,"{'highway': 'street_lamp', 'lamp_mount': 'bent_mast', 'lamp_type': 'LED', 'support': 'pole'}",10,0,0,1,0.64,19th H Main Road,Bengaluru
street_lamp,13.0030002,77.552602,"{'highway': 'street_lamp', 'lamp_mount': 'bent_mast', 'lamp_type': 'electric', 'support': 'pole'}",10,0,0,3,0.52,,
street_lamp,13.002313,77.5509469,"{'highway': 'street_lamp', 'lamp_mount': 'bent_mast', 'lamp_type': 'LED', 'support': 'pole'}",10,0,0,1,0.64,,
street_lamp,13.0021982,77.5509925,"{'highway': 'street_lamp', 'lamp_mount': 'bent_mast', 'lamp_type': 'LED', 'support': 'pole'}",10,0,0,4,0.46,,Bengaluru
street_lamp,13.0022303,77.5511306,"{'highway': 'street_lamp', 'lamp_mount': 'bent_mast', 'lamp_type': 'LED', 'support': 'pole'}",10,0,0,2,0.58,,
street_lamp,13.0022442,77.5512128,"{'highway': 'street_lamp', 'lamp_mount': 'bent_mast', 'lamp_type': 'LED', 'support': 'pole'}",10,0,0,2,0.58,,Bengaluru
street_lamp,13.0022635,77.5512715,"{'highway': 'street_lamp', 'lamp_mount': 'bent_mast', 'lamp_type': 'LED', 'support': 'pole'}",10,0,0,2,0.58,,Bengaluru
street_lamp,13.0024,77.5512446,"{'highway': 'street_lamp', 'lamp_mount': 'bent_mast', 'lamp_type': 'LED', 'support': 'pole'}",10,0,0,4,0.46,,
street_lamp,13.002276,77.5513535,"{'highway': 'street_lamp', 'lamp_mount': 'bent_mast', 'lamp_type': 'LED', 'support': 'pole'}",10,0,0,3,0.52,,
street_lamp,13.0023016,77.551449,"{'highway': 'street_lamp', 'lamp_mount': 'bent_mast', 'lamp_type': 'LED', 'support': 'pole'}",10,0,0,0,0.7,,
street_lamp,13.0023383,77.551591,"{'direction': '252', 'highway': 'street_lamp', 'lamp_mount': 'bent_mast', 'lamp_type': 'LED', 'support': 'pole'}",10,0,0,3,0.52,,
street_lamp,13.0024169,77.5515811,"{'highway': 'street_lamp', 'lamp_mount': 'bent_mast', 'lamp_type': 'LED', 'support': 'pole'}",10,0,0,0,0.7,,
street_lamp,13.002529,77.551563,"{'highway': 'street_lamp', 'lamp_mount': 'bent_mast', 'lamp_type': 'LED', 'support': 'pole'}",10,0,0,4,0.46,,Bengaluru
street_lamp,13.0028218,77.5515207,"{'highway': 'street_lamp', 'lamp_mount': 'bent_mast', 'lamp_type': 'electric', 'support': 'pole'}",10,0,0,1,0.64,,Bengaluru
street_lamp,13.0031279,77.5514788,"{'direction': '226', 'highway': 'street_lamp', 'lamp_mount': 'bent_mast', 'lamp_type': 'LED', 'support': 'pole'}",10,0,0,3,0.52,,Bengaluru
street_lamp,13.0031957,77.551474,"{'direction': '235', 'highway': 'street_lamp', 'lamp_mount': 'bent_mast', 'lamp_type': 'LED', 'support': 'pole'}",10,0,0,2,0.58,,Bengaluru
street_lamp,13.0031574,77.5516495,"{'highway': 'street_lamp', 'lamp_mount': 'bent_mast', 'lamp_type': 'LED', 'support': 'pole'}",10,0,0,0,0.7,10th A Cross Road,Bengaluru
street_lamp,13.0031872,77.5518768,"{'highway': 'street_lamp', 'lamp_mount': 'bent_mast', 'lamp_type': 'LED', 'support': 'pole'}",10,0,0,3,0.52,,
street_lamp,13.0034859,77.551841,"{'highway': 'street_lamp', 'lamp_mount': 'bent_mast', 'lamp_type': 'LED', 'support': 'pole'}",10,0,0,4,0.46,,
street_lamp,13.0032407,77.5521126,"{'highway': 'street_lamp', 'lamp_mount': 'bent_mast', 'lamp_type': 'LED', 'support': 'pole'}",10,0,0,0,0.7,,
street_lamp,13.0029846,77.551905,"{'highway': 'street_lamp', 'lamp_mount': 'bent_mast', 'lamp_type': 'electric', 'support': 'pole'}",10,0,0,2,0.58,,
street_lamp,13.0026644,77.5519238,"{'highway': 'street_lamp', 'lamp_mount': 'bent_mast', 'lamp_type': 'electric', 'support': 'pole'}",10,0,0,1,0.64,,Bengaluru
street_lamp,13.0036797,77.5518194,"{'highway': 'street_lamp', 'lamp_mount': 'bent_mast', 'lamp_type': 'electric', 'support': 'pole'}",10,0,0,1,0.64,Vidhya Vardhaka Sangha Road,Bengaluru
street_lamp,13.0038873,77.5517833,"{'highway': 'street_lamp', 'lamp_mount': 'bent_mast', 'lamp_type': 'LED', 'support': 'pole'}",10,0,0,2,0.58,Vidhya Vardhaka Sangha Road,Bengaluru
street_lamp,13.0027954,77.5525441,"{'highway': 'street_lamp', 'lamp_mount': 'bent_mast', 'lamp_type': 'electric', 'support': 'pole'}",10,0,0,3,0.52,10A Crossroad,bangalore
street_lamp,13.0035799,77.5527189,"{'highway': 'street_lamp', 'lamp_mount': 'bent_mast', 'lamp_type': 'LED', 'support': 'pole'}",10,0,0,3,0.52,,
street_lamp,13.0037535,77.5527608,"{'highway': 'street_lamp', 'lamp_mount': 'bent_mast', 'lamp_type': 'electric', 'support': 'pole'}",10,0,0,1,0.64,1st B Main Road,Bengaluru
street_lamp,13.0038663,77.5527909,"{'highway': 'street_lamp', 'lamp_mount': 'bent_mast', 'lamp_type': 'electric', 'support': 'pole'}",10,0,0,3,0.52,1st B Main Road,Bengaluru
street_lamp,13.0040946,77.5528376,"{'highway': 'street_lamp', 'lamp_mount': 'bent_mast', 'lamp_type': 'LED', 'support': 'pole'}",10,0,0,1,0.64,1st B Main Road,Bengaluru
street_lamp,13.0042327,77.5528404,"{'direction': '6', 'highway': 'street_lamp', 'lamp_mount': 'bent_mast', 'lamp_type': 'electric', 'support': 'pole'}",10,0,0,1,0.64,1st B Main Road,Bengaluru
street_lamp,13.0042806,77.5532178,"{'direction': '357', 'highway': 'street_lamp', 'lamp_mount': 'bent_mast', 'lamp_type': 'electric', 'support': 'pole'}",10,0,0,1,0.64,"Ground Floor, 1st & 2nd Shop, Dr Rajkumar Road, 1st 'N' Block, Rajajinagar, 1st Block, Rajaji Nagar",bangalore
street_lamp,13.0041422,77.55318,"{'highway': 'street_lamp', 'lamp_mount': 'bent_mast', 'lamp_type': 'electric', 'support': 'pole'}",10,0,0,3,0.52,,
street_lamp,13.0040304,77.5531625,"{'highway': 'street_lamp', 'lamp_mount': 'bent_mast', 'lamp_type': 'LED', 'support': 'pole'}",10,0,0,4,0.46,"Ground Floor, 1st & 2nd Shop, Dr Rajkumar Road, 1st 'N' Block, Rajajinagar, 1st Block, Rajaji Nagar",bangalore
street_lamp,13.0037424,77.5530859,"{'highway': 'street_lamp', 'lamp_mount': 'bent_mast', 'lamp_type': 'LED', 'support': 'pole'}",10,0,0,4,0.46,Dr. Rajkumar Road,Bengaluru
street_lamp,13.0034744,77.5530221,"{'highway': 'street_lamp', 'lamp_mount': 'bent_mast', 'lamp_type': 'electric', 'support': 'pole'}",10,0,0,4,0.46,,Bengaluru
street_lamp,13.0032908,77.5529684,"{'highway': 'street_lamp', 'lamp_mount': 'bent_mast', 'lamp_type': 'LED', 'support': 'pole'}",10,0,0,0,0.7,,
street_lamp,13.0031215,77.5533758,"{'highway': 'street_lamp', 'lamp_mount': 'bent_mast', 'lamp_type': 'electric', 'support': 'pole'}",10,0,0,0,0.7,Dr. Rajkumar Road,Bengaluru
street_lamp,13.0030685,77.5529138,"{'highway': 'street_lamp', 'lamp_mount': 'bent_mast', 'lamp_type': 'electric', 'support': 'pole'}",10,0,0,0,0.7,,Bengaluru
street_lamp,13.0028735,77.5528555,"{'highway': 'street_lamp', 'lamp_mount': 'bent_mast', 'lamp_type': 'LED', 'support': 'pole'}",10,0,0,0,0.7,10A Crossroad,bangalore
street_lamp,13.0027112,77.5528145,"{'highway': 'street_lamp', 'lamp_mount': 'bent_mast', 'lamp_type': 'electric', 'support': 'pole'}",10,0,0,1,0.64,10A Crossroad,bangalore
street_lamp,13.0025287,77.5527735,"{'highway': 'street_lamp', 'lamp_mount': 'bent_mast', 'lamp_type': 'LED', 'support': 'pole'}",10,0,0,1,0.64,1A Main Road,Bengaluru
street_lamp,13.002394,77.552743,"{'highway': 'street_lamp', 'lamp_mount': 'bent_mast', 'lamp_type': 'LED', 'support': 'pole'}",10,0,0,4,0.46,,
street_lamp,13.0022018,77.5527309,"{'highway': 'street_lamp', 'lamp_mount': 'bent_mast', 'lamp_type': 'electric', 'support': 'pole'}",10,0,0,1,0.64,K B Venkatesh Road,Bengaluru
street_lamp,13.0021552,77.5525446,"{'highway': 'street_lamp', 'lamp_mount': 'bent_mast', 'lamp_type': 'electric', 'support': 'pole'}",10,0,0,4,0.46,K B Venkatesh Road,Bengaluru
street_lamp,13.0022424,77.5525815,"{'highway': 'street_lamp', 'lamp_mount': 'bent_mast', 'lamp_type': 'LED', 'support': 'pole'}",10,0,0,1,0.64,19th H Main Road,Bengaluru
street_lamp,13.0023312,77.5529563,"{'highway': 'street_lamp', 'lamp_mount': 'bent_mast', 'lamp_type': 'electric', 'support': 'pole'}",10,0,0,1,0.64,K B Venkatesh Road,Bengaluru
street_lamp,13.0023909,77.55317,"{'direction': '131', 'highway': 'street_lamp', 'lamp_mount': 'bent_mast', 'lamp_type': 'electric', 'support': 'pole'}",10,0,0,4,0.46,,Bengaluru
street_lamp,13.0019405,77.553139,"{'highway': 'street_lamp', 'lamp_mount': 'bent_mast', 'lamp_type': 'electric', 'support': 'pole'}",10,0,0,0,0.7,12th Cross Road,Bengaluru
street_lamp,13.0024074,77.5533904,"{'highway': 'street_lamp', 'lamp_mount': 'bent_mast', 'lamp_type': 'electric', 'support': 'pole'}",10,0,0,1,0.64,,Bengaluru
street_lamp,13.0018343,77.5535109,"{'highway': 'street_lamp', 'lamp_mount': 'bent_mast', 'lamp_type': 'LED', 'support': 'pole'}",10,0,0,2,0.58,,Bengaluru
street_lamp,13.0018276,77.5536029,"{'highway': 'street_lamp', 'lamp_mount': 'bent_mast', 'lamp_type': 'LED', 'support': 'pole'}",10,0,0,1,0.64,,Bengaluru
street_lamp,13.0018139,77.5536629,"{'highway': 'street_lamp', 'lamp_mount': 'bent_mast', 'lamp_type': 'LED', 'support': 'pole'}",10,0,0,1,0.64,,Bengaluru
street_lamp,13.0017809,77.5537899,"{'highway': 'street_lamp', 'lamp_mount': 'bent_mast', 'lamp_type': 'LED', 'support': 'pole'}",10,0,0,3,0.52,,Bengaluru
street_lamp,13.0017476,77.5539432,"{'highway': 'street_lamp', 'lamp_mount': 'bent_mast', 'lamp_type': 'LED', 'support': 'pole'}",10,0,0,0,0.7,,Bengaluru
street_lamp,13.0019251,77.5530394,"{'highway': 'street_lamp', 'lamp_mount': 'bent_mast', 'lamp_type': 'LED', 'support': 'pole'}",10,0,0,2,0.58,12th Cross Road,Bengaluru
street_lamp,13.0019216,77.5529042,"{'highway': 'street_lamp', 'lamp_mount': 'bent_mast', 'lamp_type': 'LED', 'support': 'pole'}",10,0,0,4,0.46,12th Cross Road,Bengaluru
street_lamp,13.0016539,77.5531259,"{'highway': 'street_lamp', 'lamp_mount': 'bent_mast', 'lamp_type': 'electric', 'support': 'pole'}",10,0,0,3,0.52,,Bengaluru
street_lamp,13.0013286,77.5530668,"{'highway': 'street_lamp', 'lamp_mount': 'bent_mast', 'lamp_type': 'electric', 'support': 'pole'}",10,0,0,2,0.58,Dr. Rajkumar Road,Bengaluru
street_lamp,13.0013659,77.5532437,"{'highway': 'street_lamp', 'lamp_mount': 'bent_mast', 'lamp_type': 'LED', 'support': 'pole'}",10,0,0,2,0.58,Dr. Rajkumar Road,Bengaluru
street_lamp,13.0013251,77.5534568,"{'highway': 'street_lamp', 'lamp_mount': 'bent_mast', 'lamp_type': 'LED', 'support': 'pole'}",10,0,0,0,0.7,Dr. Rajkumar Road,Bengaluru
street_lamp,13.0001228,77.5523833,"{'highway': 'street_lamp', 'lamp_mount': 'straight_mast', 'lamp_type': 'electric', 'support': 'pole'}",10,0,0,1,0.64,,
street_lamp,13.000104,77.552222,"{'highway': 'street_lamp', 'lamp_mount': 'straight_mast', 'lamp_type': 'LED', 'support': 'pole'}",10,0,0,4,0.46,,
street_lamp,13.0000547,77.5520391,"{'highway': 'street_lamp', 'lamp_mount': 'straight_mast', 'lamp_type': 'LED', 'support': 'pole'}",10,0,0,0,0.7,,
street_lamp,13.0001185,77.551923,"{'direction': '176', 'highway': 'street_lamp', 'lamp_mount': 'straight_mast', 'lamp_type': 'LED', 'support': 'pole'}",10,0,0,2,0.58,,
street_lamp,13.0004555,77.5519212,"{'highway': 'street_lamp', 'lamp_mount': 'straight_mast', 'lamp_type': 'LED', 'support': 'pole'}",10,0,0,3,0.52,,
street_lamp,13.0006946,77.5519083,"{'highway': 'street_lamp', 'lamp_mount': 'straight_mast', 'lamp_type': 'LED', 'support': 'pole'}",10,0,0,1,0.64,,
street_lamp,13.0006988,77.551748,"{'highway': 'street_lamp', 'lamp_mount': 'straight_mast', 'lamp_type': 'electric', 'support': 'pole'}",10,0,0,4,0.46,,
street_lamp,13.0006405,77.5517046,"{'highway': 'street_lamp', 'lamp_mount': 'straight_mast', 'lamp_type': 'LED', 'support': 'pole'}",10,0,0,1,0.64,,
street_lamp,13.0005482,77.551723,"{'highway': 'street_lamp', 'lamp_mount': 'straight_mast', 'lamp_type': 'LED', 'support': 'pole'}",10,0,0,3,0.52,,
street_lamp,13.000429,77.5516202,"{'highway': 'street_lamp', 'lamp_mount': 'straight_mast', 'lamp_type': 'LED', 'support': 'pole'}",10,0,0,1,0.64,,
street_lamp,13.0009033,77.5517231,"{'highway': 'street_lamp', 'lamp_mount': 'straight_mast', 'lamp_type': 'LED', 'support': 'pole'}",10,0,0,3,0.52,19th B Main Road,Bengaluru
street_lamp,13.0015179,77.5520073,"{'highway': 'street_lamp', 'lamp_mount': 'straight_mast', 'lamp_type': 'LED', 'support': 'pole'}",10,0,0,2,0.58,,Bengaluru
street_lamp,13.0014206,77.5522211,"{'highway': 'street_lamp', 'lamp_mount': 'straight_mast', 'lamp_type': 'LED', 'support': 'pole'}",10,0,0,4,0.46,,Bengaluru
street_lamp,13.0013657,77.5523049,"{'highway': 'street_lamp', 'lamp_mount': 'straight_mast', 'lamp_type': 'LED', 'support': 'pole'}",10,0,0,0,0.7,,Bengaluru
street_lamp,13.0007025,77.5519549,"{'highway': 'street_lamp', 'lamp_mount': 'straight_mast', 'lamp_type': 'electric', 'support': 'pole'}",10,0,0,1,0.64,,
street_lamp,13.0004331,77.552007,"{'highway': 'street_lamp', 'lamp_mount': 'straight_mast', 'lamp_type': 'LED', 'support': 'pole'}",10,0,0,0,0.7,14th Cross Road,Bengaluru
street_lamp,13.0019246,77.5525815,"{'direction': '141', 'highway': 'street_lamp', 'lamp_mount': 'bent_mast', 'lamp_type': 'LED', 'support': 'pole'}",10,0,0,2,0.58,K B Venkatesh Road,Bengaluru
street_lamp,13.001701,77.5525679,"{'highway': 'street_lamp', 'lamp_mount': 'bent_mast', 'lamp_type': 'LED', 'support': 'pole'}",10,0,0,2,0.58,K B Venkatesh Road,Bengaluru
street_lamp,13.0016189,77.5525516,"{'highway': 'street_lamp', 'lamp_mount': 'bent_mast', 'lamp_type': 'LED', 'support': 'pole'}",10,0,0,3,0.52,Dr. Rajkumar Road,Bengaluru
street_lamp,13.0013878,77.5523936,"{'highway': 'street_lamp', 'lamp_mount': 'bent_mast', 'lamp_type': 'electric', 'support': 'pole'}",10,0,0,1,0.64,,Bengaluru
street_lamp,13.0012786,77.5525023,"{'highway': 'street_lamp', 'lamp_mount': 'bent_mast', 'lamp_type': 'LED', 'support': 'pole'}",10,0,0,1,0.64,Dr. Rajkumar Road,Bengaluru
street_lamp,13.0011722,77.5525433,"{'direction': '58', 'highway': 'street_lamp', 'lamp_mount': 'bent_mast', 'lamp_type': 'LED', 'support': 'pole'}",10,0,0,0,0.7,Dr. Rajkumar Road,Bengaluru
street_lamp,13.0011514,77.5527974,"{'highway': 'street_lamp', 'lamp_mount': 'bent_mast', 'lamp_type': 'electric', 'support': 'pole'}",10,0,0,2,0.58,Dr. Rajkumar Road,Bengaluru
street_lamp,13.0009391,77.552545,"{'highway': 'street_lamp', 'lamp_mount': 'bent_mast', 'lamp_type': 'LED', 'support': 'pole'}",10,0,0,2,0.58,,Bengaluru
street_lamp,13.0007698,77.5525322,"{'highway': 'street_lamp', 'lamp_mount': 'bent_mast', 'lamp_type': 'LED', 'support': 'pole'}",10,0,0,1,0.64,,Bengaluru
street_lamp,13.0016808,77.5524087,"{'highway': 'street_lamp', 'lamp_mount': 'straight_mast', 'lamp_type': 'electric', 'support': 'pole'}",10,0,0,2,0.58,,
street_lamp,13.0008759,77.5510824,"{'highway': 'street_lamp', 'lamp_mount': 'straight_mast', 'lamp_type': 'electric', 'support': 'pole'}",10,0,0,1,0.64,19th B Main Road,Bengaluru
street_lamp,13.0006811,77.551116,"{'highway': 'street_lamp', 'lamp_mount': 'straight_mast', 'lamp_type': 'electric', 'support': 'pole'}",10,0,0,2,0.58,,Bengaluru
street_lamp,13.0005393,77.5511378,"{'highway': 'street_lamp', 'lamp_mount': 'straight_mast', 'lamp_type': 'electric', 'support': 'pole'}",10,0,0,3,0.52,19th B Main Road,Bengaluru
street_lamp,13.0003532,77.5514342,"{'direction': '253', 'highway': 'street_lamp', 'lamp_mount': 'straight_mast', 'lamp_type': 'LED', 'support': 'pole'}",10,0,0,0,0.7,19th B Main Road,Bengaluru
street_lamp,13.000268,77.5511822,"{'highway': 'street_lamp', 'lamp_mount': 'straight_mast', 'lamp_type': 'electric', 'support': 'pole'}",10,0,0,0,0.7,19th B Main Road,Bengaluru
street_lamp,13.0001561,77.5512017,"{'highway': 'street_lamp', 'lamp_mount': 'straight_mast', 'lamp_type': 'electric', 'support': 'pole'}",10,0,0,2,0.58,19C Main Road,Bengaluru
street_lamp,13.0024435,77.5501723,"{'direction': '86', 'highway': 'street_lamp', 'lamp_mount': 'bent_mast', 'lamp_type': 'electric', 'support': 'pole'}",10,0,0,2,0.58,19th Main Road,Bengaluru
street_lamp,13.0026981,77.550228,"{'highway': 'street_lamp', 'lamp_mount': 'bent_mast', 'lamp_type': 'electric', 'support': 'pole'}",10,0,0,1,0.64,,Bengaluru
street_lamp,13.0026554,77.5501458,"{'highway': 'street_lamp', 'lamp_mount': 'bent_mast', 'lamp_type': 'electric', 'support': 'pole'}",10,0,0,0,0.7,,Bengaluru
street_lamp,13.0029372,77.5511632,"{'highway': 'street_lamp', 'lamp_mount': 'bent_mast', 'lamp_type': 'LED', 'support': 'pole'}",10,0,0,3,0.52,,Bengaluru
street_lamp,13.0027761,77.55119,"{'highway': 'street_lamp', 'lamp_mount': 'bent_mast', 'lamp_type': 'LED', 'support': 'pole'}",10,0,0,1,0.64,,Bengaluru
street_lamp,13.0026028,77.5512192,"{'highway': 'street_lamp', 'lamp_mount': 'bent_mast', 'lamp_type': 'LED', 'support': 'pole'}",10,0,0,3,0.52,,Bengaluru
street_lamp,13.0032537,77.5511167,"{'highway': 'street_lamp', 'lamp_mount': 'bent_mast', 'lamp_type': 'electric', 'support': 'pole'}",10,0,0,2,0.58,,Bengaluru
street_lamp,13.0034588,77.5510987,"{'highway': 'street_lamp', 'lamp_mount': 'bent_mast', 'lamp_type': 'electric', 'support': 'pole'}",10,0,0,2,0.58,,Bengaluru
street_lamp,13.0036859,77.5510672,"{'highway': 'street_lamp', 'lamp_mount': 'bent_mast', 'lamp_type': 'LED', 'support': 'pole'}",10,0,0,1,0.64,19E Main Road,Bengaluru
street_lamp,13.0038876,77.5510468,"{'highway': 'street_lamp', 'lamp_mount': 'bent_mast', 'lamp_type': 'LED', 'support': 'pole'}",10,0,0,4,0.46,19E Main Road,Bengaluru
street_lamp,13.0040509,77.5510221,"{'direction': '54', 'highway': 'street_lamp', 'lamp_mount': 'bent_mast', 'lamp_type': 'electric', 'support': 'pole'}",10,0,0,0,0.7,Vidhya Vardhaka Sangha Road,Bengaluru
street_lamp,13.0029812,77.550106,"{'highway': 'street_lamp', 'lamp_mount': 'bent_mast', 'lamp_type': 'electric', 'support': 'pole'}",10,0,0,0,0.7,19th Main Road,Bengaluru
street_lamp,13.0030338,77.5501815,"{'highway': 'street_lamp', 'lamp_mount': 'bent_mast', 'lamp_type': 'electric', 'support': 'pole'}",10,0,0,0,0.7,19th Main Road,Bengaluru
street_lamp,13.0032105,77.5500648,"{'highway': 'street_lamp', 'lamp_mount': 'bent_mast', 'lamp_type': 'electric', 'support': 'pole'}",10,0,0,2,0.58,19th Main Road,Bengaluru
street_lamp,13.0030227,77.5505104,"{'direction': '240', 'highway': 'street_lamp', 'lamp_mount': 'bent_mast', 'lamp_type': 'LED', 'support': 'pole'}",10,0,0,4,0.46,,Bengaluru
street_lamp,13.0028834,77.5505339,"{'highway': 'street_lamp', 'lamp_mount': 'bent_mast', 'lamp_type': 'LED', 'support': 'pole'}",10,0,0,1,0.64,,Bengaluru
street_lamp,13.0027991,77.550541,"{'highway': 'street_lamp', 'lamp_mount': 'bent_mast', 'lamp_type': 'LED', 'support': 'pole'}",10,0,0,3,0.52,19th Main Road,Bengaluru
street_lamp,13.0025227,77.5505892,"{'highway': 'street_lamp', 'lamp_mount': 'bent_mast', 'lamp_type': 'LED', 'support': 'pole'}",10,0,0,1,0.64,19th Main Road,Bengaluru
street_lamp,13.0031733,77.5504785,"{'highway': 'street_lamp', 'lamp_mount': 'bent_mast', 'lamp_type': 'LED', 'support': 'pole'}",10,0,0,1,0.64,,
street_lamp,13.003265,77.5504651,"{'highway': 'street_lamp', 'lamp_mount': 'bent_mast', 'lamp_type': 'LED', 'support': 'pole'}",10,0,0,2,0.58,,
street_lamp,13.0034314,77.5504447,"{'highway': 'street_lamp', 'lamp_mount': 'bent_mast', 'lamp_type': 'LED', 'support': 'pole'}",10,0,0,0,0.7,19th Main Road,Bengaluru
street_lamp,13.0036044,77.5504293,"{'highway': 'street_lamp', 'lamp_mount': 'bent_mast', 'lamp_type': 'electric', 'support': 'pole'}",10,0,0,1,0.64,19th Main Road,Bengaluru
street_lamp,13.003769,77.5504049,"{'highway': 'street_lamp', 'lamp_mount': 'bent_mast', 'lamp_type': 'electric', 'support': 'pole'}",10,0,0,3,0.52,Vidhya Vardhaka Sangha Road,Bengaluru
street_lamp,13.0039757,77.5503969,"{'highway': 'street_lamp', 'lamp_mount': 'bent_mast', 'lamp_type': 'LED', 'support': 'pole'}",10,0,0,1,0.64,Vidhya Vardhaka Sangha Road,Bengaluru
street_lamp,13.0030564,77.5508343,"{'direction': '267', 'highway': 'street_lamp', 'lamp_mount': 'bent_mast', 'lamp_type': 'LED', 'support': 'pole'}",10,0,0,4,0.46,,Bengaluru
street_lamp,13.0029719,77.5508531,"{'highway': 'street_lamp', 'lamp_mount': 'bent_mast', 'lamp_type': 'LED', 'support': 'pole'}",10,0,0,3,0.52,,
street_lamp,13.0030769,77.550963,"{'highway': 'street_lamp', 'lamp_mount': 'bent_mast', 'lamp_type': 'LED', 'support': 'pole'}",10,0,0,3,0.52,,
street_lamp,13.0030963,77.5511519,"{'direction': '267', 'highway': 'street_lamp', 'lamp_mount': 'bent_mast', 'lamp_type': 'LED', 'support': 'pole'}",10,0,0,1,0.64,,Bengaluru
street_lamp,13.0028336,77.5508636,"{'highway': 'street_lamp', 'lamp_mount': 'bent_mast', 'lamp_type': 'LED', 'support': 'pole'}",10,0,0,4,0.46,,Bengaluru
street_lamp,13.0025781,77.55091,"{'highway': 'street_lamp', 'lamp_mount': 'bent_mast', 'lamp_type': 'LED', 'support': 'pole'}",10,0,0,2,0.58,,
street_lamp,13.0032829,77.5507964,"{'highway': 'street_lamp', 'lamp_mount': 'bent_mast', 'lamp_type': 'electric', 'support': 'pole'}",10,0,0,3,0.52,,
street_lamp,13.0034734,77.5507827,"{'highway': 'street_lamp', 'lamp_mount': 'bent_mast', 'lamp_type': 'electric', 'support': 'pole'}",10,0,0,4,0.46,,
street_lamp,13.0036499,77.5507589,"{'highway': 'street_lamp', 'lamp_mount': 'bent_mast', 'lamp_type': 'electric', 'support': 'pole'}",10,0,0,2,0.58,19th D Main Road,Bengaluru
street_lamp,13.0037257,77.5507498,"{'highway': 'street_lamp', 'lamp_mount': 'bent_mast', 'lamp_type': 'LED', 'support': 'pole'}",10,0,0,3,0.52,19th D Main Road,Bengaluru
street_lamp,13.0038814,77.5507319,"{'highway': 'street_lamp', 'lamp_mount': 'bent_mast', 'lamp_type': 'electric', 'support': 'pole'}",10,0,0,3,0.52,19th D Main Road,Bengaluru
street_lamp,13.0040203,77.5507216,"{'direction': '291', 'highway': 'street_lamp', 'lamp_mount': 'bent_mast', 'lamp_type': 'LED', 'support': 'pole'}",10,0,0,2,0.58,19th D Main Road,Bengaluru
street_lamp,13.004006,77.5506508,"{'direction': '61', 'highway': 'street_lamp', 'lamp_mount': 'bent_mast', 'lamp_type': 'electric', 'support': 'pole'}",10,0,0,4,0.46,19th D Main Road,Bengaluru
street_lamp,13.0041485,77.5506787,"{'direction': '234', 'highway': 'street_lamp', 'lamp_mount': 'bent_mast', 'lamp_type': 'LED', 'support': 'pole'}",10,0,0,4,0.46,19th D Main Road,Bengaluru
street_lamp,13.004306,77.5506631,"{'highway': 'street_lamp', 'lamp_mount': 'bent_mast', 'lamp_type': 'LED', 'support': 'pole'}",10,0,0,1,0.64,,
street_lamp,13.0042693,77.5499305,"{'direction': '351', 'highway': 'street_lamp', 'lamp_mount': 'bent_mast', 'lamp_type': 'LED', 'support': 'pole'}",10,0,0,3,0.52,19th Main Road,Bengaluru
street_lamp,13.0040838,77.5499493,"{'highway': 'street_lamp', 'lamp_mount': 'straight_mast', 'lamp_type': 'LED', 'support': 'pole'}",10,0,0,0,0.7,,Bengaluru
street_lamp,13.0041478,77.5500165,"{'highway': 'street_lamp', 'lamp_mount': 'straight_mast', 'lamp_type': 'electric', 'support': 'pole'}",10,0,0,0,0.7,,Bengaluru
street_lamp,13.0034183,77.5514501,"{'highway': 'street_lamp', 'lamp_mount': 'bent_mast', 'lamp_type': 'LED', 'support': 'pole'}",10,0,0,4,0.46,,
street_lamp,13.0035615,77.5514365,"{'highway': 'street_lamp', 'lamp_mount': 'bent_mast', 'lamp_type': 'LED', 'support': 'pole'}",10,0,0,2,0.58,19F Main Road,Bengaluru
street_lamp,13.0037972,77.5514122,"{'highway': 'street_lamp', 'lamp_mount': 'bent_mast', 'lamp_type': 'LED', 'support': 'pole'}",10,0,0,1,0.64,,
street_lamp,13.0039366,77.5514075,"{'highway': 'street_lamp', 'lamp_mount': 'bent_mast', 'lamp_type': 'LED', 'support': 'pole'}",10,0,0,3,0.52,19F Main Road,Bengaluru
street_lamp,13.0040919,77.5513948,"{'direction': '359', 'highway': 'street_lamp', 'lamp_mount': 'bent_mast', 'lamp_type': 'LED', 'support': 'pole'}",10,0,0,4,0.46,Vidhya Vardhaka Sangha Road,Bengaluru
street_lamp,13.0040787,77.5512331,"{'highway': 'street_lamp', 'lamp_mount': 'bent_mast', 'lamp_type': 'LED', 'support': 'pole'}",10,0,0,1,0.64,Vidhya Vardhaka Sangha Road,Bengaluru
street_lamp,13.0041812,77.551016,"{'highway': 'street_lamp', 'lamp_mount': 'bent_mast', 'lamp_type': 'electric', 'support': 'pole'}",10,0,0,2,0.58,Vidhya Vardhaka Sangha Road,Bengaluru
street_lamp,13.0045228,77.5501734,"{'highway': 'street_lamp', 'lamp_mount': 'straight_mast', 'lamp_type': 'electric', 'support': 'pole'}",10,0,0,2,0.58,,Bengaluru
street_lamp,13.003625,77.5500086,"{'highway': 'street_lamp', 'lamp_mount': 'straight_mast', 'lamp_type': 'electric', 'support': 'pole'}",10,0,0,0,0.7,,
street_lamp,13.0033879,77.5501261,"{'highway': 'street_lamp', 'lamp_mount': 'straight_mast', 'lamp_type': 'electric', 'support': 'pole'}",10,0,0,2,0.58,19th Main Road,Bengaluru
street_lamp,13.0033237,77.5500608,"{'highway': 'street_lamp', 'lamp_mount': 'straight_mast', 'lamp_type': 'electric', 'support': 'pole'}",10,0,0,2,0.58,19th Main Road,Bengaluru
street_lamp,13.004942,77.5517517,"{'highway': 'street_lamp', 'lamp_mount': 'bent_mast', 'lamp_type': 'LED', 'support': 'pole'}",10,0,0,2,0.58,,Bengaluru
street_lamp,13.0049201,77.5515471,"{'highway': 'street_lamp', 'lamp_mount': 'bent_mast', 'lamp_type': 'LED', 'support': 'pole'}",10,0,0,3,0.52,,Bengaluru
street_lamp,13.0049005,77.5513665,"{'highway': 'street_lamp', 'lamp_mount': 'bent_mast', 'lamp_type': 'LED', 'support': 'pole'}",10,0,0,4,0.46,,Bengaluru
street_lamp,13.0048734,77.5511611,"{'highway': 'street_lamp', 'lamp_mount': 'bent_mast', 'lamp_type': 'LED', 'support': 'pole'}",10,0,0,1,0.64,,Bengaluru
street_lamp,13.0048496,77.5509322,"{'highway': 'street_lamp', 'lamp_mount': 'bent_mast', 'lamp_type': 'LED', 'support': 'pole'}",10,0,0,2,0.58,,Bengaluru
street_lamp,13.0048336,77.5507517,"{'highway': 'street_lamp', 'lamp_mount': 'bent_mast', 'lamp_type': 'LED', 'support': 'pole'}",10,0,0,1,0.64,,
street_lamp,13.0045356,77.550637,"{'highway': 'street_lamp', 'lamp_mount': 'bent_mast', 'lamp_type': 'LED', 'support': 'pole'}",10,0,0,4,0.46,,Bengaluru
street_lamp,13.0050936,77.5504813,"{'direction': '24', 'highway': 'street_lamp', 'lamp_mount': 'bent_mast', 'lamp_type': 'LED', 'support': 'pole'}",10,0,0,2,0.58,,
street_lamp,13.0051351,77.5501594,"{'highway': 'street_lamp', 'lamp_mount': 'bent_mast', 'lamp_type': 'LED', 'support': 'pole'}",10,0,0,2,0.58,7th Cross Road,Bengaluru
street_lamp,13.0053869,77.550565,"{'highway': 'street_lamp', 'lamp_mount': 'bent_mast', 'lamp_type': 'LED', 'support': 'pole'}",10,0,0,0,0.7,,Bengaluru
street_lamp,13.0056064,77.5506852,"{'highway': 'street_lamp', 'lamp_mount': 'bent_mast', 'lamp_type': 'LED', 'support': 'pole'}",10,0,0,3,0.52,,Bengaluru
street_lamp,13.0048729,77.5503792,"{'highway': 'street_lamp', 'lamp_mount': 'bent_mast', 'lamp_type': 'electric', 'support': 'pole'}",10,0,0,3,0.52,9th Cross Road,Bengaluru
street_lamp,13.0046273,77.5498638,"{'highway': 'street_lamp', 'lamp_mount': 'bent_mast', 'lamp_type': 'LED', 'support': 'pole'}",10,0,0,2,0.58,7th Cross Road,Bengaluru
street_lamp,13.0044547,77.5498813,"{'direction': '128', 'highway': 'street_lamp', 'lamp_mount': 'bent_mast', 'lamp_type': 'electric', 'support': 'pole'}",10,0,0,4,0.46,,Bengaluru
street_lamp,13.0043777,77.5495913,"{'highway': 'street_lamp', 'lamp_mount': 'bent_mast', 'lamp_type': 'electric', 'support': 'pole'}",10,0,0,2,0.58,,Bengaluru
street_lamp,13.0043596,77.5492941,"{'highway': 'street_lamp', 'lamp_mount': 'bent_mast', 'lamp_type': 'electric', 'support': 'pole'}",10,0,0,0,0.7,,
street_lamp,13.0039959,77.5517688,"{'highway': 'street_lamp', 'lamp_mount': 'bent_mast', 'lamp_type': 'electric', 'support': 'pole'}",10,0,0,0,0.7,Vidhya Vardhaka Sangha Road,Bengaluru
street_lamp,13.0041332,77.5517484,"{'direction': '353', 'highway': 'street_lamp', 'lamp_mount': 'bent_mast', 'lamp_type': 'LED', 'support': 'pole'}",10,0,0,0,0.7,,
street_lamp,13.0041369,77.5518105,"{'direction': '353', 'highway': 'street_lamp', 'lamp_mount': 'bent_mast', 'lamp_type': 'LED', 'support': 'pole'}",10,0,0,2,0.58,,Bengaluru
street_lamp,13.0044471,77.5518916,"{'highway': 'street_lamp', 'lamp_mount': 'bent_mast', 'lamp_type': 'LED', 'support': 'pole'}",10,0,0,3,0.52,Vidhya Vardhaka Sangha Road,Bengaluru
street_lamp,13.0045819,77.5518859,"{'direction': '105', 'highway': 'street_lamp', 'lamp_mount': 'bent_mast', 'lamp_type': 'LED', 'support': 'pole'}",10,0,0,4,0.46,,Bengaluru
street_lamp,13.0047644,77.5518815,"{'highway': 'street_lamp', 'lamp_mount': 'bent_mast', 'lamp_type': 'electric', 'support': 'pole'}",10,0,0,1,0.64,,Bengaluru
street_lamp,13.0049307,77.5518706,"{'highway': 'street_lamp', 'lamp_mount': 'bent_mast', 'lamp_type': 'LED', 'support': 'pole'}",10,0,0,2,0.58,,
street_lamp,13.0046115,77.5521186,"{'highway': 'street_lamp', 'lamp_mount': 'bent_mast', 'lamp_type': 'electric', 'support': 'pole'}",10,0,0,2,0.58,,
street_lamp,13.0046331,77.5523795,"{'highway': 'street_lamp', 'lamp_mount': 'bent_mast', 'lamp_type': 'LED', 'support': 'pole'}",10,0,0,1,0.64,9th Cross Road,Bengaluru
street_lamp,13.0047049,77.5524702,"{'highway': 'street_lamp', 'lamp_mount': 'bent_mast', 'lamp_type': 'LED', 'support': 'pole'}",10,0,0,0,0.7,9th Cross Road,Bengaluru
street_lamp,13.0042121,77.5524512,"{'highway': 'street_lamp', 'lamp_mount': 'bent_mast', 'lamp_type': 'electric', 'support': 'pole'}",10,0,0,1,0.64,Vidhya Vardhaka Sangha Road,Bengaluru
street_lamp,13.0046422,77.5525745,"{'highway': 'street_lamp', 'lamp_mount': 'bent_mast', 'lamp_type': 'LED', 'support': 'pole'}",10,0,0,2,0.58,9th Cross Road,Bengaluru
street_lamp,13.0046451,77.5527407,"{'highway': 'street_lamp', 'lamp_mount': 'bent_mast', 'lamp_type': 'electric', 'support': 'pole'}",10,0,0,0,0.7,,
street_lamp,13.0048435,77.5527672,"{'highway': 'street_lamp', 'lamp_mount': 'bent_mast', 'lamp_type': 'LED', 'support': 'pole'}",10,0,0,0,0.7,,Bengaluru
street_lamp,13.0049871,77.5527628,"{'highway': 'street_lamp', 'lamp_mount': 'bent_mast', 'lamp_type': 'LED', 'support': 'pole'}",10,0,0,2,0.58,,Bengaluru
street_lamp,13.0051679,77.5529155,"{'highway': 'street_lamp', 'lamp_mount': 'bent_mast', 'lamp_type': 'electric', 'support': 'pole'}",10,0,0,3,0.52,,Bengaluru
street_lamp,13.0050704,77.5531067,"{'highway': 'street_lamp', 'lamp_mount': 'bent_mast', 'lamp_type': 'electric', 'support': 'pole'}",10,0,0,1,0.64,,Bengaluru
street_lamp,13.0049864,77.5532653,"{'highway': 'street_lamp', 'lamp_mount': 'bent_mast', 'lamp_type': 'electric', 'support': 'pole'}",10,0,0,1,0.64,,Bengaluru
street_lamp,13.0048873,77.5534491,"{'highway': 'street_lamp', 'lamp_mount': 'bent_mast', 'lamp_type': 'electric', 'support': 'pole'}",10,0,0,0,0.7,5th Cross Road,Bengaluru
street_lamp,13.0047646,77.5536984,"{'highway': 'street_lamp', 'lamp_mount': 'bent_mast', 'lamp_type': 'electric', 'support': 'pole'}",10,0,0,4,0.46,5th Cross Road,Bengaluru
street_lamp,13.0052948,77.5526861,"{'highway': 'street_lamp', 'lamp_mount': 'bent_mast', 'lamp_type': 'LED', 'support': 'pole'}",10,0,0,2,0.58,,
street_lamp,13.0054352,77.5524485,"{'highway': 'street_lamp', 'lamp_mount': 'bent_mast', 'lamp_type': 'LED', 'support': 'pole'}",10,0,0,0,0.7,,Bengaluru
street_lamp,13.0051638,77.5524379,"{'highway': 'street_lamp', 'lamp_mount': 'bent_mast', 'lamp_type': 'LED', 'support': 'pole'}",10,0,0,1,0.64,,Bengaluru
street_lamp,13.0050093,77.5524412,"{'highway': 'street_lamp', 'lamp_mount': 'bent_mast', 'lamp_type': 'LED', 'support': 'pole'}",10,0,0,3,0.52,,Bengaluru
street_lamp,13.0055703,77.5521515,"{'highway': 'street_lamp', 'lamp_mount': 'bent_mast', 'lamp_type': 'electric', 'support': 'pole'}",10,0,0,3,0.52,,Bengaluru
street_lamp,13.0056867,77.5518925,"{'highway': 'street_lamp', 'lamp_mount': 'bent_mast', 'lamp_type': 'electric', 'support': 'pole'}",10,0,0,0,0.7,,Bengaluru
street_lamp,13.0053876,77.5523392,"{'highway': 'street_lamp', 'lamp_mount': 'bent_mast', 'lamp_type': 'electric', 'support': 'pole'}",10,0,0,0,0.7,,
street_lamp,13.005376,77.5521435,"{'highway': 'street_lamp', 'lamp_mount': 'bent_mast', 'lamp_type': 'LED', 'support': 'pole'}",10,0,0,2,0.58,,Bengaluru
street_lamp,13.0053393,77.5518526,"{'highway': 'street_lamp', 'lamp_mount': 'bent_mast', 'lamp_type': 'LED', 'support': 'pole'}",10,0,0,4,0.46,,
street_lamp,13.0050231,77.5520996,"{'highway': 'street_lamp', 'lamp_mount': 'bent_mast', 'lamp_type': 'LED', 'support': 'pole'}",10,0,0,3,0.52,,Bengaluru
street_lamp,13.0051226,77.5500033,"{'highway': 'street_lamp', 'lamp_mount': 'bent_mast', 'lamp_type': 'electric', 'support': 'pole'}",10,0,0,2,0.58,7th Cross Road,Bengaluru
street_lamp,13.0050836,77.5498531,"{'direction': '260', 'highway': 'street_lamp', 'lamp_mount': 'bent_mast', 'lamp_type': 'LED', 'support': 'pole'}",10,0,0,2,0.58,,
street_lamp,13.0050793,77.5497767,"{'direction': '359', 'highway': 'street_lamp', 'lamp_mount': 'bent_mast', 'lamp_type': 'LED', 'support': 'pole'}",10,0,0,2,0.58,7th Cross Road,Bengaluru
street_lamp,13.0052275,77.5497588,"{'highway': 'street_lamp', 'lamp_mount': 'bent_mast', 'lamp_type': 'electric', 'support': 'pole'}",10,0,0,0,0.7,7th Cross Road,Bengaluru
street_lamp,13.0055049,77.5497187,"{'highway': 'street_lamp', 'lamp_mount': 'bent_mast', 'lamp_type': 'electric', 'support': 'pole'}",10,0,0,2,0.58,,Bengaluru
street_lamp,13.0050509,77.5494795,"{'highway': 'street_lamp', 'lamp_mount': 'bent_mast', 'lamp_type': 'electric', 'support': 'pole'}",10,0,0,1,0.64,,Bengaluru
street_lamp,13.004919,77.5498152,"{'highway': 'street_lamp', 'lamp_mount': 'bent_mast', 'lamp_type': 'electric', 'support': 'pole'}",10,0,0,3,0.52,7th Cross Road,Bengaluru
street_lamp,13.0047759,77.5498304,"{'highway': 'street_lamp', 'lamp_mount': 'bent_mast', 'lamp_type': 'LED', 'support': 'pole'}",10,0,0,2,0.58,7th Cross Road,Bengaluru
street_lamp,13.0047528,77.5497328,"{'highway': 'street_lamp', 'lamp_mount': 'bent_mast', 'lamp_type': 'electric', 'support': 'pole'}",10,0,0,2,0.58,,Bengaluru
street_lamp,13.0047391,77.5495464,"{'highway': 'street_lamp', 'lamp_mount': 'bent_mast', 'lamp_type': 'electric', 'support': 'pole'}",10,0,0,1,0.64,,Bengaluru
street_lamp,13.004716,77.5492402,"{'direction': '260', 'highway': 'street_lamp', 'lamp_mount': 'bent_mast', 'lamp_type': 'electric', 'support': 'pole'}",10,0,0,4,0.46,,
street_lamp,13.0289777,77.5788434,{'highway': 'street_lamp'},10,0,0,0,0.7,,Bengaluru
street_lamp,13.0180128,77.5589414,"{'highway': 'street_lamp', 'lamp_mount': 'bent_mast', 'lamp_type': 'LED', 'support': 'pole'}",10,0,0,3,0.52,,Bengaluru
street_lamp,13.0178159,77.5591401,"{'highway': 'street_lamp', 'lamp_mount': 'bent_mast', 'lamp_type': 'LED', 'support': 'pole'}",10,0,0,2,0.58,CV Raman Road,Bengaluru
street_lamp,13.0176514,77.5594127,"{'highway': 'street_lamp', 'lamp_mount': 'bent_mast', 'lamp_type': 'LED', 'support': 'pole'}",10,0,0,0,0.7,CV Raman Road,Bengaluru
street_lamp,13.0174901,77.5596903,"{'highway': 'street_lamp', 'lamp_mount': 'bent_mast', 'lamp_type': 'LED', 'support': 'pole'}",10,0,0,0,0.7,CV Raman Road,Bengaluru
street_lamp,13.0173607,77.5599637,"{'highway': 'street_lamp', 'lamp_mount': 'bent_mast', 'lamp_type': 'LED', 'support': 'pole'}",10,0,0,2,0.58,,Bengaluru
street_lamp,13.0172024,77.5602234,"{'highway': 'street_lamp', 'lamp_mount': 'bent_mast', 'lamp_type': 'LED', 'support': 'pole'}",10,0,0,2,0.58,CV Raman Road,Bengaluru
street_lamp,13.0170507,77.5604721,"{'highway': 'street_lamp', 'lamp_mount': 'bent_mast', 'lamp_type': 'LED', 'support': 'pole'}",10,0,0,3,0.52,CV Raman Road,Bengaluru
street_lamp,13.0169107,77.5607217,"{'highway': 'street_lamp', 'lamp_mount': 'bent_mast', 'lamp_type': 'LED', 'support': 'pole'}",10,0,0,1,0.64,CV Raman Road,Bengaluru
street_lamp,13.0167688,77.5609725,"{'highway': 'street_lamp', 'lamp_mount': 'bent_mast', 'lamp_type': 'LED', 'support': 'pole'}",10,0,0,2,0.58,CV Raman Road,Bengaluru
street_lamp,13.0166185,77.5612372,"{'highway': 'street_lamp', 'lamp_mount': 'bent_mast', 'lamp_type': 'LED', 'support': 'pole'}",10,0,0,2,0.58,,Bengaluru
street_lamp,13.0164801,77.561492,"{'highway': 'street_lamp', 'lamp_mount': 'bent_mast', 'lamp_type': 'LED', 'support': 'pole'}",10,0,0,3,0.52,,Bengaluru
street_lamp,13.0163295,77.5617607,"{'highway': 'street_lamp', 'lamp_mount': 'bent_mast', 'lamp_type': 'LED', 'support': 'pole'}",10,0,0,3,0.52,,Bengaluru
street_lamp,13.0159172,77.5624841,"{'highway': 'street_lamp', 'lamp_mount': 'bent_mast', 'lamp_type': 'LED', 'support': 'pole'}",10,0,0,3,0.52,CV Raman Road,Bengaluru
street_lamp,13.0157704,77.5627424,"{'highway': 'street_lamp', 'lamp_mount': 'bent_mast', 'lamp_type': 'LED', 'support': 'pole'}",10,0,0,2,0.58,CV Raman Road,Bengaluru
street_lamp,13.0156287,77.5629796,"{'highway': 'street_lamp', 'lamp_mount': 'bent_mast', 'lamp_type': 'LED', 'support': 'pole'}",10,0,0,2,0.58,,
street_lamp,13.0154845,77.5632228,"{'highway': 'street_lamp', 'lamp_mount': 'bent_mast', 'lamp_type': 'LED', 'support': 'pole'}",10,0,0,3,0.52,,
street_lamp,13.0153241,77.5634854,"{'highway': 'street_lamp', 'lamp_mount': 'bent_mast', 'lamp_type': 'LED', 'support': 'pole'}",10,0,0,3,0.52,CV Raman Road,Bengaluru
street_lamp,13.0151844,77.5637264,"{'highway': 'street_lamp', 'lamp_mount': 'bent_mast', 'lamp_type': 'LED', 'support': 'pole'}",10,0,0,2,0.58,CV Raman Road,Bengaluru
street_lamp,13.0150153,77.5640088,"{'highway': 'street_lamp', 'lamp_mount': 'bent_mast', 'lamp_type': 'LED', 'support': 'pole'}",10,0,0,4,0.46,CV Raman Road,Bengaluru
street_lamp,13.0146428,77.5646331,"{'highway': 'street_lamp', 'lamp_mount': 'bent_mast', 'lamp_type': 'LED', 'support': 'pole'}",10,0,0,3,0.52,,Bengaluru
street_lamp,13.014497,77.5648614,"{'highway': 'street_lamp', 'lamp_mount': 'bent_mast', 'lamp_type': 'LED', 'support': 'pole'}",10,0,0,2,0.58,,Bengaluru
street_lamp,13.0143605,77.5650824,"{'highway': 'street_lamp', 'lamp_mount': 'bent_mast', 'lamp_type': 'LED', 'support': 'pole'}",10,0,0,4,0.46,,
street_lamp,13.0141663,77.5654263,"{'highway': 'street_lamp', 'lamp_mount': 'bent_mast', 'lamp_type': 'LED', 'support': 'pole'}",10,0,0,3,0.52,,Bengaluru
street_lamp,12.9769329,77.5961848,{'highway': 'street_lamp'},10,0,0,4,0.46,,Bengaluru
street_lamp,12.976834,77.5953048,{'highway': 'street_lamp'},10,0,0,1,0.64,,
street_lamp,12.9769624,77.5959264,{'highway': 'street_lamp'},10,0,0,2,0.58,,Bengaluru
street_lamp,12.9768182,77.5955186,{'highway': 'street_lamp'},10,0,0,4,0.46,Kasturba Road,Bengaluru
street_lamp,12.9769622,77.5957289,{'highway': 'street_lamp'},10,0,0,2,0.58,,Bengaluru
street_lamp,12.9768208,77.5961682,{'highway': 'street_lamp'},10,0,0,1,0.64,,Bengaluru
street_lamp,12.9769401,77.5955857,{'highway': 'street_lamp'},10,0,0,3,0.52,,Bengaluru
street_lamp,12.9768575,77.5958346,{'highway': 'street_lamp'},10,0,0,0,0.7,,Bengaluru
street_lamp,12.9763941,77.5947539,{'highway': 'street_lamp'},10,0,0,2,0.58,,
street_lamp,12.9766954,77.5950767,{'highway': 'street_lamp'},10,0,0,3,0.52,Kasturba Road,Bengaluru
street_lamp,12.9763029,77.5948724,{'highway': 'street_lamp'},10,0,0,1,0.64,Kasturba Road,Bengaluru
street_lamp,12.9762344,77.5947692,{'highway': 'street_lamp'},10,0,0,1,0.64,Kasturba Road,Bengaluru
street_lamp,12.9766744,77.595278,{'highway': 'street_lamp'},10,0,0,3,0.52,,
street_lamp,12.9764888,77.5950785,{'highway': 'street_lamp'},10,0,0,3,0.52,,
street_lamp,12.9764806,77.5948523,{'highway': 'street_lamp'},10,0,0,4,0.46,,
street_lamp,12.9768358,77.5960334,{'highway': 'street_lamp'},10,0,0,3,0.52,,
street_lamp,13.0047715,77.5537679,"{'highway': 'street_lamp', 'lamp_mount': 'bent_mast', 'lamp_type': 'electric', 'support': 'pole'}",10,0,0,2,0.58,,
street_lamp,13.0045808,77.5539363,"{'highway': 'street_lamp', 'lamp_mount': 'bent_mast', 'lamp_type': 'LED', 'support': 'pole'}",10,0,0,1,0.64,Dr. Rajkumar Road,Bengaluru
street_lamp,12.9980476,77.5528071,"{'highway': 'street_lamp', 'lamp_mount': 'bent_mast', 'lamp_type': 'LED', 'support': 'pole'}",10,0,0,1,0.64,,Bengaluru
street_lamp,12.9980802,77.5529389,"{'highway': 'street_lamp', 'lamp_mount': 'bent_mast', 'lamp_type': 'LED', 'support': 'pole'}",10,0,0,3,0.52,,
street_lamp,12.9981444,77.5531721,"{'highway': 'street_lamp', 'lamp_mount': 'bent_mast', 'lamp_type': 'LED', 'support': 'pole'}",10,0,0,3,0.52,,Bengaluru
street_lamp,12.9989665,77.5528735,"{'highway': 'street_lamp', 'lamp_mount': 'bent_mast', 'lamp_type': 'LED', 'support': 'pole'}",10,0,0,4,0.46,Dr. Rajkumar Road,bangalore
street_lamp,12.9991219,77.552655,"{'highway': 'street_lamp', 'lamp_mount': 'bent_mast', 'lamp_type': 'LED', 'support': 'wall_mounted'}",10,0,0,1,0.64,Dr. Rajkumar Road,Bengaluru
street_lamp,13.0056636,77.5542266,"{'highway': 'street_lamp', 'lamp_mount': 'bent_mast', 'lamp_type': 'electric', 'support': 'pole'}",10,0,0,1,0.64,,
street_lamp,13.0060924,77.5543131,"{'highway': 'street_lamp', 'lamp_mount': 'bent_mast', 'lamp_type': 'LED', 'support': 'pole'}",10,0,0,1,0.64,10th Cross Road,Bengaluru
street_lamp,13.0060502,77.5544927,"{'highway': 'street_lamp', 'lamp_mount': 'bent_mast', 'lamp_type': 'electric', 'support': 'pole'}",10,0,0,3,0.52,10th Cross Road,Bengaluru
street_lamp,13.0060303,77.5546642,"{'highway': 'street_lamp', 'lamp_mount': 'bent_mast', 'lamp_type': 'LED', 'support': 'pole'}",10,0,0,1,0.64,10th Cross Road,Bengaluru
street_lamp,13.0059216,77.5547474,"{'highway': 'street_lamp', 'lamp_mount': 'bent_mast', 'lamp_type': 'electric', 'support': 'pole'}",10,0,0,1,0.64,10th Cross Road,Bengaluru
street_lamp,13.0058234,77.5551146,"{'highway': 'street_lamp', 'lamp_mount': 'bent_mast', 'lamp_type': 'electric', 'support': 'pole'}",10,0,0,2,0.58,,Bengaluru
street_lamp,13.0042753,77.5538786,"{'highway': 'street_lamp', 'lamp_mount': 'bent_mast', 'lamp_type': 'electric', 'support': 'pole'}",10,0,0,3,0.52,,
street_lamp,13.0044531,77.553903,"{'highway': 'street_lamp', 'lamp_mount': 'bent_mast', 'lamp_type': 'LED', 'support': 'pole'}",10,0,0,1,0.64,6th Cross Road,Bengaluru
street_lamp,13.004481,77.5536957,"{'highway': 'street_lamp', 'lamp_mount': 'bent_mast', 'lamp_type': 'electric', 'support': 'pole'}",10,0,0,2,0.58,Vidhya Vardhaka Sangha Road,Bengaluru
street_lamp,13.004344,77.5540514,"{'highway': 'street_lamp', 'lamp_mount': 'bent_mast', 'lamp_type': 'electric', 'support': 'pole'}",10,0,0,0,0.7,6th Cross Road,Bengaluru
street_lamp,13.0043069,77.554266,"{'highway': 'street_lamp', 'lamp_mount': 'bent_mast', 'lamp_type': 'electric', 'support': 'pole'}",10,0,0,3,0.52,6th Cross Road,Bengaluru
street_lamp,13.0063343,77.5543709,"{'highway': 'street_lamp', 'lamp_mount': 'bent_mast', 'lamp_type': 'electric', 'support': 'pole'}",10,0,0,2,0.58,Dr. Rajkumar Road,Bengaluru
street_lamp,13.0068684,77.5543434,"{'highway': 'street_lamp', 'lamp_mount': 'bent_mast', 'lamp_type': 'electric', 'support': 'pole'}",10,0,0,0,0.7,,Bengaluru
street_lamp,13.0069391,77.5549307,"{'highway': 'street_lamp', 'lamp_mount': 'bent_mast', 'lamp_type': 'electric', 'support': 'pole'}",10,0,0,4,0.46,,Bengaluru
street_lamp,13.0072316,77.5543523,"{'highway': 'street_lamp', 'lamp_mount': 'bent_mast', 'lamp_type': 'electric', 'support': 'pole'}",10,0,0,2,0.58,,Bengaluru
street_lamp,13.007516,77.554356,"{'highway': 'street_lamp', 'lamp_mount': 'bent_mast', 'lamp_type': 'LED', 'support': 'pole'}",10,0,0,3,0.52,,Bengaluru
street_lamp,13.0077389,77.5543587,"{'highway': 'street_lamp', 'lamp_mount': 'bent_mast', 'lamp_type': 'LED', 'support': 'pole'}",10,0,0,0,0.7,,
street_lamp,13.0076625,77.5547853,"{'highway': 'street_lamp', 'lamp_mount': 'bent_mast', 'lamp_type': 'electric', 'support': 'pole'}",10,0,0,2,0.58,,
street_lamp,13.007635,77.5549344,"{'highway': 'street_lamp', 'lamp_mount': 'bent_mast', 'lamp_type': 'electric', 'support': 'pole'}",10,0,0,1,0.64,,
street_lamp,13.0013025,77.5537389,"{'highway': 'street_lamp', 'lamp_mount': 'bent_mast', 'lamp_type': 'LED', 'support': 'pole'}",10,0,0,2,0.58,,
street_lamp,13.0024867,77.553899,"{'highway': 'street_lamp', 'lamp_mount': 'bent_mast', 'lamp_type': 'electric', 'support': 'pole'}",10,0,0,4,0.46,4th Cross Road,Bengaluru
street_lamp,13.0025343,77.5542169,"{'highway': 'street_lamp', 'lamp_mount': 'bent_mast', 'lamp_type': 'LED', 'support': 'pole'}",10,0,0,1,0.64,4th Cross Road,Bengaluru
street_lamp,13.0034482,77.5536293,"{'highway': 'street_lamp', 'lamp_mount': 'bent_mast', 'lamp_type': 'LED', 'support': 'wall_mounted'}",10,0,0,4,0.46,,
street_lamp,13.0033485,77.5536071,"{'highway': 'street_lamp', 'lamp_mount': 'bent_mast', 'lamp_type': 'LED', 'support': 'wall_mounted'}",10,0,0,1,0.64,,
street_lamp,13.0038394,77.5537422,"{'highway': 'street_lamp', 'lamp_mount': 'bent_mast', 'lamp_type': 'LED', 'support': 'pole'}",10,0,0,0,0.7,,
street_lamp,13.0038071,77.553906,"{'highway': 'street_lamp', 'lamp_mount': 'bent_mast', 'lamp_type': 'electric', 'support': 'pole'}",10,0,0,2,0.58,,
street_lamp,13.0037552,77.5541385,"{'highway': 'street_lamp', 'lamp_mount': 'bent_mast', 'lamp_type': 'electric', 'support': 'pole'}",10,0,0,2,0.58,,
street_lamp,13.0038086,77.5542167,"{'highway': 'street_lamp', 'lamp_mount': 'bent_mast', 'lamp_type': 'electric', 'support': 'pole'}",10,0,0,0,0.7,,
street_lamp,13.0048865,77.5540254,"{'highway': 'street_lamp', 'lamp_mount': 'bent_mast', 'lamp_type': 'electric', 'support': 'pole'}",10,0,0,2,0.58,,
street_lamp,13.005262,77.5541187,"{'highway': 'street_lamp', 'lamp_mount': 'bent_mast', 'lamp_type': 'electric', 'support': 'pole'}",10,0,0,0,0.7,,
street_lamp,13.0053957,77.5539396,"{'highway': 'street_lamp', 'lamp_mount': 'bent_mast', 'lamp_type': 'electric', 'support': 'pole'}",10,0,0,1,0.64,,
street_lamp,13.0101471,77.5545791,"{'highway': 'street_lamp', 'lamp_mount': 'bent_mast', 'lamp_type': 'LED', 'support': 'wall_mounted'}",10,0,0,4,0.46,,
street_lamp,13.0101482,77.5545607,"{'highway': 'street_lamp', 'lamp_mount': 'bent_mast', 'lamp_type': 'LED', 'support': 'wall_mounted'}",10,0,0,3,0.52,,
street_lamp,13.0101702,77.5543586,"{'highway': 'street_lamp', 'lamp_mount': 'bent_mast', 'lamp_type': 'LED', 'support': 'pole'}",10,0,0,2,0.58,Dr. Rajkumar Road,Bangalore
street_lamp,13.0103664,77.5545714,"{'highway': 'street_lamp', 'lamp_mount': 'bent_mast', 'lamp_type': 'LED', 'support': 'pole'}",10,0,0,0,0.7,Dr. Rajkumar Road,Bangalore
street_lamp,13.0105204,77.5545841,"{'highway': 'street_lamp', 'lamp_mount': 'bent_mast', 'lamp_type': 'LED', 'support': 'pole'}",10,0,0,1,0.64,,
street_lamp,13.010659,77.5545813,"{'highway': 'street_lamp', 'lamp_mount': 'bent_mast', 'lamp_type': 'electric', 'support': 'pole'}",10,0,0,2,0.58,,
street_lamp,13.0108272,77.5545999,"{'highway': 'street_lamp', 'lamp_mount': 'bent_mast', 'lamp_type': 'electric', 'support': 'pole'}",10,0,0,3,0.52,,
street_lamp,13.010842,77.5543633,"{'highway': 'street_lamp', 'lamp_mount': 'bent_mast', 'lamp_type': 'LED', 'support': 'pole'}",10,0,0,0,0.7,,Bengaluru
street_lamp,13.0110515,77.5543611,"{'highway': 'street_lamp', 'lamp_mount': 'bent_mast', 'lamp_type': 'LED', 'support': 'pole'}",10,0,0,4,0.46,,Bengaluru
street_lamp,13.0113481,77.554571,"{'highway': 'street_lamp', 'lamp_mount': 'bent_mast', 'lamp_type': 'LED', 'support': 'pole'}",10,0,0,0,0.7,"Orion Mall, Shop No G 31, Gr Flr, Orion Mall, Rajaji Nagar Extention, Malleswaram West, Bhadrappa Layout, Rajaji Nagar",Bangalore
street_lamp,13.0114107,77.5545386,"{'highway': 'street_lamp', 'lamp_mount': 'bent_mast', 'lamp_type': 'electric', 'support': 'pole'}",10,0,0,0,0.7,,
street_lamp,13.0114036,77.5543575,"{'highway': 'street_lamp', 'lamp_mount': 'bent_mast', 'lamp_type': 'LED', 'support': 'pole'}",10,0,0,1,0.64,,
street_lamp,13.0112874,77.554324,"{'highway': 'street_lamp', 'lamp_mount': 'bent_mast', 'lamp_type': 'LED', 'support': 'pole'}",10,0,0,1,0.64,,Bengaluru
street_lamp,13.011651,77.5543425,"{'highway': 'street_lamp', 'lamp_mount': 'bent_mast', 'lamp_type': 'LED', 'support': 'pole'}",10,0,0,4,0.46,,
street_lamp,13.0116298,77.554565,"{'highway': 'street_lamp', 'lamp_mount': 'bent_mast', 'lamp_type': 'LED', 'support': 'pole'}",10,0,0,4,0.46,,
street_lamp,13.0117552,77.554537,"{'highway': 'street_lamp', 'lamp_mount': 'bent_mast', 'lamp_type': 'electric', 'support': 'pole'}",10,0,0,3,0.52,Dr. Rajkumar Road,Bangalore
street_lamp,13.0118182,77.554569,"{'highway': 'street_lamp', 'lamp_mount': 'bent_mast', 'lamp_type': 'electric', 'support': 'pole'}",10,0,0,4,0.46,,
street_lamp,13.012009,77.5545811,"{'highway': 'street_lamp', 'lamp_mount': 'bent_mast', 'lamp_type': 'electric', 'support': 'pole'}",10,0,0,2,0.58,,
street_lamp,13.0122179,77.5545374,"{'highway': 'street_lamp', 'lamp_mount': 'bent_mast', 'lamp_type': 'electric', 'support': 'pole'}",10,0,0,2,0.58,,Bengaluru
street_lamp,13.0123695,77.5545218,"{'highway': 'street_lamp', 'lamp_mount': 'bent_mast', 'lamp_type': 'electric', 'support': 'pole'}",10,0,0,2,0.58,,
street_lamp,13.0119643,77.5543372,"{'highway': 'street_lamp', 'lamp_mount': 'bent_mast', 'lamp_type': 'LED', 'support': 'pole'}",10,0,0,0,0.7,Dr. Rajkumar Road,Bengaluru
street_lamp,13.0122117,77.5542721,"{'highway': 'street_lamp', 'lamp_mount': 'bent_mast', 'lamp_type': 'LED', 'support': 'pole'}",10,0,0,4,0.46,,Bengaluru
street_lamp,13.0124026,77.5542872,"{'highway': 'street_lamp', 'lamp_mount': 'bent_mast', 'lamp_type': 'LED', 'support': 'pole'}",10,0,0,3,0.52,,Bengaluru
street_lamp,13.0124805,77.5541138,"{'highway': 'street_lamp', 'lamp_mount': 'bent_mast', 'lamp_type': 'LED', 'support': 'pole'}",10,0,0,0,0.7,Dr. Rajkumar Road,Bengaluru
street_lamp,13.012705,77.5540285,"{'highway': 'street_lamp', 'lamp_mount': 'bent_mast', 'lamp_type': 'LED', 'support': 'high_mast'}",10,0,0,3,0.52,,Bengaluru
street_lamp,13.0097757,77.5545634,"{'highway': 'street_lamp', 'lamp_mount': 'bent_mast', 'lamp_type': 'electric', 'support': 'pole'}",10,0,0,2,0.58,,Bengaluru
street_lamp,13.0098813,77.5543592,"{'highway': 'street_lamp', 'lamp_mount': 'bent_mast', 'lamp_type': 'LED', 'support': 'pole'}",10,0,0,1,0.64,,Bengaluru
street_lamp,13.0099796,77.5545841,"{'highway': 'street_lamp', 'lamp_mount': 'bent_mast', 'lamp_type': 'LED', 'support': 'pole'}",10,0,0,2,0.58,Dr. Rajkumar Road,Bangalore
street_lamp,13.0101237,77.5545413,"{'highway': 'street_lamp', 'lamp_mount': 'bent_mast', 'lamp_type': 'LED', 'support': 'billboard'}",10,0,0,0,0.7,Dr. Rajkumar Road,Bangalore
street_lamp,13.0101195,77.5545026,"{'highway': 'street_lamp', 'lamp_mount': 'bent_mast', 'lamp_type': 'LED', 'support': 'billboard'}",10,0,0,0,0.7,Dr. Rajkumar Road,Bangalore
street_lamp,13.0101235,77.5544667,"{'highway': 'street_lamp', 'lamp_mount': 'bent_mast', 'lamp_type': 'LED', 'support': 'billboard'}",10,0,0,0,0.7,Dr. Rajkumar Road,Bangalore
street_lamp,13.0101209,77.554435,"{'highway': 'street_lamp', 'lamp_mount': 'bent_mast', 'lamp_type': 'LED', 'support': 'billboard'}",10,0,0,3,0.52,Dr. Rajkumar Road,Bangalore
street_lamp,13.0101244,77.5544025,"{'highway': 'street_lamp', 'lamp_mount': 'bent_mast', 'lamp_type': 'LED', 'support': 'billboard'}",10,0,0,2,0.58,Dr. Rajkumar Road,Bangalore
street_lamp,13.010124,77.5543762,"{'highway': 'street_lamp', 'lamp_mount': 'bent_mast', 'lamp_type': 'LED', 'support': 'billboard'}",10,0,0,0,0.7,Dr. Rajkumar Road,Bangalore
street_lamp,13.0101338,77.554539,"{'highway': 'street_lamp', 'lamp_mount': 'bent_mast', 'lamp_type': 'LED', 'support': 'billboard'}",10,0,0,1,0.64,Dr. Rajkumar Road,Bangalore
street_lamp,13.010131,77.554502,"{'highway': 'street_lamp', 'lamp_mount': 'bent_mast', 'lamp_type': 'LED', 'support': 'billboard'}",10,0,0,4,0.46,Dr. Rajkumar Road,Bangalore
street_lamp,13.0101299,77.5544319,"{'highway': 'street_lamp', 'lamp_mount': 'bent_mast', 'lamp_type': 'LED', 'support': 'billboard'}",10,0,0,3,0.52,Dr. Rajkumar Road,Bangalore
street_lamp,13.0101314,77.5543771,"{'highway': 'street_lamp', 'lamp_mount': 'bent_mast', 'lamp_type': 'LED', 'support': 'billboard'}",10,0,0,2,0.58,,
street_lamp,13.0081867,77.5544502,"{'highway': 'street_lamp', 'lamp_mount': 'bent_mast', 'lamp_type': 'LED', 'support': 'pole'}",10,0,0,3,0.52,,Bengaluru
street_lamp,13.0081935,77.5543772,"{'highway': 'street_lamp', 'lamp_mount': 'bent_mast', 'lamp_type': 'LED', 'support': 'pole'}",10,0,0,4,0.46,,Bengaluru
street_lamp,13.0081256,77.5543731,"{'highway': 'street_lamp', 'lamp_mount': 'bent_mast', 'lamp_type': 'LED', 'support': 'pole'}",10,0,0,4,0.46,,Bengaluru
street_lamp,13.0082356,77.5545329,"{'highway': 'street_lamp', 'lamp_mount': 'bent_mast', 'lamp_type': 'LED', 'support': 'pole'}",10,0,0,3,0.52,,Bengaluru
street_lamp,13.0081322,77.5548398,"{'highway': 'street_lamp', 'lamp_mount': 'bent_mast', 'lamp_type': 'LED', 'support': 'pole'}",10,0,0,1,0.64,,
street_lamp,13.0085716,77.5543828,"{'highway': 'street_lamp', 'lamp_mount': 'bent_mast', 'lamp_type': 'LED', 'support': 'pole'}",10,0,0,4,0.46,,
street_lamp,13.008854,77.5543791,"{'highway': 'street_lamp', 'lamp_mount': 'bent_mast', 'lamp_type': 'LED', 'support': 'pole'}",10,0,0,1,0.64,,
street_lamp,13.0091099,77.5543907,"{'highway': 'street_lamp', 'lamp_mount': 'bent_mast', 'lamp_type': 'LED', 'support': 'pole'}",10,0,0,4,0.46,,
street_lamp,13.0093611,77.5543953,"{'highway': 'street_lamp', 'lamp_mount': 'bent_mast', 'lamp_type': 'LED', 'support': 'pole'}",10,0,0,2,0.58,,
street_lamp,13.0097256,77.5544609,"{'highway': 'street_lamp', 'lamp_mount': 'bent_mast', 'lamp_type': 'electric', 'support': 'pole'}",10,0,0,0,0.7,,
street_lamp,13.0094732,77.5546778,"{'highway': 'street_lamp', 'lamp_mount': 'bent_mast', 'lamp_type': 'LED', 'support': 'pole'}",10,0,0,2,0.58,,Bengaluru
street_lamp,13.0093458,77.5547158,"{'highway': 'street_lamp', 'lamp_mount': 'bent_mast', 'lamp_type': 'LED', 'support': 'pole'}",10,0,0,2,0.58,,Bengaluru
street_lamp,13.0096652,77.5546851,"{'highway': 'street_lamp', 'lamp_mount': 'bent_mast', 'lamp_type': 'LED', 'support': 'pole'}",10,0,0,0,0.7,,Bengaluru
street_lamp,13.0098166,77.5546838,"{'highway': 'street_lamp', 'lamp_mount': 'bent_mast', 'lamp_type': 'LED', 'support': 'pole'}",10,0,0,1,0.64,Dr. Rajkumar Road,Bangalore
street_lamp,13.0082253,77.5544482,"{'highway': 'street_lamp', 'lamp_mount': 'bent_mast', 'lamp_type': 'LED', 'support': 'pole'}",10,0,0,4,0.46,,Bengaluru
street_lamp,13.0082254,77.5543793,"{'highway': 'street_lamp', 'lamp_mount': 'bent_mast', 'lamp_type': 'LED', 'support': 'pole'}",10,0,0,3,0.52,,Bengaluru
street_lamp,13.0082697,77.5543755,"{'highway': 'street_lamp', 'lamp_mount': 'bent_mast', 'lamp_type': 'LED', 'support': 'pole'}",10,0,0,3,0.52,,
street_lamp,13.0084523,77.5545449,"{'highway': 'street_lamp', 'lamp_mount': 'bent_mast', 'lamp_type': 'LED', 'support': 'pole'}",10,0,0,4,0.46,,Bengaluru
street_lamp,13.0085939,77.5548389,"{'highway': 'street_lamp', 'lamp_mount': 'bent_mast', 'lamp_type': 'LED', 'support': 'pole'}",10,0,0,0,0.7,7th Cross Road,Bengaluru
street_lamp,13.0086897,77.5550531,"{'highway': 'street_lamp', 'lamp_mount': 'bent_mast', 'lamp_type': 'LED', 'support': 'pole'}",10,0,0,2,0.58,,Bengaluru
street_lamp,13.0123366,77.5531137,"{'highway': 'street_lamp', 'lamp_mount': 'bent_mast', 'lamp_type': 'LED', 'support': 'pole'}",10,0,0,3,0.52,Chord Road,Bengaluru
street_lamp,13.0124434,77.5525616,"{'highway': 'street_lamp', 'lamp_mount': 'bent_mast', 'lamp_type': 'LED', 'support': 'pole'}",10,0,0,3,0.52,Chord Road,Bengaluru
street_lamp,13.0124179,77.5525249,"{'highway': 'street_lamp', 'lamp_mount': 'bent_mast', 'lamp_type': 'electric', 'support': 'pole'}",10,0,0,4,0.46,Chord Road,Bengaluru
street_lamp,13.0125555,77.552381,"{'highway': 'street_lamp', 'lamp_mount': 'bent_mast', 'lamp_type': 'electric', 'support': 'pole'}",10,0,0,0,0.7,Chord Road,Bengaluru
street_lamp,13.0123702,77.5524187,"{'highway': 'street_lamp', 'lamp_mount': 'bent_mast', 'lamp_type': 'LED', 'support': 'pole'}",10,0,0,3,0.52,Chord Road,Bengaluru
street_lamp,13.0122802,77.5522643,"{'highway': 'street_lamp', 'lamp_mount': 'bent_mast', 'lamp_type': 'LED', 'support': 'pole'}",10,0,0,0,0.7,,Bengaluru
street_lamp,13.0125848,77.5536211,"{'highway': 'street_lamp', 'lamp_mount': 'bent_mast', 'lamp_type': 'LED', 'support': 'pole'}",10,0,0,4,0.46,,Bengaluru
street_lamp,13.0125996,77.5538882,"{'highway': 'street_lamp', 'lamp_mount': 'bent_mast', 'lamp_type': 'LED', 'support': 'pole'}",10,0,0,0,0.7,,Bengaluru
street_lamp,13.0127522,77.5537784,"{'highway': 'street_lamp', 'lamp_mount': 'bent_mast', 'lamp_type': 'LED', 'support': 'pole'}",10,0,0,0,0.7,Chord Road,Bengaluru
street_lamp,13.0127227,77.553519,"{'highway': 'street_lamp', 'lamp_mount': 'bent_mast', 'lamp_type': 'LED', 'support': 'pole'}",10,0,0,3,0.52,Chord Road,Bengaluru
street_lamp,13.0128571,77.5534893,"{'highway': 'street_lamp', 'lamp_mount': 'bent_mast', 'lamp_type': 'LED', 'support': 'pole'}",10,0,0,0,0.7,Chord Road,Bengaluru
street_lamp,13.01271,77.5532486,"{'highway': 'street_lamp', 'lamp_mount': 'bent_mast', 'lamp_type': 'electric', 'support': 'pole'}",10,0,0,4,0.46,Chord Road,Bengaluru
street_lamp,13.0125748,77.5529707,"{'highway': 'street_lamp', 'lamp_mount': 'bent_mast', 'lamp_type': 'LED', 'support': 'pole'}",10,0,0,0,0.7,Chord Road,Bengaluru
street_lamp,13.0122166,77.5521421,"{'highway': 'street_lamp', 'lamp_mount': 'bent_mast', 'lamp_type': 'LED', 'support': 'pole'}",10,0,0,3,0.52,,Bengaluru
street_lamp,13.012064,77.5518519,"{'highway': 'street_lamp', 'lamp_mount': 'bent_mast', 'lamp_type': 'LED', 'support': 'pole'}",10,0,0,3,0.52,Chord Road,Bengaluru
street_lamp,13.0121265,77.5519737,"{'highway': 'street_lamp', 'lamp_mount': 'bent_mast', 'lamp_type': 'LED', 'support': 'pole'}",10,0,0,1,0.64,Chord Road,Bengaluru
street_lamp,13.0119901,77.551707,"{'highway': 'street_lamp', 'lamp_mount': 'bent_mast', 'lamp_type': 'LED', 'support': 'pole'}",10,0,0,3,0.52,Chord Road,Bengaluru
street_lamp,13.0118816,77.5515159,"{'highway': 'street_lamp', 'lamp_mount': 'bent_mast', 'lamp_type': 'LED', 'support': 'pole'}",10,0,0,1,0.64,Chord Road,Bengaluru
street_lamp,13.0115463,77.5513438,"{'highway': 'street_lamp', 'lamp_mount': 'bent_mast', 'lamp_type': 'LED', 'support': 'billboard'}",10,0,0,0,0.7,Dhobi Ghat Road,Bengaluru
street_lamp,13.0115578,77.5513343,"{'highway': 'street_lamp', 'lamp_mount': 'bent_mast', 'lamp_type': 'LED', 'support': 'billboard'}",10,0,0,3,0.52,Dhobi Ghat Road,Bengaluru
street_lamp,13.0115731,77.5513279,"{'highway': 'street_lamp', 'lamp_mount': 'bent_mast', 'lamp_type': 'LED', 'support': 'billboard'}",10,0,0,3,0.52,Dhobi Ghat Road,Bengaluru
street_lamp,13.0116715,77.5512758,"{'highway': 'street_lamp', 'lamp_mount': 'bent_mast', 'lamp_type': 'LED', 'support': 'billboard'}",10,0,0,4,0.46,Dhobi Ghat Road,Bengaluru
street_lamp,13.0116886,77.5512673,"{'highway': 'street_lamp', 'lamp_mount': 'bent_mast', 'lamp_type': 'LED', 'support': 'billboard'}",10,0,0,4,0.46,Dhobi Ghat Road,Bengaluru
street_lamp,13.0117048,77.5512569,"{'highway': 'street_lamp', 'lamp_mount': 'bent_mast', 'lamp_type': 'LED', 'support': 'billboard'}",10,0,0,4,0.46,Dhobi Ghat Road,Bengaluru
street_lamp,13.0117071,77.5512441,"{'highway': 'street_lamp', 'lamp_mount': 'bent_mast', 'lamp_type': 'LED', 'support': 'billboard'}",10,0,0,0,0.7,Dhobi Ghat Road,Bengaluru
street_lamp,13.0116916,77.5512499,"{'highway': 'street_lamp', 'lamp_mount': 'bent_mast', 'lamp_type': 'LED', 'support': 'billboard'}",10,0,0,1,0.64,Dhobi Ghat Road,Bengaluru
street_lamp,13.0116701,77.55126,"{'highway': 'street_lamp', 'lamp_mount': 'bent_mast', 'lamp_type': 'LED', 'support': 'billboard'}",10,0,0,1,0.64,Dhobi Ghat Road,Bengaluru
street_lamp,13.0115679,77.551316,"{'highway': 'street_lamp', 'lamp_mount': 'bent_mast', 'lamp_type': 'LED', 'support': 'billboard'}",10,0,0,0,0.7,Dhobi Ghat Road,Bengaluru
street_lamp,13.0115508,77.5513223,"{'highway': 'street_lamp', 'lamp_mount': 'bent_mast', 'lamp_type': 'LED', 'support': 'billboard'}",10,0,0,3,0.52,Dhobi Ghat Road,Bengaluru
street_lamp,13.0115384,77.5513309,"{'highway': 'street_lamp', 'lamp_mount': 'bent_mast', 'lamp_type': 'LED', 'support': 'billboard'}",10,0,0,2,0.58,Dhobi Ghat Road,Bengaluru
street_lamp,13.0118389,77.5513777,"{'highway': 'street_lamp', 'lamp_mount': 'bent_mast', 'lamp_type': 'LED', 'support': 'pole'}",10,0,0,2,0.58,Chord Road,Bengaluru
street_lamp,13.011519,77.5514816,"{'highway': 'street_lamp', 'lamp_mount': 'bent_mast', 'lamp_type': 'electric', 'support': 'pole'}",10,0,0,4,0.46,Dhobi Ghat Road,Bengaluru
street_lamp,13.0113888,77.5515898,"{'highway': 'street_lamp', 'lamp_mount': 'bent_mast', 'lamp_type': 'electric', 'support': 'pole'}",10,0,0,4,0.46,Chord Road,Bengaluru
street_lamp,13.0112454,77.5517566,"{'highway': 'street_lamp', 'lamp_mount': 'bent_mast', 'lamp_type': 'electric', 'support': 'pole'}",10,0,0,0,0.7,,Bengaluru
street_lamp,13.0110688,77.5519214,"{'highway': 'street_lamp', 'lamp_mount': 'bent_mast', 'lamp_type': 'electric', 'support': 'pole'}",10,0,0,1,0.64,,Bengaluru
street_lamp,13.0117654,77.5512419,"{'highway': 'street_lamp', 'lamp_mount': 'bent_mast', 'lamp_type': 'LED', 'support': 'pole'}",10,0,0,1,0.64,Dhobi Ghat Road,Bengaluru
street_lamp,13.0116988,77.5511878,"{'highway': 'street_lamp', 'lamp_mount': 'bent_mast', 'lamp_type': 'LED', 'support': 'pole'}",10,0,0,1,0.64,Dhobi Ghat Road,Bengaluru
street_lamp,13.0116278,77.5510613,"{'highway': 'street_lamp', 'lamp_mount': 'bent_mast', 'lamp_type': 'LED', 'support': 'pole'}",10,0,0,4,0.46,Dhobi Ghat Road,Bengaluru
street_lamp,13.0116106,77.5510204,"{'highway': 'street_lamp', 'lamp_mount': 'high_mast', 'lamp_type': 'LED', 'support': 'pole'}",10,0,0,3,0.52,Dhobi Ghat Road,Bengaluru
street_lamp,13.0114064,77.551098,"{'highway': 'street_lamp', 'lamp_mount': 'bent_mast', 'lamp_type': 'LED', 'support': 'pole'}",10,0,0,2,0.58,Dhobi Ghat Road,Bengaluru
street_lamp,13.0113344,77.5509689,"{'highway': 'street_lamp', 'lamp_mount': 'bent_mast', 'lamp_type': 'LED', 'support': 'pole'}",10,0,0,1,0.64,Dhobi Ghat Road,Bengaluru
street_lamp,13.0115346,77.5508798,"{'highway': 'street_lamp', 'lamp_mount': 'bent_mast', 'lamp_type': 'LED', 'support': 'pole'}",10,0,0,0,0.7,Dhobi Ghat Road,Bengaluru
street_lamp,13.0113661,77.5510291,"{'highway': 'street_lamp', 'lamp_mount': 'bent_mast', 'lamp_type': 'LED', 'support': 'pole'}",10,0,0,3,0.52,Dhobi Ghat Road,Bengaluru
street_lamp,13.0116802,77.5506413,"{'highway': 'street_lamp', 'lamp_mount': 'bent_mast', 'lamp_type': 'LED', 'support': 'pole'}",10,0,0,2,0.58,Chord Road,Bengaluru
street_lamp,13.0114958,77.5508228,"{'highway': 'street_lamp', 'lamp_mount': 'bent_mast', 'lamp_type': 'LED', 'support': 'pole'}",10,0,0,4,0.46,Chord Road,Bengaluru
street_lamp,13.0114358,77.5507332,"{'highway': 'street_lamp', 'lamp_mount': 'bent_mast', 'lamp_type': 'LED', 'support': 'pole'}",10,0,0,4,0.46,Chord Road,Bengaluru
street_lamp,13.0111617,77.5508889,"{'highway': 'street_lamp', 'lamp_mount': 'bent_mast', 'lamp_type': 'LED', 'support': 'pole'}",10,0,0,2,0.58,Chord Road,Bengaluru
street_lamp,13.0111792,77.5509365,"{'highway': 'street_lamp', 'lamp_mount': 'bent_mast', 'lamp_type': 'LED', 'support': 'pole'}",10,0,0,1,0.64,Chord Road,Bengaluru
street_lamp,13.0112859,77.5511166,"{'highway': 'street_lamp', 'lamp_mount': 'bent_mast', 'lamp_type': 'LED', 'support': 'pole'}",10,0,0,0,0.7,,
street_lamp,13.0113447,77.5513006,"{'highway': 'street_lamp', 'lamp_mount': 'bent_mast', 'lamp_type': 'LED', 'support': 'pole'}",10,0,0,2,0.58,,
street_lamp,13.010135,77.5496434,"{'highway': 'street_lamp', 'lamp_mount': 'bent_mast', 'lamp_type': 'LED', 'support': 'pole'}",10,0,0,0,0.7,,
street_lamp,13.0102055,77.5493504,"{'highway': 'street_lamp', 'lamp_mount': 'bent_mast', 'lamp_type': 'LED', 'support': 'pole'}",10,0,0,2,0.58,,
street_lamp,13.0100886,77.5491502,"{'highway': 'street_lamp', 'lamp_mount': 'bent_mast', 'lamp_type': 'electric', 'support': 'pole'}",10,0,0,2,0.58,,
street_lamp,13.0101113,77.5490758,"{'highway': 'street_lamp', 'lamp_mount': 'bent_mast', 'lamp_type': 'LED', 'support': 'pole'}",10,0,0,0,0.7,,
street_lamp,13.0110349,77.5505443,"{'highway': 'street_lamp', 'lamp_mount': 'bent_mast', 'lamp_type': 'LED', 'support': 'pole'}",10,0,0,1,0.64,Chord Road,Bengaluru
street_lamp,13.0109087,77.550426,"{'highway': 'street_lamp', 'lamp_mount': 'bent_mast', 'lamp_type': 'LED', 'support': 'pole'}",10,0,0,0,0.7,,
street_lamp,13.0113315,77.5505905,"{'highway': 'street_lamp', 'lamp_mount': 'bent_mast', 'lamp_type': 'LED', 'support': 'pole'}",10,0,0,3,0.52,,
street_lamp,13.0112264,77.5504387,"{'highway': 'street_lamp', 'lamp_mount': 'bent_mast', 'lamp_type': 'LED', 'support': 'pole'}",10,0,0,3,0.52,,
street_lamp,13.0111231,77.5502868,"{'highway': 'street_lamp', 'lamp_mount': 'bent_mast', 'lamp_type': 'LED', 'support': 'pole'}",10,0,0,1,0.64,,
street_lamp,13.0107254,77.5502137,"{'highway': 'street_lamp', 'lamp_mount': 'bent_mast', 'lamp_type': 'LED', 'support': 'pole'}",10,0,0,2,0.58,,
street_lamp,13.0109525,77.5500684,"{'highway': 'street_lamp', 'lamp_mount': 'bent_mast', 'lamp_type': 'LED', 'support': 'pole'}",10,0,0,2,0.58,,
street_lamp,13.0106839,77.5500884,"{'highway': 'street_lamp', 'lamp_mount': 'bent_mast', 'lamp_type': 'LED', 'support': 'pole'}",10,0,0,3,0.52,,
street_lamp,13.0108602,77.5498804,"{'highway': 'street_lamp', 'lamp_mount': 'bent_mast', 'lamp_type': 'LED', 'support': 'pole'}",10,0,0,4,0.46,,
street_lamp,13.0106581,77.5497474,"{'highway': 'street_lamp', 'lamp_mount': 'bent_mast', 'lamp_type': 'LED', 'support': 'pole'}",10,0,0,2,0.58,,
street_lamp,13.0104548,77.550149,"{'highway': 'street_lamp', 'lamp_mount': 'bent_mast', 'lamp_type': 'electric', 'support': 'pole'}",10,0,0,1,0.64,20th B Main Road,Bengaluru
street_lamp,13.0102638,77.550258,"{'highway': 'street_lamp', 'lamp_mount': 'bent_mast', 'lamp_type': 'electric', 'support': 'pole'}",10,0,0,3,0.52,Chord Road,Bengaluru
street_lamp,13.0102261,77.5502741,"{'highway': 'street_lamp', 'lamp_mount': 'bent_mast', 'lamp_type': 'LED', 'support': 'pole'}",10,0,0,4,0.46,,
street_lamp,13.011069,77.5507631,"{'highway': 'street_lamp', 'lamp_mount': 'bent_mast', 'lamp_type': 'LED', 'support': 'pole'}",10,0,0,4,0.46,,
street_lamp,13.011049,77.5508306,"{'highway': 'street_lamp', 'lamp_mount': 'bent_mast', 'lamp_type': 'LED', 'support': 'pole'}",10,0,0,4,0.46,Chord Road,Bengaluru
street_lamp,13.0109422,77.5508913,"{'highway': 'street_lamp', 'lamp_mount': 'bent_mast', 'lamp_type': 'LED', 'support': 'pole'}",10,0,0,0,0.7,Chord Road,Bengaluru
street_lamp,13.0107821,77.5508356,"{'highway': 'street_lamp', 'lamp_mount': 'bent_mast', 'lamp_type': 'LED', 'support': 'pole'}",10,0,0,2,0.58,Chord Road,Bengaluru
street_lamp,13.0104305,77.5498849,"{'highway': 'street_lamp', 'lamp_mount': 'bent_mast', 'lamp_type': 'LED', 'support': 'pole'}",10,0,0,1,0.64,20th B Main Road,Bengaluru
street_lamp,13.0102953,77.5498618,"{'highway': 'street_lamp', 'lamp_mount': 'bent_mast', 'lamp_type': 'electric', 'support': 'pole'}",10,0,0,3,0.52,,Bengaluru
street_lamp,13.010379,77.5498176,"{'highway': 'street_lamp', 'lamp_mount': 'bent_mast', 'lamp_type': 'LED', 'support': 'pole'}",10,0,0,1,0.64,,Bengaluru
street_lamp,13.0105085,77.5496095,"{'highway': 'street_lamp', 'lamp_mount': 'bent_mast', 'lamp_type': 'LED', 'support': 'pole'}",10,0,0,3,0.52,20th B Main Road,Bengaluru
street_lamp,13.0099248,77.549483,"{'highway': 'street_lamp', 'lamp_mount': 'bent_mast', 'lamp_type': 'LED', 'support': 'pole'}",10,0,0,3,0.52,20th A Main Road,Bengaluru
street_lamp,13.0097025,77.5493525,"{'highway': 'street_lamp', 'lamp_mount': 'bent_mast', 'lamp_type': 'LED', 'support': 'pole'}",10,0,0,2,0.58,Chord Road,Bengaluru
street_lamp,13.0095022,77.549256,"{'highway': 'street_lamp', 'lamp_mount': 'bent_mast', 'lamp_type': 'LED', 'support': 'pole'}",10,0,0,0,0.7,,
street_lamp,13.009586,77.5490678,"{'highway': 'street_lamp', 'lamp_mount': 'bent_mast', 'lamp_type': 'LED', 'support': 'pole'}",10,0,0,4,0.46,Chord Road,Bengaluru
street_lamp,13.0093516,77.5491799,"{'highway': 'street_lamp', 'lamp_mount': 'bent_mast', 'lamp_type': 'LED', 'support': 'pole'}",10,0,0,3,0.52,Chord Road,Bengaluru
street_lamp,13.0092347,77.5491327,"{'highway': 'street_lamp', 'lamp_mount': 'bent_mast', 'lamp_type': 'LED', 'support': 'pole'}",10,0,0,0,0.7,Chord Road,Bengaluru
street_lamp,13.0090584,77.5490673,"{'highway': 'street_lamp', 'lamp_mount': 'bent_mast', 'lamp_type': 'LED', 'support': 'pole'}",10,0,0,1,0.64,1st Cross Road,Bengaluru
street_lamp,13.009103,77.548883,"{'highway': 'street_lamp', 'lamp_mount': 'bent_mast', 'lamp_type': 'LED', 'support': 'pole'}",10,0,0,2,0.58,Chord Road,Bengaluru
street_lamp,13.0089828,77.5491407,"{'highway': 'street_lamp', 'lamp_mount': 'bent_mast', 'lamp_type': 'LED', 'support': 'pole'}",10,0,0,0,0.7,1st Cross Road,Bengaluru
street_lamp,13.0089762,77.5491772,"{'highway': 'street_lamp', 'lamp_mount': 'bent_mast', 'lamp_type': 'electric', 'support': 'pole'}",10,0,0,1,0.64,1st Cross Road,Bengaluru
street_lamp,13.0088968,77.5494919,"{'highway': 'street_lamp', 'lamp_mount': 'bent_mast', 'lamp_type': 'LED', 'support': 'pole'}",10,0,0,3,0.52,,Bengaluru
street_lamp,13.0089927,77.5488477,"{'highway': 'street_lamp', 'lamp_mount': 'bent_mast', 'lamp_type': 'LED', 'support': 'pole'}",10,0,0,2,0.58,,Bengaluru
street_lamp,13.008966,77.5489374,"{'highway': 'street_lamp', 'lamp_mount': 'bent_mast', 'lamp_type': 'LED', 'support': 'pole'}",10,0,0,0,0.7,1st Cross Road,Bengaluru
street_lamp,13.0089297,77.5490371,"{'highway': 'street_lamp', 'lamp_mount': 'bent_mast', 'lamp_type': 'LED', 'support': 'pole'}",10,0,0,2,0.58,1st Cross Road,Bengaluru
street_lamp,13.0062665,77.5488201,"{'highway': 'street_lamp', 'lamp_mount': 'bent_mast', 'lamp_type': 'LED', 'support': 'pole'}",10,0,0,2,0.58,"1st 'R' Block, Near Mahalakshmi Layout Entrance",bangalore
street_lamp,13.0060472,77.548584,"{'highway': 'street_lamp', 'lamp_mount': 'high_mast', 'lamp_type': 'LED', 'support': 'pole'}",10,0,0,3,0.52,Pipeline Road,Bengaluru
street_lamp,13.0061377,77.5485697,"{'highway': 'street_lamp', 'lamp_mount': 'bent_mast', 'lamp_type': 'LED', 'support': 'pole'}",10,0,0,4,0.46,Pipeline Road,Bengaluru
street_lamp,13.0062706,77.5491716,"{'highway': 'street_lamp', 'lamp_mount': 'bent_mast', 'lamp_type': 'electric', 'support': 'pole'}",10,0,0,0,0.7,20th Main Road,Bengaluru
street_lamp,13.0061143,77.5488722,"{'highway': 'street_lamp', 'lamp_mount': 'bent_mast', 'lamp_type': 'LED', 'support': 'pole'}",10,0,0,3,0.52,Chord Road,Bengaluru
street_lamp,13.0059885,77.5486287,"{'highway': 'street_lamp', 'lamp_mount': 'bent_mast', 'lamp_type': 'LED', 'support': 'pole'}",10,0,0,1,0.64,,Bengaluru
street_lamp,13.0059569,77.5489001,"{'highway': 'street_lamp', 'lamp_mount': 'bent_mast', 'lamp_type': 'LED', 'support': 'pole'}",10,0,0,4,0.46,Chord Road,Bengaluru
street_lamp,13.0059037,77.5489101,"{'highway': 'street_lamp', 'lamp_mount': 'bent_mast', 'lamp_type': 'LED', 'support': 'pole'}",10,0,0,3,0.52,Chord Road,Bengaluru
street_lamp,13.0058606,77.5486107,"{'highway': 'street_lamp', 'lamp_mount': 'bent_mast', 'lamp_type': 'LED', 'support': 'pole'}",10,0,0,0,0.7,WOC Service Road,Bengaluru
street_lamp,13.0056763,77.5486933,"{'highway': 'street_lamp', 'lamp_mount': 'bent_mast', 'lamp_type': 'LED', 'support': 'pole'}",10,0,0,0,0.7,,Bengaluru
street_lamp,13.005579,77.5487068,"{'highway': 'street_lamp', 'lamp_mount': 'bent_mast', 'lamp_type': 'LED', 'support': 'pole'}",10,0,0,0,0.7,,Bengaluru
street_lamp,13.0045436,77.5491058,"{'highway': 'street_lamp', 'lamp_mount': 'bent_mast', 'lamp_type': 'LED', 'support': 'pole'}",10,0,0,4,0.46,,Bengaluru
street_lamp,13.0045079,77.5489384,"{'highway': 'street_lamp', 'lamp_mount': 'bent_mast', 'lamp_type': 'LED', 'support': 'pole'}",10,0,0,1,0.64,,Bengaluru
street_lamp,13.0050156,77.5491984,"{'highway': 'street_lamp', 'lamp_mount': 'bent_mast', 'lamp_type': 'LED', 'support': 'pole'}",10,0,0,2,0.58,,Bengaluru
street_lamp,13.0049042,77.5489972,"{'highway': 'street_lamp', 'lamp_mount': 'bent_mast', 'lamp_type': 'LED', 'support': 'pole'}",10,0,0,0,0.7,,Bengaluru
street_lamp,13.0048942,77.548907,"{'highway': 'street_lamp', 'lamp_mount': 'bent_mast', 'lamp_type': 'LED', 'support': 'pole'}",10,0,0,3,0.52,,Bengaluru
street_lamp,13.008756,77.5487796,"{'direction': '102', 'highway': 'street_lamp', 'lamp_mount': 'bent_mast', 'lamp_type': 'LED', 'support': 'wall_mounted'}",10,0,0,2,0.58,Chord Road,Bengaluru
street_lamp,13.0086553,77.5487615,"{'direction': '7', 'highway': 'street_lamp', 'lamp_mount': 'bent_mast', 'lamp_type': 'LED', 'support': 'wall_mounted'}",10,0,0,1,0.64,Chord Road,Bengaluru
street_lamp,13.0085433,77.5487374,"{'direction': '10', 'highway': 'street_lamp', 'lamp_mount': 'bent_mast', 'lamp_type': 'LED', 'support': 'wall_mounted'}",10,0,0,0,0.7,Chord Road,Bengaluru
street_lamp,13.0083732,77.5486984,"{'direction': '95', 'highway': 'street_lamp', 'lamp_mount': 'bent_mast', 'lamp_type': 'LED', 'support': 'wall_mounted'}",10,0,0,4,0.46,,Bengaluru
street_lamp,13.0082681,77.5486746,"{'highway': 'street_lamp', 'lamp_mount': 'bent_mast', 'lamp_type': 'LED', 'support': 'wall_mounted'}",10,0,0,4,0.46,Chord Road,Bengaluru
street_lamp,13.0080046,77.5490487,"{'highway': 'street_lamp', 'lamp_mount': 'bent_mast', 'lamp_type': 'electric', 'support': 'pole'}",10,0,0,0,0.7,2nd Cross Road,Bengaluru
street_lamp,13.0079139,77.5493098,"{'highway': 'street_lamp', 'lamp_mount': 'bent_mast', 'lamp_type': 'LED', 'support': 'pole'}",10,0,0,1,0.64,,Bengaluru
street_lamp,13.0077274,77.548401,"{'highway': 'street_lamp', 'lamp_mount': 'bent_mast', 'lamp_type': 'electric', 'support': 'pole'}",10,0,0,1,0.64,,Bengaluru
street_lamp,13.007759,77.5482358,"{'highway': 'street_lamp', 'lamp_mount': 'bent_mast', 'lamp_type': 'electric', 'support': 'pole'}",10,0,0,4,0.46,12th Cross Road,Bengaluru
street_lamp,13.007494,77.5485326,"{'highway': 'street_lamp', 'lamp_mount': 'bent_mast', 'lamp_type': 'LED', 'support': 'pole'}",10,0,0,4,0.46,WOC Service Road,Bengaluru
street_lamp,13.0073194,77.5487896,"{'highway': 'street_lamp', 'lamp_mount': 'bent_mast', 'lamp_type': 'LED', 'support': 'pole'}",10,0,0,0,0.7,Chord Road,Bengaluru
street_lamp,13.0071655,77.5487699,"{'highway': 'street_lamp', 'lamp_mount': 'bent_mast', 'lamp_type': 'LED', 'support': 'pole'}",10,0,0,2,0.58,Chord Road,Bengaluru
street_lamp,13.0071962,77.5484913,"{'highway': 'street_lamp', 'lamp_mount': 'bent_mast', 'lamp_type': 'LED', 'support': 'pole'}",10,0,0,1,0.64,WOC Service Road,Bengaluru
street_lamp,13.0069199,77.548754,"{'highway': 'street_lamp', 'lamp_mount': 'bent_mast', 'lamp_type': 'LED', 'support': 'pole'}",10,0,0,3,0.52,Chord Road,Bengaluru
street_lamp,13.0068868,77.5484732,"{'highway': 'street_lamp', 'lamp_mount': 'bent_mast', 'lamp_type': 'LED', 'support': 'pole'}",10,0,0,2,0.58,WOC Service Road,Bengaluru
street_lamp,13.0069713,77.54848,"{'highway': 'street_lamp', 'lamp_mount': 'bent_mast', 'lamp_type': 'LED', 'support': 'pole'}",10,0,0,1,0.64,WOC Service Road,Bengaluru
street_lamp,13.0066575,77.5487482,"{'highway': 'street_lamp', 'lamp_mount': 'bent_mast', 'lamp_type': 'LED', 'support': 'pole'}",10,0,0,4,0.46,Chord Road,Bengaluru
street_lamp,13.0064729,77.5485209,"{'highway': 'street_lamp', 'lamp_mount': 'bent_mast', 'lamp_type': 'electric', 'support': 'pole'}",10,0,0,3,0.52,WOC Service Road,Bengaluru
street_lamp,13.006502,77.5488231,"{'highway': 'street_lamp', 'lamp_mount': 'bent_mast', 'lamp_type': 'electric', 'support': 'pole'}",10,0,0,4,0.46,"1st 'R' Block, Near Mahalakshmi Layout Entrance",bangalore
street_lamp,13.0066023,77.5490274,"{'highway': 'street_lamp', 'lamp_mount': 'bent_mast', 'lamp_type': 'electric', 'support': 'pole'}",10,0,0,1,0.64,3rd Cross Road,Bengaluru
street_lamp,13.0066944,77.5491996,"{'highway': 'street_lamp', 'lamp_mount': 'bent_mast', 'lamp_type': 'LED', 'support': 'pole'}",10,0,0,0,0.7,,Bengaluru
street_lamp,13.0067774,77.5492423,"{'highway': 'street_lamp', 'lamp_mount': 'bent_mast', 'lamp_type': 'LED', 'support': 'pole'}",10,0,0,0,0.7,,Bengaluru
street_lamp,13.0088985,77.5489637,"{'highway': 'street_lamp', 'lamp_mount': 'ceiling', 'lamp_type': 'LED', 'support': 'ceiling'}",10,0,0,0,0.7,1st Cross Road,Bengaluru
street_lamp,13.0089205,77.5488662,"{'highway': 'street_lamp', 'lamp_mount': 'ceiling', 'lamp_type': 'LED', 'support': 'ceiling'}",10,0,0,1,0.64,,Bengaluru
street_lamp,13.0087159,77.5489363,"{'highway': 'street_lamp', 'lamp_mount': 'ceiling', 'lamp_type': 'LED', 'support': 'ceiling'}",10,0,0,0,0.7,Chord Road,Bengaluru
street_lamp,13.008736,77.5488253,"{'highway': 'street_lamp', 'lamp_mount': 'ceiling', 'lamp_type': 'LED', 'support': 'ceiling'}",10,0,0,3,0.52,Chord Road,Bengaluru
street_lamp,13.0085546,77.5487778,"{'highway': 'street_lamp', 'lamp_mount': 'ceiling', 'lamp_type': 'LED', 'support': 'ceiling'}",10,0,0,2,0.58,Chord Road,Bengaluru
street_lamp,13.0085271,77.5489072,"{'highway': 'street_lamp', 'lamp_mount': 'ceiling', 'lamp_type': 'LED', 'support': 'ceiling'}",10,0,0,4,0.46,Chord Road,Bengaluru
street_lamp,13.0083982,77.5488832,"{'highway': 'street_lamp', 'lamp_mount': 'ceiling', 'lamp_type': 'LED', 'support': 'ceiling'}",10,0,0,0,0.7,,Bengaluru
street_lamp,13.0084186,77.5487493,"{'highway': 'street_lamp', 'lamp_mount': 'ceiling', 'lamp_type': 'LED', 'support': 'ceiling'}",10,0,0,1,0.64,,Bengaluru
street_lamp,13.0082558,77.5487088,"{'highway': 'street_lamp', 'lamp_mount': 'ceiling', 'lamp_type': 'LED', 'support': 'ceiling'}",10,0,0,3,0.52,Chord Road,Bengaluru
street_lamp,13.0082275,77.5488592,"{'highway': 'street_lamp', 'lamp_mount': 'ceiling', 'lamp_type': 'LED', 'support': 'ceiling'}",10,0,0,3,0.52,Chord Road,Bengaluru
street_lamp,13.0080761,77.5488363,"{'highway': 'street_lamp', 'lamp_mount': 'ceiling', 'lamp_type': 'LED', 'support': 'ceiling'}",10,0,0,4,0.46,Chord Road,Bengaluru
street_lamp,13.0080995,77.5486645,"{'highway': 'street_lamp', 'lamp_mount': 'ceiling', 'lamp_type': 'LED', 'support': 'ceiling'}",10,0,0,4,0.46,Chord Road,Bengaluru
street_lamp,13.0079021,77.5488111,"{'highway': 'street_lamp', 'lamp_mount': 'ceiling', 'lamp_type': 'LED', 'support': 'ceiling'}",10,0,0,3,0.52,2nd Cross Road,Bengaluru
street_lamp,13.0078831,77.5486245,"{'highway': 'street_lamp', 'lamp_mount': 'ceiling', 'lamp_type': 'LED', 'support': 'ceiling'}",10,0,0,4,0.46,Chord Road,Bengaluru
street_lamp,13.003857,77.5493952,"{'highway': 'street_lamp', 'lamp_mount': 'bent_mast', 'lamp_type': 'electric', 'support': 'pole'}",10,0,0,3,0.52,Vidhya Vardhaka Sangha Road,Bengaluru
street_lamp,13.0035582,77.5494175,"{'highway': 'street_lamp', 'lamp_mount': 'bent_mast', 'lamp_type': 'electric', 'support': 'pole'}",10,0,0,2,0.58,,Bengaluru
street_lamp,13.0006469,77.5495066,"{'highway': 'street_lamp', 'lamp_mount': 'bent_mast', 'lamp_type': 'LED', 'support': 'pole'}",10,0,0,4,0.46,Chord Road,Bengaluru
street_lamp,13.0005033,77.5497749,"{'highway': 'street_lamp', 'lamp_mount': 'bent_mast', 'lamp_type': 'LED', 'support': 'wall_mounted'}",10,0,0,3,0.52,,Bengaluru
street_lamp,13.0032561,77.5494654,"{'highway': 'street_lamp', 'lamp_mount': 'bent_mast', 'lamp_type': 'electric', 'support': 'pole'}",10,0,0,2,0.58,,Bengaluru
street_lamp,13.0026403,77.5495287,"{'highway': 'street_lamp', 'lamp_mount': 'bent_mast', 'lamp_type': 'electric', 'support': 'pole'}",10,0,0,1,0.64,,Bengaluru
street_lamp,13.0024638,77.549406,"{'highway': 'street_lamp', 'lamp_mount': 'bent_mast', 'lamp_type': 'LED', 'support': 'pole'}",10,0,0,4,0.46,,Bengaluru
street_lamp,13.0024852,77.5495731,"{'highway': 'street_lamp', 'lamp_mount': 'bent_mast', 'lamp_type': 'electric', 'support': 'pole'}",10,0,0,0,0.7,,Bengaluru
street_lamp,13.002348,77.549609,"{'highway': 'street_lamp', 'lamp_mount': 'bent_mast', 'lamp_type': 'electric', 'support': 'pole'}",10,0,0,0,0.7,,Bengaluru
street_lamp,13.0023106,77.5494379,"{'highway': 'street_lamp', 'lamp_mount': 'bent_mast', 'lamp_type': 'LED', 'support': 'pole'}",10,0,0,3,0.52,,Bengaluru
street_lamp,13.0024604,77.549325,"{'highway': 'street_lamp', 'lamp_mount': 'bent_mast', 'lamp_type': 'LED', 'support': 'pole'}",10,0,0,1,0.64,,Bengaluru
street_lamp,13.0020829,77.5496334,"{'highway': 'street_lamp', 'lamp_mount': 'bent_mast', 'lamp_type': 'electric', 'support': 'pole'}",10,0,0,3,0.52,,Bengaluru
street_lamp,13.001822,77.549682,"{'highway': 'street_lamp', 'lamp_mount': 'bent_mast', 'lamp_type': 'electric', 'support': 'pole'}",10,0,0,4,0.46,,Bengaluru
street_lamp,13.0015688,77.5497224,"{'highway': 'street_lamp', 'lamp_mount': 'bent_mast', 'lamp_type': 'electric', 'support': 'pole'}",10,0,0,3,0.52,,Bengaluru
street_lamp,13.0012884,77.5497625,"{'highway': 'street_lamp', 'lamp_mount': 'bent_mast', 'lamp_type': 'electric', 'support': 'pole'}",10,0,0,1,0.64,,Bengaluru
street_lamp,13.0009488,77.5498293,"{'highway': 'street_lamp', 'lamp_mount': 'bent_mast', 'lamp_type': 'LED', 'support': 'pole'}",10,0,0,2,0.58,Chord Road,Bengaluru
street_lamp,13.0006148,77.5498858,"{'highway': 'street_lamp', 'lamp_mount': 'bent_mast', 'lamp_type': 'electric', 'support': 'pole'}",10,0,0,0,0.7,,Bengaluru
street_lamp,13.0023747,77.5498832,"{'highway': 'street_lamp', 'lamp_mount': 'bent_mast', 'lamp_type': 'electric', 'support': 'pole'}",10,0,0,4,0.46,19th Main Road,Bengaluru
street_lamp,13.0017167,77.5493135,"{'highway': 'street_lamp', 'lamp_mount': 'bent_mast', 'lamp_type': 'LED', 'support': 'pole'}",10,0,0,3,0.52,Nagapura Main Road,Bengaluru
street_lamp,13.0014868,77.5493513,"{'highway': 'street_lamp', 'lamp_mount': 'bent_mast', 'lamp_type': 'LED', 'support': 'pole'}",10,0,0,3,0.52,Chord Road,Bangalore
street_lamp,13.001228,77.549399,"{'highway': 'street_lamp', 'lamp_mount': 'bent_mast', 'lamp_type': 'LED', 'support': 'pole'}",10,0,0,0,0.7,Chord Road,Bengaluru
street_lamp,13.0009248,77.5494473,"{'highway': 'street_lamp', 'lamp_mount': 'bent_mast', 'lamp_type': 'LED', 'support': 'pole'}",10,0,0,1,0.64,Chord Road,Bangalore
street_lamp,13.0009732,77.5497061,"{'highway': 'street_lamp', 'lamp_mount': 'bent_mast', 'lamp_type': 'LED', 'support': 'pole'}",10,0,0,3,0.52,Chord Road,Bengaluru
street_lamp,13.0043282,77.5491481,"{'highway': 'street_lamp', 'lamp_mount': 'bent_mast', 'lamp_type': 'LED', 'support': 'pole'}",10,0,0,3,0.52,,Bengaluru
street_lamp,13.0042987,77.5489712,"{'highway': 'street_lamp', 'lamp_mount': 'bent_mast', 'lamp_type': 'LED', 'support': 'pole'}",10,0,0,2,0.58,,Bengaluru
street_lamp,13.0040875,77.5490106,"{'highway': 'street_lamp', 'lamp_mount': 'bent_mast', 'lamp_type': 'LED', 'support': 'pole'}",10,0,0,4,0.46,Rajajinagar 1st Block Flyover,Bengaluru
street_lamp,13.0041032,77.5491846,"{'highway': 'street_lamp', 'lamp_mount': 'bent_mast', 'lamp_type': 'LED', 'support': 'pole'}",10,0,0,0,0.7,Rajajinagar 1st Block Flyover,Bengaluru
street_lamp,13.0038553,77.5492332,"{'highway': 'street_lamp', 'lamp_mount': 'bent_mast', 'lamp_type': 'LED', 'support': 'pole'}",10,0,0,4,0.46,,Bengaluru
street_lamp,13.0038298,77.5490526,"{'highway': 'street_lamp', 'lamp_mount': 'bent_mast', 'lamp_type': 'LED', 'support': 'pole'}",10,0,0,1,0.64,,Bengaluru
street_lamp,13.0035795,77.5490953,"{'highway': 'street_lamp', 'lamp_mount': 'bent_mast', 'lamp_type': 'LED', 'support': 'pole'}",10,0,0,1,0.64,Rajajinagar 1st Block Flyover,Bengaluru
street_lamp,13.0035995,77.5492748,"{'highway': 'street_lamp', 'lamp_mount': 'bent_mast', 'lamp_type': 'LED', 'support': 'pole'}",10,0,0,4,0.46,5th Cross Road,Bengaluru
street_lamp,13.0033607,77.5493167,"{'highway': 'street_lamp', 'lamp_mount': 'bent_mast', 'lamp_type': 'LED', 'support': 'pole'}",10,0,0,4,0.46,,Bengaluru
street_lamp,13.003327,77.5491361,"{'highway': 'street_lamp', 'lamp_mount': 'bent_mast', 'lamp_type': 'LED', 'support': 'pole'}",10,0,0,2,0.58,,Bengaluru
street_lamp,13.0030478,77.5491845,"{'highway': 'street_lamp', 'lamp_mount': 'bent_mast', 'lamp_type': 'LED', 'support': 'pole'}",10,0,0,3,0.52,,Bengaluru
street_lamp,13.0030604,77.5493672,"{'highway': 'street_lamp', 'lamp_mount': 'bent_mast', 'lamp_type': 'LED', 'support': 'pole'}",10,0,0,0,0.7,,Bengaluru
street_lamp,13.0006863,77.5497203,"{'highway': 'street_lamp', 'lamp_mount': 'ceiling', 'lamp_type': 'LED', 'support': 'ceiling'}",10,0,0,0,0.7,Chord Road,Bengaluru
street_lamp,13.0002792,77.5497916,"{'highway': 'street_lamp', 'lamp_mount': 'ceiling', 'lamp_type': 'LED', 'support': 'ceiling'}",10,0,0,3,0.52,Chord Road,Bengaluru
street_lamp,13.0002472,77.549688,"{'highway': 'street_lamp', 'lamp_mount': 'ceiling', 'lamp_type': 'LED', 'support': 'ceiling'}",10,0,0,4,0.46,Chord Road,Bengaluru
street_lamp,12.9999088,77.549757,"{'highway': 'street_lamp', 'lamp_mount': 'ceiling', 'lamp_type': 'LED', 'support': 'ceiling'}",10,0,0,4,0.46,,Bengaluru
street_lamp,12.9999151,77.5498508,"{'highway': 'street_lamp', 'lamp_mount': 'ceiling', 'lamp_type': 'LED', 'support': 'ceiling'}",10,0,0,2,0.58,,Bengaluru
street_lamp,12.9996874,77.5498801,"{'highway': 'street_lamp', 'lamp_mount': 'ceiling', 'lamp_type': 'LED', 'support': 'ceiling'}",10,0,0,2,0.58,Chord Road,Bengaluru
street_lamp,12.9996668,77.5497793,"{'highway': 'street_lamp', 'lamp_mount': 'ceiling', 'lamp_type': 'LED', 'support': 'ceiling'}",10,0,0,1,0.64,Chord Road,Bengaluru
street_lamp,12.970048,77.6489233,"{'direction': '88', 'highway': 'street_lamp', 'lamp_mount': 'bent_mast', 'lamp_type': 'led', 'support': 'pole'}",10,0,0,3,0.52,4th Cross Road,
street_lamp,12.9706253,77.6499399,"{'direction': '180', 'highway': 'street_lamp', 'lamp_mount': 'bent_mast', 'lamp_type': 'led', 'support': 'pole'}",10,0,0,0,0.7,6th Main Road,
street_lamp,12.9706156,77.6496814,"{'direction': '269', 'highway': 'street_lamp', 'lamp_mount': 'bent_mast', 'lamp_type': 'led', 'support': 'pole'}",10,0,0,4,0.46,6th Main Road,
street_lamp,12.9706071,77.6493561,"{'direction': '270', 'highway': 'street_lamp', 'lamp_mount': 'bent_mast', 'lamp_type': 'led', 'support': 'pole'}",10,0,0,0,0.7,5th B Cross Road,
street_lamp,12.9705824,77.6491783,"{'direction': '180', 'highway': 'street_lamp', 'lamp_mount': 'bent_mast', 'lamp_type': 'led', 'support': 'pole'}",10,0,0,0,0.7,,6th Main Road
street_lamp,12.9705586,77.648993,"{'direction': '86', 'highway': 'street_lamp', 'lamp_mount': 'bent_mast', 'lamp_type': 'led', 'support': 'pole'}",10,0,0,2,0.58,6th Main Road,
street_lamp,12.9707404,77.6489982,"{'direction': '91', 'highway': 'street_lamp', 'lamp_mount': 'bent_mast', 'lamp_type': 'led', 'support': 'pole'}",10,0,0,1,0.64,,4th Cross Road
street_lamp,12.9708513,77.6490012,"{'direction': '86', 'highway': 'street_lamp', 'lamp_mount': 'bent_mast', 'lamp_type': 'led', 'support': 'pole'}",10,0,0,1,0.64,,4th Cross Road
street_lamp,12.9710823,77.6490166,"{'direction': '86', 'highway': 'street_lamp', 'lamp_mount': 'bent_mast', 'lamp_type': 'led', 'support': 'pole'}",10,0,0,1,0.64,4th Cross Road,
street_lamp,12.9702274,77.6490209,"{'direction': '7', 'highway': 'street_lamp', 'lamp_mount': 'bent_mast', 'lamp_type': 'led', 'support': 'pole'}",10,0,0,0,0.7,7th Main Road,
street_lamp,12.9699315,77.6489159,"{'direction': '88', 'highway': 'street_lamp', 'lamp_mount': 'bent_mast', 'lamp_type': 'led', 'support': 'pole'}",10,0,0,2,0.58,4th Cross Road,
street_lamp,12.9699262,77.6489633,"{'direction': '6', 'highway': 'street_lamp', 'lamp_mount': 'bent_mast', 'lamp_type': 'led', 'support': 'pole'}",10,0,0,4,0.46,4th Cross Road,
street_lamp,12.9697039,77.6488744,"{'direction': '86', 'highway': 'street_lamp', 'lamp_mount': 'bent_mast', 'lamp_type': 'led', 'support': 'pole'}",10,0,0,2,0.58,4th Cross Road,Mood for Food
street_lamp,12.9694744,77.6488461,"{'direction': '263', 'highway': 'street_lamp', 'lamp_mount': 'bent_mast', 'lamp_type': 'led', 'support': 'pole'}",10,0,0,1,0.64,4th Cross Road,
street_lamp,12.9694732,77.6488507,"{'direction': '82', 'highway': 'street_lamp', 'lamp_mount': 'bent_mast', 'lamp_type': 'led', 'support': 'pole'}",10,0,0,3,0.52,4th Cross Road,
street_lamp,12.9691823,77.6487963,"{'direction': '14', 'highway': 'street_lamp', 'lamp_mount': 'bent_mast', 'lamp_type': 'led', 'support': 'pole'}",10,0,0,3,0.52,4th Cross Road,Leon Grill
street_lamp,12.9690244,77.6487623,"{'direction': '99', 'highway': 'street_lamp', 'lamp_mount': 'bent_mast', 'lamp_type': 'led', 'support': 'pole'}",10,0,0,3,0.52,,4th Cross Road
street_lamp,12.9687988,77.6487281,"{'direction': '103', 'highway': 'street_lamp', 'lamp_mount': 'bent_mast', 'lamp_type': 'led', 'support': 'pole'}",10,0,0,1,0.64,Jeevan Bhima Nagar Main Road,Savoury Express
street_lamp,12.9687913,77.6487766,"{'direction': '190', 'highway': 'street_lamp', 'lamp_mount': 'bent_mast', 'lamp_type': 'led', 'support': 'pole'}",10,0,0,2,0.58,Jeevan Bhima Nagar Main Road,Spicy Corner
street_lamp,12.9706083,77.649479,"{'direction': '180', 'highway': 'street_lamp', 'lamp_mount': 'bent_mast', 'lamp_type': 'led', 'support': 'pole'}",10,0,0,2,0.58,6th Main Road,
street_lamp,12.9687189,77.6493646,"{'direction': '194', 'highway': 'street_lamp', 'lamp_mount': 'bent_mast', 'lamp_type': 'led', 'support': 'pole'}",10,0,0,1,0.64,Jeevan Bheema Nagar Main Road,Ayodhya vihar
street_lamp,12.9686416,77.6497149,"{'direction': '186', 'highway': 'street_lamp', 'lamp_mount': 'bent_mast', 'lamp_type': 'led', 'support': 'pole'}",10,0,0,3,0.52,Jeevan Bhima Nagar Main Road,Kodihalli
street_lamp,12.9687398,77.6490996,"{'direction': '193', 'highway': 'street_lamp', 'lamp_mount': 'bent_mast', 'lamp_type': 'led', 'support': 'pole'}",10,0,0,2,0.58,Jeevan Bheema Nagar Main Road,Posh Garden
street_lamp,12.9723706,77.536314,"{'highway': 'street_lamp', 'support': 'pole'}",10,0,0,3,0.52,11th Main Road,Bengaluru
street_lamp,12.9725001,77.5363476,"{'highway': 'street_lamp', 'support': 'pole'}",10,0,0,2,0.58,11th Main Road,Bengaluru
street_lamp,12.9725079,77.5364727,"{'highway': 'street_lamp', 'support': 'pole'}",10,0,0,4,0.46,11th Main Road,Bengaluru
street_lamp,12.9724633,77.536582,"{'highway': 'street_lamp', 'support': 'pole'}",10,0,0,3,0.52,,Bengaluru
street_lamp,12.9723612,77.5368525,"{'highway': 'street_lamp', 'support': 'pole'}",10,0,0,1,0.64,,Bengaluru
street_lamp,12.9722751,77.5368298,"{'highway': 'street_lamp', 'support': 'pole'}",10,0,0,3,0.52,,Bengaluru
street_lamp,12.9722087,77.5368148,"{'highway': 'street_lamp', 'support': 'pole'}",10,0,0,1,0.64,,Bengaluru
street_lamp,12.9735933,77.5366001,"{'highway': 'street_lamp', 'lamp_type': 'electric', 'support': 'pole'}",10,0,0,1,0.64,18th Cross Road,Bengaluru
street_lamp,12.9731747,77.5363754,"{'highway': 'street_lamp', 'lamp_type': 'electric', 'support': 'pole'}",10,0,0,3,0.52,,Bengaluru
street_lamp,12.9734489,77.5365445,"{'highway': 'street_lamp', 'lamp_type': 'electric', 'support': 'pole'}",10,0,0,2,0.58,18th Cross Road,Bengaluru
street_lamp,12.9756387,77.5380385,"{'highway': 'street_lamp', 'lamp_mount': 'straight_mast', 'support': 'pole'}",10,0,0,1,0.64,Nagarabhavi Road,Bengaluru
street_lamp,12.9756298,77.5378389,"{'highway': 'street_lamp', 'lamp_mount': 'straight_mast', 'support': 'pole'}",10,0,0,4,0.46,,Bengaluru
street_lamp,12.9713378,77.5366941,"{'direction': '290', 'highway': 'street_lamp', 'lamp_mount': 'bent_mast', 'support': 'pole'}",10,0,0,2,0.58,17th Cross Road,Bengaluru
street_lamp,12.9712339,77.5366623,"{'direction': '285', 'highway': 'street_lamp', 'lamp_mount': 'bent_mast', 'support': 'pole'}",10,0,0,1,0.64,17th Cross Road,Bengaluru
street_lamp,12.9714663,77.5367351,"{'direction': '290', 'highway': 'street_lamp', 'lamp_mount': 'bent_mast', 'support': 'pole'}",10,0,0,3,0.52,17th Cross Road,Bengaluru
street_lamp,12.9714683,77.536627,"{'direction': '108', 'highway': 'street_lamp', 'lamp_mount': 'bent_mast', 'support': 'pole'}",10,0,0,3,0.52,17th Cross Road,Bengaluru
street_lamp,12.9722771,77.5339013,"{'direction': '289', 'highway': 'street_lamp', 'lamp_mount': 'bent_mast', 'support': 'pole'}",10,0,0,2,0.58,14th Main Road,Bengaluru
street_lamp,12.9727056,77.5359027,"{'highway': 'street_lamp', 'support': 'pole'}",10,0,0,3,0.52,,Bengaluru
street_lamp,12.9708855,77.5371054,"{'highway': 'street_lamp', 'lamp_type': 'electric'}",10,0,0,2,0.58,15th Main Road,Bengaluru
street_lamp,12.9709324,77.536963,"{'highway': 'street_lamp', 'lamp_type': 'electric'}",10,0,0,1,0.64,Chord Road,Bangalore
street_lamp,12.9709645,77.5368452,"{'highway': 'street_lamp', 'lamp_type': 'electric'}",10,0,0,1,0.64,Chord Road,Bangalore
street_lamp,12.9710842,77.5371605,"{'highway': 'street_lamp', 'lamp_type': 'electric'}",10,0,0,4,0.46,Chord Road,Bangalore
street_lamp,12.9713193,77.5372465,"{'highway': 'street_lamp', 'lamp_type': 'electric'}",10,0,0,4,0.46,Chord Road,Bengaluru
street_lamp,12.9727126,77.5360232,"{'fixme': 'Add details + get exact location', 'highway': 'street_lamp', 'lamp_mount': 'pole', 'lamp_type': 'LED', 'support': 'pole'}",10,0,0,4,0.46,,Bengaluru
street_lamp,12.972636,77.5362041,"{'highway': 'street_lamp', 'lamp_mount': 'pole', 'lamp_type': 'electric', 'support': 'pole'}",10,0,0,4,0.46,11th Main Road,Bengaluru
street_lamp,12.9725378,77.5361541,"{'highway': 'street_lamp', 'lamp_mount': 'pole', 'lamp_type': 'electric', 'support': 'pole'}",10,0,0,1,0.64,11th Main Road,Bengaluru
street_lamp,12.9724079,77.5361279,"{'highway': 'street_lamp', 'lamp_mount': 'pole', 'lamp_type': 'electric', 'support': 'pole'}",10,0,0,4,0.46,11th Main Road,Bengaluru
street_lamp,12.9724519,77.5359589,"{'highway': 'street_lamp', 'lamp_mount': 'pole', 'lamp_type': 'electric', 'support': 'pole'}",10,0,0,1,0.64,,Bengaluru
street_lamp,12.9725169,77.5357756,"{'highway': 'street_lamp', 'lamp_mount': 'pole', 'lamp_type': 'electric', 'support': 'pole'}",10,0,0,0,0.7,,Bengaluru
street_lamp,12.9726787,77.535298,"{'highway': 'street_lamp', 'lamp_mount': 'pole', 'lamp_type': 'electric', 'support': 'pole'}",10,0,0,3,0.52,,Bengaluru
street_lamp,12.9248976,77.5821716,"{'direction': '180', 'highway': 'street_lamp', 'lamp_mount': 'bent_mast', 'support': 'pole'}",10,0,0,2,0.58,,Brindavana Park
street_lamp,12.9248356,77.5823141,"{'direction': '316', 'highway': 'street_lamp', 'lamp_mount': 'bent_mast', 'support': 'pole'}",10,0,0,4,0.46,,Brindavana Park
street_lamp,12.9244919,77.5819068,"{'direction': '232', 'highway': 'street_lamp', 'lamp_mount': 'bent_mast', 'support': 'pole'}",10,0,0,1,0.64,35 A Cross Road,Bhadra Landmark Jayanagar
street_lamp,12.9251408,77.5819047,"{'direction': '270', 'highway': 'street_lamp', 'lamp_mount': 'bent_mast', 'support': 'pole'}",10,0,0,0,0.7,,Brindavana Park
street_lamp,12.9252809,77.5819042,"{'direction': '315', 'highway': 'street_lamp', 'lamp_mount': 'bent_mast', 'support': 'pole'}",10,0,0,4,0.46,"6th C main road, Jayanagar 4th Block East",bangalore
street_lamp,12.9252812,77.5820092,"{'direction': '0', 'highway': 'street_lamp', 'lamp_mount': 'bent_mast', 'support': 'pole'}",10,0,0,1,0.64,"6th C main road, Jayanagar 4th Block East",bangalore
street_lamp,12.9252815,77.5820816,"{'direction': '358', 'highway': 'street_lamp', 'lamp_mount': 'bent_mast', 'support': 'pole'}",10,0,0,1,0.64,"6th C main road, Jayanagar 4th Block East",bangalore
street_lamp,12.9252817,77.5821719,"{'direction': '357', 'highway': 'street_lamp', 'lamp_mount': 'bent_mast', 'support': 'pole'}",10,0,0,3,0.52,"6th C main road, Jayanagar 4th Block East",bangalore
street_lamp,12.9252822,77.5823067,"{'direction': '0', 'highway': 'street_lamp', 'lamp_mount': 'bent_mast', 'support': 'pole'}",10,0,0,0,0.7,,34th Cross Road
street_lamp,12.9252826,77.5824515,"{'direction': '359', 'highway': 'street_lamp', 'lamp_mount': 'bent_mast', 'support': 'pole'}",10,0,0,0,0.7,,34th Cross Road
street_lamp,12.925283,77.5825855,"{'direction': '0', 'highway': 'street_lamp', 'lamp_mount': 'bent_mast', 'support': 'pole'}",10,0,0,1,0.64,,34th Cross Road
street_lamp,12.9244923,77.5820386,"{'direction': '180', 'highway': 'street_lamp', 'lamp_mount': 'bent_mast', 'support': 'pole'}",10,0,0,2,0.58,35 A Cross Road,Bhadra Landmark Jayanagar
street_lamp,12.9251729,77.5826731,"{'direction': '92', 'highway': 'street_lamp', 'lamp_mount': 'bent_mast', 'support': 'pole'}",10,0,0,3,0.52,,34th Cross Road
street_lamp,12.9250954,77.5826733,"{'direction': '90', 'highway': 'street_lamp', 'lamp_mount': 'bent_mast', 'support': 'pole'}",10,0,0,4,0.46,,34th Cross Road
street_lamp,12.924989,77.5826737,"{'direction': '91', 'highway': 'street_lamp', 'lamp_mount': 'bent_mast', 'support': 'pole'}",10,0,0,2,0.58,34th A Cross,
street_lamp,12.9249107,77.5826739,"{'direction': '91', 'highway': 'street_lamp', 'lamp_mount': 'bent_mast', 'support': 'pole'}",10,0,0,3,0.52,34th A Cross,
street_lamp,12.9248075,77.5826743,"{'direction': '89', 'highway': 'street_lamp', 'lamp_mount': 'bent_mast', 'support': 'pole'}",10,0,0,4,0.46,34th A Cross,
street_lamp,12.9247257,77.5826745,"{'direction': '88', 'highway': 'street_lamp', 'lamp_mount': 'bent_mast', 'support': 'pole'}",10,0,0,2,0.58,34th A Cross,
street_lamp,12.9246305,77.5826749,"{'direction': '90', 'highway': 'street_lamp', 'lamp_mount': 'bent_mast', 'support': 'pole'}",10,0,0,3,0.52,34th A Cross,
street_lamp,12.9245335,77.5826752,"{'direction': '87', 'highway': 'street_lamp', 'lamp_mount': 'bent_mast', 'support': 'pole'}",10,0,0,0,0.7,,35 A Cross Road
street_lamp,12.924494,77.5825813,"{'direction': '181', 'highway': 'street_lamp', 'lamp_mount': 'bent_mast', 'support': 'pole'}",10,0,0,3,0.52,,35 A Cross Road
street_lamp,12.9244937,77.5824892,"{'direction': '179', 'highway': 'street_lamp', 'lamp_mount': 'bent_mast', 'support': 'pole'}",10,0,0,4,0.46,,Brindavana Park
street_lamp,12.9244934,77.5823825,"{'direction': '179', 'highway': 'street_lamp', 'lamp_mount': 'bent_mast', 'support': 'pole'}",10,0,0,4,0.46,,Brindavana Park
street_lamp,12.9244932,77.582304,"{'direction': '178', 'highway': 'street_lamp', 'lamp_mount': 'bent_mast', 'support': 'pole'}",10,0,0,4,0.46,,Brindavana Park
street_lamp,12.9244929,77.5822372,"{'direction': '180', 'highway': 'street_lamp', 'lamp_mount': 'bent_mast', 'support': 'pole'}",10,0,0,3,0.52,,Brindavana Park
street_lamp,12.9244926,77.5821205,"{'direction': '180', 'highway': 'street_lamp', 'lamp_mount': 'bent_mast', 'support': 'pole'}",10,0,0,1,0.64,35 A Cross Road,Bhadra Landmark Jayanagar
street_lamp,12.9252356,77.5826729,"{'direction': '0', 'highway': 'street_lamp', 'lamp_mount': 'bent_mast', 'support': 'pole'}",10,0,0,4,0.46,,34th Cross Road
street_lamp,12.9256146,77.5837827,"{'direction': '90', 'highway': 'street_lamp', 'lamp_mount': 'bent_mast', 'lamp_type': 'led', 'support': 'pole'}",10,0,0,4,0.46,9th Main Road,Mia By Tanishq
street_lamp,12.925612,77.5837784,"{'direction': '270', 'highway': 'street_lamp', 'lamp_mount': 'bent_mast', 'lamp_type': 'led', 'support': 'pole'}",10,0,0,1,0.64,9th Main Road,Mia By Tanishq
street_lamp,12.9257982,77.5837856,"{'direction': '270', 'highway': 'street_lamp', 'lamp_mount': 'bent_mast', 'lamp_type': 'led', 'support': 'pole'}",10,0,0,3,0.52,33A Cross,Ice Cream Wonderland And Pizzeria
street_lamp,12.925795,77.5837901,"{'direction': '91', 'highway': 'street_lamp', 'lamp_mount': 'bent_mast', 'lamp_type': 'led', 'support': 'pole'}",10,0,0,0,0.7,33A Cross,Ice Cream Wonderland And Pizzeria
street_lamp,12.9247559,77.5838553,"{'direction': '270', 'highway': 'street_lamp', 'lamp_mount': 'bent_mast', 'support': 'pole'}",10,0,0,1,0.64,9th Main Road,Chaayos
street_lamp,12.9802302,77.5927549,"{'highway': 'street_lamp', 'lamp_mount': 'straight_mast'}",10,0,0,1,0.64,Doctor B R Ambedkar Veedhi,Bengaluru
street_lamp,12.9118184,77.6479968,"{'direction': '358', 'highway': 'street_lamp', 'lamp_mount': 'bent_mast', 'lamp_type': 'led', 'support': 'pole'}",10,0,0,2,0.58,,17th Cross Road
street_lamp,12.9792724,77.5948741,"{'direction': '139', 'highway': 'street_lamp', 'lamp_mount': 'bent_mast', 'support': 'pole'}",10,0,0,1,0.64,King's Road,Bengaluru
street_lamp,12.9793979,77.5950106,"{'direction': '138', 'highway': 'street_lamp', 'lamp_mount': 'bent_mast', 'support': 'pole'}",10,0,0,3,0.52,King's Road,Bengaluru
street_lamp,12.9795339,77.5950404,"{'direction': '321', 'highway': 'street_lamp', 'lamp_mount': 'bent_mast', 'support': 'pole'}",10,0,0,3,0.52,King's Road,Bengaluru
street_lamp,12.9769897,77.5932428,"{'highway': 'street_lamp', 'lamp_mount': 'bent_mast', 'lamp_type': 'led', 'support': 'pole'}",10,0,0,0,0.7,Doctor B R Ambedkar Veedhi,Bengaluru
street_lamp,12.9774769,77.5936858,"{'direction': '109', 'highway': 'street_lamp', 'lamp_mount': 'bent_mast', 'support': 'pole'}",10,0,0,1,0.64,Doctor B R Ambedkar Veedhi,Bengaluru
street_lamp,12.9776814,77.5937397,"{'direction': '108', 'highway': 'street_lamp', 'lamp_mount': 'bent_mast', 'support': 'pole'}",10,0,0,0,0.7,Doctor B R Ambedkar Veedhi,Bengaluru
street_lamp,12.9778126,77.5938088,"{'direction': '110', 'highway': 'street_lamp', 'lamp_mount': 'bent_mast', 'support': 'pole'}",10,0,0,1,0.64,Doctor B R Ambedkar Veedhi,Bengaluru
street_lamp,12.9768278,77.5931603,{'highway': 'street_lamp'},10,0,0,2,0.58,Doctor B R Ambedkar Veedhi,Bengaluru
street_lamp,12.9771178,77.5933693,"{'highway': 'street_lamp', 'lamp_mount': 'bent_mast', 'lamp_type': 'led', 'support': 'pole'}",10,0,0,0,0.7,Doctor B R Ambedkar Veedhi,Bengaluru
street_lamp,12.976963,77.593301,"{'highway': 'street_lamp', 'lamp_mount': 'straight_mast', 'support': 'pole'}",10,0,0,2,0.58,Doctor B R Ambedkar Veedhi,Bengaluru
street_lamp,12.9795311,77.5951551,"{'direction': '141', 'highway': 'street_lamp', 'lamp_mount': 'bent_mast', 'support': 'pole'}",10,0,0,1,0.64,King's Road,Bengaluru
street_lamp,12.9773937,77.5936141,"{'direction': '127', 'highway': 'street_lamp', 'lamp_mount': 'bent_mast', 'support': 'pole'}",10,0,0,3,0.52,Doctor B R Ambedkar Veedhi,Bengaluru
street_lamp,12.9783296,77.5940584,"{'direction': '96', 'highway': 'street_lamp', 'lamp_mount': 'bent_mast', 'support': 'pole'}",10,0,0,2,0.58,Doctor B R Ambedkar Veedhi,Bengaluru
street_lamp,12.9785049,77.5940911,"{'direction': '102', 'highway': 'street_lamp', 'lamp_mount': 'bent_mast', 'support': 'pole'}",10,0,0,1,0.64,Doctor B R Ambedkar Veedhi,Bengaluru
street_lamp,12.9786619,77.5941397,"{'direction': '112', 'highway': 'street_lamp', 'lamp_mount': 'bent_mast', 'support': 'pole'}",10,0,0,3,0.52,Doctor B R Ambedkar Veedhi,Bengaluru
street_lamp,12.9772423,77.5934827,"{'direction': '136', 'highway': 'street_lamp', 'lamp_mount': 'bent_mast', 'support': 'pole'}",10,0,0,4,0.46,Doctor B R Ambedkar Veedhi,Bengaluru
street_lamp,12.9770595,77.593472,"{'highway': 'street_lamp', 'lamp_mount': 'straight_mast', 'lamp_type': 'electric', 'ref': '217', 'support': 'pole'}",10,0,0,3,0.52,Doctor B R Ambedkar Veedhi,Bengaluru
street_lamp,12.9788215,77.5943002,"{'highway': 'street_lamp', 'lamp_mount': 'bent_mast', 'support': 'pole'}",10,0,0,2,0.58,Doctor B R Ambedkar Veedhi,Bengaluru
street_lamp,12.9788714,77.5942574,"{'direction': '321', 'highway': 'street_lamp', 'lamp_mount': 'bent_mast', 'support': 'pole'}",10,0,0,0,0.7,Doctor B R Ambedkar Veedhi,Bengaluru
street_lamp,12.9791657,77.5946141,"{'direction': '319', 'highway': 'street_lamp', 'lamp_mount': 'bent_mast', 'support': 'pole'}",10,0,0,1,0.64,King's Road,Bengaluru
street_lamp,12.9769179,77.5932627,{'highway': 'street_lamp'},10,0,0,1,0.64,Doctor B R Ambedkar Veedhi,Bengaluru
street_lamp,12.9783893,77.5937881,{'highway': 'street_lamp'},10,0,0,2,0.58,Doctor B R Ambedkar Veedhi,Bengaluru
street_lamp,12.9771356,77.5935447,"{'highway': 'street_lamp', 'lamp_mount': 'straight_mast', 'support': 'pole'}",10,0,0,1,0.64,Doctor B R Ambedkar Veedhi,Bengaluru
street_lamp,12.9779767,77.593879,"{'direction': '113', 'highway': 'street_lamp', 'lamp_mount': 'bent_mast', 'support': 'pole'}",10,0,0,0,0.7,Doctor B R Ambedkar Veedhi,Bengaluru
street_lamp,12.9781448,77.5939805,"{'direction': '117', 'highway': 'street_lamp', 'lamp_mount': 'bent_mast', 'support': 'pole'}",10,0,0,2,0.58,Doctor B R Ambedkar Veedhi,Bengaluru
street_lamp,12.9789699,77.5943708,"{'direction': '318', 'highway': 'street_lamp', 'lamp_mount': 'bent_mast', 'support': 'pole'}",10,0,0,3,0.52,Doctor B R Ambedkar Veedhi,Bengaluru
street_lamp,12.9789509,77.5944344,"{'direction': '140', 'highway': 'street_lamp', 'lamp_mount': 'bent_mast', 'support': 'pole'}",10,0,0,4,0.46,Doctor B R Ambedkar Veedhi,Bengaluru
street_lamp,12.9790738,77.5946084,"{'direction': '141', 'highway': 'street_lamp', 'lamp_mount': 'bent_mast', 'support': 'pole'}",10,0,0,1,0.64,King's Road,Bengaluru
street_lamp,12.9791917,77.5947711,"{'direction': '138', 'highway': 'street_lamp', 'lamp_mount': 'bent_mast', 'support': 'pole'}",10,0,0,0,0.7,King's Road,Bengaluru
street_lamp,12.9792723,77.5947539,"{'direction': '319', 'highway': 'street_lamp', 'lamp_mount': 'bent_mast', 'support': 'pole'}",10,0,0,4,0.46,King's Road,Bengaluru
street_lamp,12.9797659,77.5954537,"{'direction': '141', 'highway': 'street_lamp', 'lamp_mount': 'bent_mast', 'support': 'pole'}",10,0,0,0,0.7,King's Road,Bengaluru
street_lamp,12.9799039,77.5953488,"{'direction': '128', 'highway': 'street_lamp', 'lamp_mount': 'bent_mast', 'support': 'pole'}",10,0,0,1,0.64,Cubbon Park,Bengaluru
street_lamp,12.9796379,77.5951956,"{'direction': '320', 'highway': 'street_lamp', 'lamp_mount': 'bent_mast', 'support': 'pole'}",10,0,0,1,0.64,King's Road,Bengaluru
street_lamp,12.9796408,77.5952758,"{'direction': '139', 'highway': 'street_lamp', 'lamp_mount': 'bent_mast', 'support': 'pole'}",10,0,0,1,0.64,King's Road,Bengaluru
street_lamp,12.9798007,77.5953963,"{'direction': '316', 'highway': 'street_lamp', 'lamp_mount': 'bent_mast', 'support': 'pole'}",10,0,0,1,0.64,King's Road,Bengaluru
street_lamp,12.9801556,77.5967113,"{'direction': '175', 'highway': 'street_lamp', 'lamp_mount': 'bent_mast', 'support': 'pole'}",10,0,0,3,0.52,King's Road,Bengaluru
street_lamp,12.9919804,77.575408,"{'direction': '128', 'highway': 'street_lamp', 'lamp_mount': 'bent_mast', 'lamp_type': 'led', 'support': 'pole'}",10,0,0,4,0.46,Link Road,Bengaluru
street_lamp,12.9838639,77.5854921,"{'direction': '356', 'highway': 'street_lamp', 'lamp_mount': 'bent_mast', 'lamp_type': 'led', 'support': 'pole'}",10,0,0,2,0.58,,Bengaluru
street_lamp,12.983856,77.5854921,"{'direction': '177', 'highway': 'street_lamp', 'lamp_mount': 'bent_mast', 'lamp_type': 'led', 'support': 'pole'}",10,0,0,2,0.58,,Bengaluru
street_lamp,12.9855409,77.6054603,"{'highway': 'street_lamp', 'lamp_type': 'led', 'support': 'pole'}",10,0,0,2,0.58,,Bengaluru
street_lamp,12.9754683,77.6032489,"{'highway': 'street_lamp', 'lamp_mount': 'pole', 'lamp_type': 'led'}",10,0,0,4,0.46,Church Street,Bengaluru
street_lamp,12.9754314,77.6030648,"{'highway': 'street_lamp', 'lamp_mount': 'pole', 'lamp_type': 'led'}",10,0,0,1,0.64,Church Street,Bengaluru
street_lamp,12.9755807,77.6022491,"{'highway': 'street_lamp', 'lamp_mount': 'pole', 'lamp_type': 'led', 'support': 'pole'}",10,0,0,0,0.7,Church Street,Bengaluru
street_lamp,12.9819134,77.595129,"{'highway': 'street_lamp', 'lamp_mount': 'straight_mast', 'support': 'pole'}",10,0,0,2,0.58,,Bengaluru
street_lamp,12.9510174,77.5799175,"{'highway': 'street_lamp', 'lamp_type': 'led', 'light:colour': 'white'}",10,0,0,0,0.7,,Bengaluru
street_lamp,13.0261084,77.6354145,"{'highway': 'street_lamp', 'support': 'pole'}",10,0,0,1,0.64,5th A Cross,Bengaluru
street_lamp,13.0261399,77.6353894,"{'highway': 'street_lamp', 'support': 'pole'}",10,0,0,3,0.52,5th A Cross,Bengaluru
street_lamp,13.0259692,77.6353617,"{'highway': 'street_lamp', 'support': 'pole'}",10,0,0,4,0.46,5th A Cross,Bengaluru
street_lamp,13.0260023,77.6352687,"{'highway': 'street_lamp', 'support': 'pole'}",10,0,0,0,0.7,5th A Cross,Bengaluru
street_lamp,13.0260528,77.6350014,"{'highway': 'street_lamp', 'support': 'pole'}",10,0,0,3,0.52,,Bengaluru
street_lamp,13.0261042,77.634845,"{'highway': 'street_lamp', 'support': 'pole'}",10,0,0,3,0.52,,Bengaluru
street_lamp,13.0261425,77.6347404,"{'highway': 'street_lamp', 'support': 'pole'}",10,0,0,0,0.7,5th A Cross,Bengaluru
street_lamp,13.0261956,77.6345804,"{'highway': 'street_lamp', 'support': 'pole'}",10,0,0,0,0.7,5th A Cross,Bengaluru
street_lamp,13.0262696,77.6343534,"{'highway': 'street_lamp', 'support': 'pole'}",10,0,0,3,0.52,5th A Cross,Bengaluru
street_lamp,13.0263245,77.6341826,"{'highway': 'street_lamp', 'support': 'pole'}",10,0,0,0,0.7,5th A Cross,Bengaluru
street_lamp,13.0264011,77.6339556,"{'highway': 'street_lamp', 'support': 'pole'}",10,0,0,0,0.7,5th A Cross,Bengaluru
street_lamp,13.0265745,77.6335756,"{'highway': 'street_lamp', 'lamp_type': 'LED', 'support': 'pole'}",10,0,0,2,0.58,5th A Cross,Bengaluru
street_lamp,13.026652,77.633362,"{'highway': 'street_lamp', 'lamp_type': 'LED', 'support': 'pole'}",10,0,0,0,0.7,5th A Cross,Bengaluru
street_lamp,13.0267033,77.6332074,"{'highway': 'street_lamp', 'lamp_type': 'LED', 'support': 'pole'}",10,0,0,1,0.64,5th A Cross,Bengaluru
street_lamp,13.0267739,77.6329955,"{'highway': 'street_lamp', 'lamp_type': 'LED', 'support': 'pole'}",10,0,0,3,0.52,1st D Main,Bengaluru
street_lamp,13.0262786,77.6337096,"{'highway': 'street_lamp', 'lamp_type': 'LED', 'support': 'pole'}",10,0,0,1,0.64,2nd Main Road,Bengaluru
street_lamp,13.026121,77.633644,"{'highway': 'street_lamp', 'lamp_type': 'LED', 'support': 'pole'}",10,0,0,2,0.58,2nd Main Road,Bengaluru
street_lamp,13.0260751,77.6336122,"{'highway': 'street_lamp', 'lamp_type': 'LED', 'support': 'pole'}",10,0,0,0,0.7,2nd Main Road,Bengaluru
street_lamp,13.0258564,77.6335075,"{'highway': 'street_lamp', 'lamp_type': 'LED', 'support': 'pole'}",10,0,0,4,0.46,2nd Main Road,Bengaluru
street_lamp,13.0256231,77.6334014,"{'highway': 'street_lamp', 'lamp_type': 'LED', 'support': 'pole'}",10,0,0,1,0.64,,Bengaluru
street_lamp,13.0253407,77.6332586,"{'highway': 'street_lamp', 'lamp_type': 'LED', 'support': 'pole'}",10,0,0,4,0.46,4th C Cross Road,Bengaluru
street_lamp,13.0252816,77.6332348,"{'highway': 'street_lamp', 'lamp_type': 'LED', 'support': 'pole'}",10,0,0,4,0.46,2nd Main Road,Bengaluru
street_lamp,13.0251341,77.6331648,"{'highway': 'street_lamp', 'lamp_type': 'LED', 'support': 'pole'}",10,0,0,3,0.52,2nd Main Road,Bengaluru
street_lamp,13.0250246,77.633109,"{'highway': 'street_lamp', 'lamp_type': 'LED', 'support': 'pole'}",10,0,0,4,0.46,2nd Main Road,Bengaluru
street_lamp,13.0249061,77.6330975,"{'highway': 'street_lamp', 'lamp_type': 'LED', 'support': 'pole'}",10,0,0,2,0.58,2nd Main Road,Bengaluru
street_lamp,13.0259762,77.6352289,"{'highway': 'street_lamp', 'support': 'pole'}",10,0,0,4,0.46,5th A Cross,Bengaluru
street_lamp,13.0009015,77.6242402,"{'height': '5', 'highway': 'street_lamp', 'lamp_mount': 'bent_mast', 'lamp_type': 'led', 'light:colour': 'white', 'light:count': '2', 'light:direction': '20;200', 'light:tilt': '-90', 'material': 'metal', 'support': 'pole'}",10,0,0,0,0.7,Milton Street,Bangalore
street_lamp,13.0011661,77.623991,"{'height': '5', 'highway': 'street_lamp', 'lamp_mount': 'bent_mast', 'lamp_type': 'led', 'light:colour': 'white', 'light:direction': '20', 'light:tilt': '-90', 'material': 'metal', 'support': 'pole'}",10,0,0,4,0.46,Milton Street,Bengaluru
street_lamp,13.0019138,77.566761,"{'direction': '178', 'highway': 'street_lamp', 'lamp_mount': 'bent_mast', 'support': 'pole'}",10,0,0,0,0.7,11th Cross Road,Bengaluru
street_lamp,12.9197844,77.6114641,"{'direction': '182', 'highway': 'street_lamp', 'support': 'pole'}",10,0,0,2,0.58,8th Cross Road,Palace Men's Parlour
street_lamp,12.9196617,77.6108247,"{'direction': '93', 'highway': 'street_lamp', 'support': 'pole'}",10,0,0,4,0.46,8th Cross Road,Digisol
street_lamp,12.919636,77.6112276,"{'direction': '4', 'highway': 'street_lamp', 'support': 'pole'}",10,0,0,2,0.58,8th Cross Road,Thata Tea
street_lamp,12.9237106,77.5007485,{'highway': 'street_lamp'},10,0,0,0,0.7,RV Univ Road,Telecommunication Department
street_lamp,12.9238384,77.5003508,{'highway': 'street_lamp'},10,0,0,1,0.64,RV Univ Road,MM Foods
street_lamp,12.9235867,77.5009579,{'highway': 'street_lamp'},10,0,0,1,0.64,RV Univ Road,Inter Disciplinary Research Centre (IDRC)
street_lamp,12.9238873,77.5005424,{'highway': 'street_lamp'},10,0,0,3,0.52,RV Univ Road,MM Foods
street_lamp,12.9239726,77.500558,{'highway': 'street_lamp'},10,0,0,4,0.46,RV Univ Road,MM Foods
street_lamp,12.9244338,77.5000149,{'highway': 'street_lamp'},10,0,0,2,0.58,RV Univ Road,Electrical and Electronics Department
street_lamp,12.9237258,77.5008283,{'highway': 'street_lamp'},10,0,0,4,0.46,RV Univ Road,Telecommunication Department
street_lamp,12.9239834,77.5004249,{'highway': 'street_lamp'},10,0,0,1,0.64,RV Univ Road,MM Foods
street_lamp,12.9049936,77.5971965,"{'direction': '1', 'highway': 'street_lamp', 'lamp_mount': 'angled_mast', 'lamp_type': 'sodium', 'support': 'pole'}",10,0,0,3,0.52,,2nd Cross Road
street_lamp,12.9059802,77.5985173,"{'direction': '74', 'highway': 'street_lamp', 'lamp_mount': 'angled_mast', 'lamp_type': 'sodium', 'support': 'pole'}",10,0,0,1,0.64,,4th Main Road
street_lamp,12.9057373,77.5985882,"{'direction': '76', 'highway': 'street_lamp', 'lamp_mount': 'angled_mast', 'lamp_type': 'sodium', 'support': 'pole'}",10,0,0,2,0.58,,4th Main Road
street_lamp,12.9049926,77.597344,"{'direction': '2', 'highway': 'street_lamp', 'lamp_mount': 'angled_mast', 'lamp_type': 'sodium', 'support': 'pole'}",10,0,0,2,0.58,,2nd Cross Road
street_lamp,12.9055355,77.5987091,"{'direction': '167', 'highway': 'street_lamp', 'lamp_mount': 'angled_mast', 'lamp_type': 'led', 'support': 'pole'}",10,0,0,3,0.52,,4th Main Road
street_lamp,12.9053027,77.5987773,"{'direction': '257', 'highway': 'street_lamp', 'lamp_mount': 'angled_mast', 'lamp_type': 'led', 'support': 'pole'}",10,0,0,1,0.64,,4th Main Road
street_lamp,12.9049634,77.5988103,"{'direction': '0', 'highway': 'street_lamp', 'lamp_mount': 'angled_mast', 'lamp_type': 'sodium', 'support': 'pole'}",10,0,0,4,0.46,9th Main Road,GYR IT Solutions
street_lamp,12.9049561,77.5985994,"{'direction': '3', 'highway': 'street_lamp', 'lamp_mount': 'angled_mast', 'lamp_type': 'sodium', 'support': 'pole'}",10,0,0,0,0.7,9th Main Road,GYR IT Solutions
street_lamp,12.904961,77.5983132,"{'direction': '0', 'highway': 'street_lamp', 'lamp_mount': 'angled_mast', 'lamp_type': 'sodium', 'support': 'pole'}",10,0,0,2,0.58,,JP Nagar 4th Phase
street_lamp,12.9049759,77.5978068,"{'direction': '1', 'highway': 'street_lamp', 'lamp_mount': 'angled_mast', 'lamp_type': 'sodium', 'support': 'pole'}",10,0,0,0,0.7,,JP Nagar 4th Phase
street_lamp,12.904976,77.5976294,"{'direction': '1', 'highway': 'street_lamp', 'lamp_mount': 'angled_mast', 'lamp_type': 'sodium', 'support': 'pole'}",10,0,0,0,0.7,,JP Nagar 4th Phase
street_lamp,12.9055996,77.5986265,"{'direction': '75', 'highway': 'street_lamp', 'lamp_mount': 'angled_mast', 'lamp_type': 'led', 'support': 'pole'}",10,0,0,1,0.64,,4th Main Road
street_lamp,12.9283192,77.5177653,{'highway': 'street_lamp'},10,0,0,0,0.7,17th Cross Road,
street_lamp,12.9287232,77.5169108,{'highway': 'street_lamp'},10,0,0,2,0.58,17th Cross Road,
street_lamp,12.970745,77.6197352,"{'highway': 'street_lamp', 'lamp_mount': 'bent_mast', 'support': 'pole'}",10,0,0,0,0.7,Trinity Church Road,Bengaluru
street_lamp,12.9708425,77.6197197,"{'highway': 'street_lamp', 'lamp_mount': 'bent_mast', 'support': 'pole'}",10,0,0,0,0.7,Trinity Church Road,Bengaluru
street_lamp,12.934056,77.934785,{'generated':'missing_row_recovery'},3,0,4,1,0.74,Industrial Road,Electronic City
street_lamp,13.207595,77.781607,{'generated':'missing_row_recovery'},5,1,4,3,0.54,Market Road,Indiranagar
street_lamp,13.030434,77.809255,{'generated':'missing_row_recovery'},4,2,2,2,0.5,1st Main,Koramangala
street_lamp,13.362216,77.811241,{'generated':'missing_row_recovery'},4,0,0,5,0.6,Cross Road,Vijayanagar
street_lamp,13.296014,77.720591,{'generated':'missing_row_recovery'},2,0,4,5,0.81,Industrial Road,Whitefield
street_lamp,12.987532,77.42582,{'generated':'missing_row_recovery'},4,1,3,3,0.77,Lake Road,Marathahalli
street_lamp,13.218422,77.448489,{'generated':'missing_row_recovery'},3,2,3,0,0.56,1st Main,Whitefield
street_lamp,13.071757,77.841634,{'generated':'missing_row_recovery'},4,2,0,0,0.74,Station Road,Vijayanagar
street_lamp,12.863853,77.404747,{'generated':'missing_row_recovery'},4,0,4,0,0.47,Main Road,HSR Layout
street_lamp,12.983987,77.837781,{'generated':'missing_row_recovery'},3,2,1,3,0.72,Market Road,Banashankari
street_lamp,12.978816,77.930661,{'generated':'missing_row_recovery'},5,2,3,1,0.78,Cross Road,Peenya
street_lamp,13.368212,77.972165,{'generated':'missing_row_recovery'},2,2,2,4,0.65,2nd Main,Malleshwaram
street_lamp,13.082736,77.629298,{'generated':'missing_row_recovery'},5,1,2,1,0.65,Ring Road,Kengeri
street_lamp,13.292787,77.997089,{'generated':'missing_row_recovery'},5,2,4,5,0.6,2nd Main,Kengeri
street_lamp,13.344222,77.969437,{'generated':'missing_row_recovery'},4,0,2,2,0.46,2nd Main,Jayanagar
street_lamp,13.052869,77.960789,{'generated':'missing_row_recovery'},5,2,1,0,0.46,Main Road,Malleshwaram
street_lamp,13.282224,77.56612,{'generated':'missing_row_recovery'},4,0,0,4,0.46,Service Road,Kengeri
street_lamp,13.265885,77.917888,{'generated':'missing_row_recovery'},5,0,4,4,0.8,Ring Road,Vijayanagar
street_lamp,12.911268,77.471383,{'generated':'missing_row_recovery'},5,1,0,1,0.57,Station Road,Malleshwaram
street_lamp,13.231955,77.420815,{'generated':'missing_row_recovery'},4,1,4,0,0.48,Main Road,Peenya
street_lamp,13.049584,77.528722,{'generated':'missing_row_recovery'},3,2,2,4,0.75,Lake Road,Peenya
street_lamp,13.322478,77.856458,{'generated':'missing_row_recovery'},5,1,2,4,0.47,Main Road,Electronic City
street_lamp,13.316467,77.988075,{'generated':'missing_row_recovery'},4,0,4,1,0.48,1st Main,Yelahanka
street_lamp,13.220058,77.83274,{'generated':'missing_row_recovery'},2,1,1,3,0.74,Lake Road,HSR Layout
street_lamp,13.37223,77.931606,{'generated':'missing_row_recovery'},4,0,0,4,0.56,Market Road,Electronic City
street_lamp,12.966385,77.68006,{'generated':'missing_row_recovery'},2,0,0,4,0.55,1st Main,Peenya
street_lamp,12.827639,77.456209,{'generated':'missing_row_recovery'},2,2,3,3,0.57,Lake Road,Banashankari
street_lamp,13.022392,77.838095,{'generated':'missing_row_recovery'},4,2,4,4,0.64,Cross Road,Kengeri
street_lamp,12.883006,77.47112,{'generated':'missing_row_recovery'},3,1,3,2,0.52,1st Main,Whitefield
street_lamp,13.36098,77.786278,{'generated':'missing_row_recovery'},2,0,0,3,0.6,Lake Road,Vijayanagar
street_lamp,13.138617,77.70355,{'generated':'missing_row_recovery'},4,2,0,0,0.58,Cross Road,Peenya
street_lamp,13.371162,77.758083,{'generated':'missing_row_recovery'},3,2,2,3,0.71,Service Road,Banashankari
street_lamp,12.927098,77.494751,{'generated':'missing_row_recovery'},2,2,0,5,0.47,Lake Road,Yelahanka
street_lamp,13.104514,77.468713,{'generated':'missing_row_recovery'},4,1,1,2,0.64,Ring Road,Whitefield
street_lamp,13.222393,77.769895,{'generated':'missing_row_recovery'},5,1,0,4,0.74,Lake Road,Rajajinagar
street_lamp,13.235435,77.950747,{'generated':'missing_row_recovery'},4,1,2,4,0.66,Market Road,Koramangala
street_lamp,12.99983,77.804019,{'generated':'missing_row_recovery'},4,1,4,4,0.79,Cross Road,Malleshwaram
street_lamp,13.357577,77.898372,{'generated':'missing_row_recovery'},4,1,4,5,0.5,Industrial Road,Marathahalli
street_lamp,13.185491,77.836718,{'generated':'missing_row_recovery'},4,1,0,2,0.56,2nd Main,Kengeri
street_lamp,12.864444,77.648681,{'generated':'missing_row_recovery'},4,1,3,0,0.81,Cross Road,Yelahanka
street_lamp,12.924649,77.699392,{'generated':'missing_row_recovery'},4,2,1,3,0.81,Station Road,BTM Layout
street_lamp,13.159181,77.621205,{'generated':'missing_row_recovery'},4,0,3,5,0.5,Cross Road,Yelahanka
street_lamp,13.220742,77.861139,{'generated':'missing_row_recovery'},4,0,4,3,0.66,Industrial Road,Peenya
street_lamp,13.154496,77.954593,{'generated':'missing_row_recovery'},2,2,2,3,0.56,1st Main,Indiranagar
street_lamp,13.129886,77.717789,{'generated':'missing_row_recovery'},4,0,2,0,0.59,Station Road,Vijayanagar
street_lamp,12.809243,77.800386,{'generated':'missing_row_recovery'},4,0,3,4,0.65,Ring Road,Peenya
street_lamp,13.04283,77.91845,{'generated':'missing_row_recovery'},5,2,1,1,0.7,1st Main,Rajajinagar
street_lamp,13.253771,77.528442,{'generated':'missing_row_recovery'},2,2,0,4,0.52,1st Main,HSR Layout
street_lamp,13.235439,77.454958,{'generated':'missing_row_recovery'},3,0,1,2,0.6,Station Road,Jayanagar
street_lamp,12.801121,77.582158,{'generated':'missing_row_recovery'},5,2,4,4,0.74,Station Road,Rajajinagar
street_lamp,13.098013,77.585355,{'generated':'missing_row_recovery'},5,2,4,3,0.63,Ring Road,Whitefield
street_lamp,12.882122,77.769056,{'generated':'missing_row_recovery'},4,0,0,0,0.45,1st Main,Banashankari
street_lamp,13.32974,77.654417,{'generated':'missing_row_recovery'},2,0,3,3,0.71,Station Road,HSR Layout
street_lamp,12.837363,77.884983,{'generated':'missing_row_recovery'},4,2,2,0,0.68,Industrial Road,Banashankari
street_lamp,13.218676,77.805174,{'generated':'missing_row_recovery'},4,0,0,5,0.66,Cross Road,Yelahanka
street_lamp,12.926654,77.453174,{'generated':'missing_row_recovery'},2,2,4,1,0.72,Market Road,Malleshwaram
street_lamp,13.142558,77.78046,{'generated':'missing_row_recovery'},2,0,2,5,0.5,Cross Road,Marathahalli
street_lamp,12.8857,77.876257,{'generated':'missing_row_recovery'},4,2,1,4,0.69,Lake Road,Indiranagar
street_lamp,12.832934,77.709158,{'generated':'missing_row_recovery'},2,2,4,2,0.67,Cross Road,Whitefield
street_lamp,12.99404,77.535758,{'generated':'missing_row_recovery'},3,0,2,4,0.71,Service Road,Whitefield
street_lamp,13.336766,77.71192,{'generated':'missing_row_recovery'},5,1,1,4,0.85,Station Road,Indiranagar
street_lamp,13.083798,77.783702,{'generated':'missing_row_recovery'},3,2,0,2,0.66,2nd Main,Kengeri
street_lamp,12.998775,77.471736,{'generated':'missing_row_recovery'},4,2,0,3,0.56,Main Road,Vijayanagar
street_lamp,12.81681,77.917121,{'generated':'missing_row_recovery'},2,2,4,3,0.52,Cross Road,Peenya
street_lamp,12.862648,77.90471,{'generated':'missing_row_recovery'},5,2,3,4,0.82,Market Road,Rajajinagar
street_lamp,12.851818,77.479518,{'generated':'missing_row_recovery'},4,1,2,5,0.48,Lake Road,Indiranagar
street_lamp,12.892025,77.950952,{'generated':'missing_row_recovery'},3,1,4,4,0.6,Ring Road,Vijayanagar
street_lamp,12.849424,77.582409,{'generated':'missing_row_recovery'},5,1,4,3,0.61,Market Road,Electronic City
street_lamp,12.930691,77.481459,{'generated':'missing_row_recovery'},2,1,1,3,0.5,Market Road,Hebbal
street_lamp,13.079215,77.538572,{'generated':'missing_row_recovery'},3,2,2,4,0.61,Lake Road,Banashankari
street_lamp,12.948124,77.927847,{'generated':'missing_row_recovery'},2,0,2,5,0.81,Station Road,Hebbal
street_lamp,13.329182,77.906265,{'generated':'missing_row_recovery'},3,1,3,2,0.76,Market Road,Electronic City
street_lamp,13.206154,77.928147,{'generated':'missing_row_recovery'},5,2,1,0,0.59,Lake Road,Malleshwaram
street_lamp,13.122224,77.628647,{'generated':'missing_row_recovery'},3,1,0,0,0.64,Main Road,Rajajinagar
street_lamp,13.37809,77.529012,{'generated':'missing_row_recovery'},2,1,4,3,0.83,Cross Road,BTM Layout
street_lamp,13.053567,77.823563,{'generated':'missing_row_recovery'},4,1,0,1,0.65,Industrial Road,Banashankari
street_lamp,12.813699,77.695344,{'generated':'missing_row_recovery'},5,2,0,5,0.79,Cross Road,Banashankari
street_lamp,13.00555,77.965251,{'generated':'missing_row_recovery'},3,2,4,1,0.49,Ring Road,BTM Layout
street_lamp,13.245335,77.513324,{'generated':'missing_row_recovery'},3,1,0,0,0.57,Market Road,Vijayanagar
street_lamp,12.98564,77.760796,{'generated':'missing_row_recovery'},2,0,2,2,0.77,Main Road,Kengeri
street_lamp,13.333895,77.729433,{'generated':'missing_row_recovery'},5,2,1,2,0.54,Industrial Road,Malleshwaram
street_lamp,13.292357,77.441172,{'generated':'missing_row_recovery'},3,1,1,0,0.47,Cross Road,Indiranagar
street_lamp,12.840155,77.64168,{'generated':'missing_row_recovery'},3,0,4,2,0.46,Market Road,Rajajinagar
street_lamp,12.962032,77.689052,{'generated':'missing_row_recovery'},4,2,4,3,0.58,2nd Main,Hebbal
street_lamp,12.924618,77.772931,{'generated':'missing_row_recovery'},4,0,3,4,0.6,Lake Road,Rajajinagar
street_lamp,12.96909,77.682735,{'generated':'missing_row_recovery'},5,1,1,5,0.54,Market Road,HSR Layout
street_lamp,13.143078,77.920869,{'generated':'missing_row_recovery'},2,1,4,2,0.45,2nd Main,Kengeri
street_lamp,13.131588,77.830914,{'generated':'missing_row_recovery'},4,2,0,2,0.83,Station Road,Marathahalli
street_lamp,13.124888,77.589342,{'generated':'missing_row_recovery'},5,0,3,4,0.55,1st Main,Whitefield
street_lamp,13.282867,77.966068,{'generated':'missing_row_recovery'},4,2,0,4,0.79,Cross Road,Marathahalli
street_lamp,13.260244,77.897588,{'generated':'missing_row_recovery'},4,0,1,3,0.46,Ring Road,Malleshwaram
street_lamp,12.821677,77.942075,{'generated':'missing_row_recovery'},3,0,2,5,0.77,Lake Road,Electronic City
street_lamp,13.094483,77.705721,{'generated':'missing_row_recovery'},5,0,0,1,0.54,Lake Road,Koramangala
street_lamp,13.347132,77.588515,{'generated':'missing_row_recovery'},4,2,3,2,0.46,Market Road,Peenya
street_lamp,13.274487,77.962635,{'generated':'missing_row_recovery'},5,0,4,3,0.82,Ring Road,Koramangala
street_lamp,13.157645,77.494848,{'generated':'missing_row_recovery'},3,1,4,1,0.81,Market Road,Vijayanagar
street_lamp,13.200429,77.512055,{'generated':'missing_row_recovery'},3,1,1,1,0.71,Market Road,Malleshwaram
street_lamp,12.802263,77.555048,{'generated':'missing_row_recovery'},2,2,3,0,0.63,1st Main,Jayanagar
street_lamp,13.369317,77.755894,{'generated':'missing_row_recovery'},3,1,3,1,0.83,Service Road,Malleshwaram
street_lamp,13.158551,77.78208,{'generated':'missing_row_recovery'},3,0,3,0,0.73,Ring Road,Kengeri
street_lamp,13.3475,77.494706,{'generated':'missing_row_recovery'},2,1,2,0,0.78,Ring Road,Banashankari
street_lamp,13.191101,77.872066,{'generated':'missing_row_recovery'},5,2,2,0,0.75,Cross Road,Kengeri
street_lamp,12.995088,77.603269,{'generated':'missing_row_recovery'},4,0,3,4,0.61,Industrial Road,Hebbal
street_lamp,12.994324,77.505642,{'generated':'missing_row_recovery'},2,0,2,0,0.81,Main Road,Peenya
street_lamp,13.322041,77.631598,{'generated':'missing_row_recovery'},4,0,3,3,0.77,2nd Main,Banashankari
street_lamp,13.037405,77.440585,{'generated':'missing_row_recovery'},3,0,4,3,0.85,Service Road,Banashankari
street_lamp,13.07008,77.499805,{'generated':'missing_row_recovery'},2,2,0,3,0.53,Service Road,Koramangala
street_lamp,13.039329,77.459712,{'generated':'missing_row_recovery'},5,1,2,2,0.65,Cross Road,HSR Layout
street_lamp,13.367543,77.435519,{'generated':'missing_row_recovery'},4,0,4,3,0.72,Service Road,Electronic City
street_lamp,13.303565,77.861854,{'generated':'missing_row_recovery'},4,2,2,2,0.8,Main Road,Yelahanka
street_lamp,13.084274,77.420858,{'generated':'missing_row_recovery'},2,1,4,5,0.61,Industrial Road,Koramangala
street_lamp,13.254035,77.673523,{'generated':'missing_row_recovery'},3,0,0,1,0.59,Lake Road,Indiranagar
street_lamp,13.208911,77.797439,{'generated':'missing_row_recovery'},2,1,3,1,0.68,Ring Road,Banashankari
street_lamp,13.130838,77.436165,{'generated':'missing_row_recovery'},2,0,4,2,0.78,1st Main,HSR Layout
street_lamp,13.260189,77.636487,{'generated':'missing_row_recovery'},3,1,4,0,0.76,2nd Main,Vijayanagar
street_lamp,13.028886,77.919889,{'generated':'missing_row_recovery'},5,2,3,5,0.8,Lake Road,Malleshwaram
street_lamp,12.888589,77.440723,{'generated':'missing_row_recovery'},2,2,1,5,0.82,Station Road,Koramangala
street_lamp,13.272518,77.638209,{'generated':'missing_row_recovery'},5,2,4,0,0.67,1st Main,Hebbal
street_lamp,13.081532,77.446583,{'generated':'missing_row_recovery'},3,2,3,3,0.67,1st Main,Hebbal
street_lamp,12.981204,77.878017,{'generated':'missing_row_recovery'},5,2,2,3,0.82,Lake Road,Vijayanagar
street_lamp,13.139714,77.798504,{'generated':'missing_row_recovery'},2,1,2,1,0.5,Station Road,Rajajinagar
street_lamp,12.938319,77.779107,{'generated':'missing_row_recovery'},5,0,3,1,0.49,Station Road,Vijayanagar
street_lamp,13.040577,77.420637,{'generated':'missing_row_recovery'},5,0,3,4,0.83,1st Main,Hebbal
street_lamp,12.811159,77.492236,{'generated':'missing_row_recovery'},2,2,2,4,0.71,Lake Road,Rajajinagar
street_lamp,13.155587,77.887797,{'generated':'missing_row_recovery'},5,2,1,2,0.55,Station Road,Banashankari
street_lamp,13.152467,77.698057,{'generated':'missing_row_recovery'},5,0,3,1,0.54,1st Main,Yelahanka
street_lamp,13.006878,77.649579,{'generated':'missing_row_recovery'},5,1,1,5,0.6,2nd Main,Yelahanka
street_lamp,12.904586,77.978989,{'generated':'missing_row_recovery'},2,1,1,3,0.79,Cross Road,Kengeri
street_lamp,12.966784,77.83708,{'generated':'missing_row_recovery'},5,0,3,2,0.66,Ring Road,Vijayanagar
street_lamp,13.304904,77.860115,{'generated':'missing_row_recovery'},3,2,0,2,0.6,Station Road,Malleshwaram
street_lamp,13.373713,77.846689,{'generated':'missing_row_recovery'},4,1,4,3,0.73,Main Road,Yelahanka
street_lamp,13.359094,77.981122,{'generated':'missing_row_recovery'},5,2,1,3,0.79,Market Road,Peenya
street_lamp,13.329564,77.994285,{'generated':'missing_row_recovery'},3,0,1,0,0.84,Cross Road,Yelahanka
street_lamp,12.873557,77.682275,{'generated':'missing_row_recovery'},5,0,4,3,0.73,Ring Road,Indiranagar
street_lamp,12.894751,77.974655,{'generated':'missing_row_recovery'},2,0,4,3,0.59,Lake Road,Rajajinagar
street_lamp,13.00994,77.428952,{'generated':'missing_row_recovery'},4,0,4,1,0.48,2nd Main,Rajajinagar
street_lamp,13.14416,77.865629,{'generated':'missing_row_recovery'},5,1,0,0,0.57,Ring Road,BTM Layout
street_lamp,13.109249,77.760007,{'generated':'missing_row_recovery'},3,2,1,4,0.53,Lake Road,Yelahanka
street_lamp,12.836871,77.76086,{'generated':'missing_row_recovery'},3,0,2,3,0.83,Market Road,Peenya
street_lamp,12.906111,77.694259,{'generated':'missing_row_recovery'},5,1,4,1,0.54,Ring Road,Banashankari
street_lamp,13.394172,77.584618,{'generated':'missing_row_recovery'},3,1,4,0,0.55,Market Road,Yelahanka
street_lamp,13.063049,77.848361,{'generated':'missing_row_recovery'},3,1,4,0,0.69,Industrial Road,Malleshwaram
street_lamp,13.029158,77.43222,{'generated':'missing_row_recovery'},2,2,2,3,0.55,1st Main,Vijayanagar
street_lamp,13.240439,77.805279,{'generated':'missing_row_recovery'},2,2,0,3,0.83,Industrial Road,Yelahanka
street_lamp,12.85483,77.703526,{'generated':'missing_row_recovery'},3,2,1,3,0.58,Industrial Road,Peenya
street_lamp,12.997212,77.963085,{'generated':'missing_row_recovery'},3,2,1,0,0.59,Market Road,Koramangala
street_lamp,12.827746,77.544851,{'generated':'missing_row_recovery'},4,0,1,3,0.76,2nd Main,Yelahanka
street_lamp,13.187161,77.537648,{'generated':'missing_row_recovery'},5,1,0,2,0.62,Lake Road,Marathahalli
street_lamp,13.206839,77.779385,{'generated':'missing_row_recovery'},4,0,1,1,0.65,Industrial Road,Whitefield
street_lamp,13.341272,77.695478,{'generated':'missing_row_recovery'},4,1,3,0,0.8,Station Road,Koramangala
street_lamp,13.130933,77.716402,{'generated':'missing_row_recovery'},2,0,4,4,0.61,Market Road,Whitefield
street_lamp,13.377036,77.952026,{'generated':'missing_row_recovery'},3,0,3,1,0.52,Station Road,Kengeri
street_lamp,13.318133,77.44897,{'generated':'missing_row_recovery'},2,0,1,3,0.84,Industrial Road,Peenya
street_lamp,13.342377,77.826151,{'generated':'missing_row_recovery'},5,0,2,1,0.56,Station Road,Peenya
street_lamp,13.239424,77.901955,{'generated':'missing_row_recovery'},3,0,0,2,0.46,1st Main,Banashankari
street_lamp,13.014758,77.857228,{'generated':'missing_row_recovery'},2,0,1,5,0.82,1st Main,Indiranagar
street_lamp,12.940217,77.444387,{'generated':'missing_row_recovery'},2,0,3,1,0.69,Station Road,Banashankari
street_lamp,13.262323,77.639534,{'generated':'missing_row_recovery'},3,2,1,5,0.64,Ring Road,Koramangala
street_lamp,13.060081,77.787896,{'generated':'missing_row_recovery'},2,2,3,3,0.5,Lake Road,Vijayanagar
street_lamp,13.188672,77.565097,{'generated':'missing_row_recovery'},3,1,0,3,0.66,Station Road,Indiranagar
street_lamp,12.88992,77.437205,{'generated':'missing_row_recovery'},2,2,1,2,0.61,Main Road,Rajajinagar
street_lamp,13.11355,77.642389,{'generated':'missing_row_recovery'},2,0,4,3,0.71,2nd Main,Kengeri
street_lamp,12.984787,77.612675,{'generated':'missing_row_recovery'},2,0,1,1,0.83,Main Road,Whitefield
street_lamp,13.27229,77.763896,{'generated':'missing_row_recovery'},3,2,3,5,0.8,Main Road,Malleshwaram
street_lamp,13.279181,77.943743,{'generated':'missing_row_recovery'},2,2,3,0,0.74,Cross Road,Vijayanagar
street_lamp,13.137391,77.787556,{'generated':'missing_row_recovery'},5,0,1,0,0.69,Main Road,BTM Layout
street_lamp,13.286959,77.876702,{'generated':'missing_row_recovery'},2,1,3,4,0.56,2nd Main,Hebbal
street_lamp,12.92133,77.77756,{'generated':'missing_row_recovery'},3,1,1,1,0.81,Ring Road,BTM Layout
street_lamp,13.148764,77.998713,{'generated':'missing_row_recovery'},3,1,2,0,0.53,Cross Road,Peenya
street_lamp,12.849545,77.956718,{'generated':'missing_row_recovery'},4,2,2,3,0.66,Ring Road,BTM Layout
street_lamp,12.813247,77.488718,{'generated':'missing_row_recovery'},4,2,4,1,0.61,Market Road,Jayanagar
street_lamp,13.14755,77.434543,{'generated':'missing_row_recovery'},2,2,4,0,0.51,1st Main,Hebbal
street_lamp,12.826214,77.799,{'generated':'missing_row_recovery'},2,1,3,0,0.59,Ring Road,Whitefield
street_lamp,12.907317,77.681651,{'generated':'missing_row_recovery'},4,0,0,0,0.49,Station Road,Peenya
street_lamp,13.145875,77.90407,{'generated':'missing_row_recovery'},5,0,2,1,0.58,2nd Main,BTM Layout
street_lamp,12.853506,77.605334,{'generated':'missing_row_recovery'},4,1,2,3,0.51,Ring Road,Peenya
street_lamp,13.074166,77.838129,{'generated':'missing_row_recovery'},5,0,2,3,0.75,Cross Road,Kengeri
street_lamp,12.867918,77.857699,{'generated':'missing_row_recovery'},3,1,1,3,0.49,Main Road,BTM Layout
street_lamp,13.033019,77.979386,{'generated':'missing_row_recovery'},2,2,3,2,0.59,Market Road,HSR Layout
street_lamp,13.062802,77.635769,{'generated':'missing_row_recovery'},2,2,4,0,0.81,Service Road,HSR Layout
street_lamp,12.837785,77.916091,{'generated':'missing_row_recovery'},4,0,0,1,0.63,Industrial Road,BTM Layout
street_lamp,13.265035,77.840426,{'generated':'missing_row_recovery'},5,2,1,3,0.79,2nd Main,Koramangala
street_lamp,13.287889,77.949276,{'generated':'missing_row_recovery'},3,1,2,4,0.67,Lake Road,Whitefield
street_lamp,12.83573,77.704235,{'generated':'missing_row_recovery'},4,1,4,5,0.72,Main Road,Banashankari
street_lamp,13.163026,77.524943,{'generated':'missing_row_recovery'},4,2,1,5,0.82,Industrial Road,Banashankari
street_lamp,13.007719,77.514405,{'generated':'missing_row_recovery'},5,1,1,3,0.81,Market Road,Vijayanagar
street_lamp,13.050112,77.658136,{'generated':'missing_row_recovery'},3,2,1,2,0.63,Cross Road,Kengeri
street_lamp,12.966006,77.415492,{'generated':'missing_row_recovery'},4,2,3,5,0.64,Lake Road,Rajajinagar
street_lamp,13.329925,77.589785,{'generated':'missing_row_recovery'},2,1,3,2,0.68,Industrial Road,Electronic City
street_lamp,13.301725,77.546808,{'generated':'missing_row_recovery'},2,1,3,2,0.77,Industrial Road,Kengeri
street_lamp,13.105014,77.972032,{'generated':'missing_row_recovery'},4,2,0,3,0.59,Lake Road,Kengeri
street_lamp,12.869143,77.429815,{'generated':'missing_row_recovery'},5,1,2,1,0.57,Market Road,Peenya
