type,lat,lon,tags,lighting_level,police_near,cctv_count,crime_reports,safety_score,street_name,area_name
surveillance,12.9779004,77.584168,"{'camera:direction': '318', 'camera:mount': 'pole', 'camera:type': 'fixed', 'man_made': 'surveillance', 'surveillance': 'public', 'surveillance:type': 'camera', 'surveillance:zone': 'area'}",5,0,1,3,0.32,,Bengaluru
surveillance,13.0040647,77.6192601,"{'camera:direction': 'W', 'camera:mount': 'wall', 'camera:type': 'fixed', 'man_made': 'surveillance', 'name': 'Shalom Apt Gate Camera 1', 'surveillance': 'outdoor', 'surveillance:type': 'camera', 'surveillance:zone': 'town'}",5,0,1,4,0.26,Davis Road,Bangalore
surveillance,12.9670078,77.6355011,"{'camera:mount': 'building', 'camera:type': 'fixed', 'man_made': 'surveillance', 'surveillance': 'outdoor', 'surveillance:type': 'camera', 'surveillance:zone': 'street'}",5,0,1,0,0.5,4th Main Road,Bengaluru
surveillance,13.0192437,77.564784,{'man_made': 'surveillance'},5,0,1,2,0.38,,Bengaluru
surveillance,13.0164591,77.5630553,{'man_made': 'surveillance'},5,0,1,2,0.38,Mandhara Marg,Bengaluru
surveillance,13.016811,77.5629092,{'man_made': 'surveillance'},5,0,1,1,0.44,Mandhara Marg,Bengaluru
surveillance,13.0275594,77.5713775,{'man_made': 'surveillance'},5,0,1,0,0.5,New BEL Road,Bengaluru
surveillance,13.0126128,77.5689946,{'man_made': 'surveillance'},5,0,1,2,0.38,CV Raman Road,Bengaluru
surveillance,12.9699507,77.636018,"{'camera:mount': 'pole', 'camera:type': 'dome', 'man_made': 'surveillance', 'surveillance': 'public', 'surveillance:type': 'camera', 'surveillance:zone': 'traffic'}",5,0,1,4,0.26,12th Main Road,Bengaluru
surveillance,12.9655057,77.5349283,"{'description': 'CCTV', 'man_made': 'surveillance'}",5,0,1,2,0.38,Chord Road,Bengaluru
surveillance,12.9651401,77.5348464,"{'description': 'Vijayanagar TTMC', 'man_made': 'surveillance', 'name': 'CCTV'}",5,0,1,0,0.5,Chord Road,Bengaluru
surveillance,12.9578343,77.5342179,"{'man_made': 'surveillance', 'name': 'Surveillance camera'}",5,0,1,4,0.26,Sha Shi Marulayya Road,Bengaluru
surveillance,12.9737679,77.6138022,"{'camera:direction': '180', 'camera:mount': 'pole', 'camera:type': 'fixed', 'man_made': 'surveillance', 'name': 'Pole 5', 'surveillance': 'public', 'surveillance:type': 'camera', 'surveillance:zone': 'traffic'}",5,0,1,4,0.26,Mahatma Gandhi Road,Bengaluru
surveillance,12.974344,77.6110621,"{'camera:direction': '180', 'camera:mount': 'pole', 'camera:type': 'fixed', 'man_made': 'surveillance', 'name': 'Pole 4', 'surveillance': 'traffic', 'surveillance:type': 'camera', 'surveillance:zone': 'traffic'}",5,0,1,0,0.5,,Bengaluru
surveillance,13.0064362,77.5787556,"{'camera:mount': 'pole', 'camera:type': 'dome', 'check_date': '2023-10-31', 'man_made': 'surveillance', 'operator': 'BTP', 'surveillance': 'public', 'surveillance:type': 'camera', 'surveillance:zone': 'area'}",5,0,1,1,0.44,Vyalikaval Main Road,Bengaluru
surveillance,12.9344914,77.6123667,"{'camera:mount': 'traffic_signals', 'camera:type': 'panning', 'check_date': '2021-12-05', 'man_made': 'surveillance', 'operator': 'BTP', 'surveillance': 'public', 'surveillance:type': 'camera', 'surveillance:zone': 'traffic'}",5,0,1,4,0.26,,80 Feet Road
surveillance,12.9102739,77.5952023,"{'camera:mount': 'traffic_signals', 'camera:type': 'panning', 'check_date': '2023-11-01', 'man_made': 'surveillance', 'surveillance': 'public', 'surveillance:type': 'camera'}",5,0,1,2,0.38,,9th Cross Road
surveillance,13.0043155,77.6186189,"{'camera:direction': '100', 'camera:mount': 'wall', 'camera:type': 'fixed', 'man_made': 'surveillance', 'operator': 'Apartment', 'surveillance': 'outdoor', 'surveillance:type': 'camera', 'surveillance:zone': 'building'}",5,0,1,0,0.5,Cookson Road,Bangalore
surveillance,13.0036358,77.6168195,"{'camera:mount': 'pole', 'camera:type': 'dome', 'man_made': 'surveillance', 'name': 'CCTV', 'surveillance': 'public', 'surveillance:type': 'camera', 'surveillance:zone': 'town'}",5,0,1,3,0.32,,Bengaluru
surveillance,13.0040539,77.6197036,"{'camera:mount': 'traffic_signals', 'camera:type': 'dome', 'man_made': 'surveillance', 'surveillance': 'public', 'surveillance:type': 'camera'}",5,0,1,0,0.5,,Bengaluru
surveillance,13.0049492,77.6173656,"{'camera:direction': '280;0;120', 'camera:mount': 'pole', 'camera:type': 'fixed', 'description': '3 Cameras on 1 pole', 'man_made': 'surveillance', 'surveillance': 'public', 'surveillance:type': 'camera', 'surveillance:zone': 'town'}",5,0,1,2,0.38,Clarke Road,Bengaluru
surveillance,13.0047271,77.6172604,"{'man_made': 'surveillance', 'surveillance': 'outdoor', 'surveillance:type': 'camera'}",5,0,1,1,0.44,,Bengaluru
surveillance,12.9311267,77.6233088,"{'camera:direction': '30', 'camera:mount': 'wall', 'camera:type': 'fixed', 'man_made': 'surveillance', 'surveillance': 'outdoor', 'surveillance:type': 'camera', 'surveillance:zone': 'area'}",5,0,1,3,0.32,6th A Cross Road,
surveillance,12.9308146,77.6230211,"{'camera:mount': 'pole', 'camera:type': 'panning', 'man_made': 'surveillance', 'surveillance': 'public', 'surveillance:type': 'camera', 'surveillance:zone': 'area'}",5,0,1,2,0.38,6th A Cross Road,Food Triangle
surveillance,13.0056695,77.580865,"{'camera:type': 'dome', 'check_date': '2024-07-17', 'man_made': 'surveillance', 'name': 'CCTV', 'surveillance': 'outdoor', 'surveillance:type': 'camera'}",5,0,1,4,0.26,16th Cross Road,Bengaluru
surveillance,13.0091572,77.5805054,"{'camera:mount': 'pole', 'camera:type': 'dome', 'check_date': '2022-12-15', 'man_made': 'surveillance', 'surveillance': 'public', 'surveillance:type': 'camera', 'surveillance:zone': 'area'}",5,0,1,2,0.38,8th Main Road,Bengaluru
surveillance,13.0084718,77.5715886,"{'camera:mount': 'pole', 'camera:type': 'dome', 'man_made': 'surveillance', 'surveillance': 'public', 'surveillance:type': 'camera', 'surveillance:zone': 'area'}",5,0,1,2,0.38,,Bengaluru
surveillance,13.0084993,77.5711547,"{'camera:mount': 'pole', 'camera:type': 'dome', 'man_made': 'surveillance', 'surveillance': 'public', 'surveillance:type': 'camera', 'surveillance:zone': 'area'}",5,0,1,0,0.5,,Bengaluru
surveillance,12.9995879,77.6232746,"{'camera:mount': 'wall', 'camera:type': 'fixed', 'man_made': 'surveillance', 'surveillance': 'outdoor', 'surveillance:type': 'camera'}",5,0,1,4,0.26,,Bengaluru
surveillance,12.9996458,77.623085,"{'camera:mount': 'wall', 'camera:type': 'fixed', 'man_made': 'surveillance', 'surveillance': 'outdoor', 'surveillance:type': 'camera'}",5,0,1,4,0.26,Wheeler Road Extension,Bangalore
surveillance,12.9996571,77.6230575,"{'camera:mount': 'wall', 'camera:type': 'fixed', 'man_made': 'surveillance', 'surveillance': 'outdoor', 'surveillance:type': 'camera'}",5,0,1,2,0.38,Wheeler Road Extension,Bangalore
surveillance,13.001928,77.6121952,"{'camera:mount': 'pole', 'camera:type': 'dome', 'man_made': 'surveillance', 'surveillance': 'public', 'surveillance:type': 'camera', 'surveillance:zone': 'town', 'survey:date': '2022-06-11'}",5,0,1,2,0.38,,Bengaluru
surveillance,12.9991284,77.6104064,"{'camera:mount': 'wall', 'camera:type': 'panning', 'man_made': 'surveillance', 'surveillance': 'camera', 'surveillance:type': 'camera'}",5,0,1,2,0.38,,Bengaluru
surveillance,12.9935113,77.6073388,"{'camera:mount': 'pole', 'camera:type': 'dome', 'check_date': '2022-09-12', 'man_made': 'surveillance', 'surveillance': 'public', 'surveillance:type': 'camera'}",5,0,1,4,0.26,,Bengaluru
surveillance,12.9905635,77.5994986,"{'camera:type': 'panning', 'man_made': 'surveillance', 'surveillance': 'public', 'surveillance:type': 'camera'}",5,0,1,1,0.44,Queen's Road,Bengaluru
surveillance,12.9843792,77.597122,"{'camera:mount': 'pole', 'camera:type': 'dome', 'check_date': '2023-10-30', 'man_made': 'surveillance', 'surveillance': 'public', 'surveillance:type': 'camera'}",5,0,1,2,0.38,,Bengaluru
surveillance,12.9803297,77.596906,"{'man_made': 'surveillance', 'surveillance': 'public'}",5,0,1,2,0.38,King's Road,Bengaluru
surveillance,12.9807772,77.5974151,"{'camera:mount': 'pole', 'camera:type': 'dome', 'man_made': 'surveillance', 'surveillance': 'public', 'surveillance:type': 'camera'}",5,0,1,3,0.32,Cubbon Road,Bengaluru
surveillance,12.9803563,77.5970834,"{'man_made': 'surveillance', 'surveillance': 'public'}",5,0,1,1,0.44,King's Road,Bengaluru
surveillance,12.9896165,77.5927697,"{'camera:mount': 'pole', 'camera:type': 'dome', 'man_made': 'surveillance', 'surveillance': 'public', 'surveillance:type': 'camera', 'surveillance:zone': 'traffic'}",5,0,1,0,0.5,Millers Road,Bengaluru
surveillance,12.9935331,77.5957065,"{'camera:mount': 'pole', 'camera:type': 'dome', 'man_made': 'surveillance', 'surveillance': 'public', 'surveillance:type': 'camera'}",5,0,1,1,0.44,,Bengaluru
surveillance,12.9747424,77.6200275,"{'camera:mount': 'pole', 'camera:type': 'dome', 'check_date': '2022-09-25', 'man_made': 'surveillance', 'surveillance': 'public', 'surveillance:type': 'camera', 'surveillance:zone': 'area'}",5,0,1,0,0.5,Halasuru Road,Bengaluru
surveillance,13.0058786,77.6237269,"{'man_made': 'surveillance', 'surveillance': 'outdoor', 'surveillance:type': 'camera'}",5,0,1,1,0.44,Hutchins Main Road,Bangalore
surveillance,12.9783736,77.6443255,"{'man_made': 'surveillance', 'surveillance': 'outdoor', 'surveillance:type': 'camera'}",5,0,1,2,0.38,Chinmaya Mission Hospital Road,Bengaluru
surveillance,12.9784381,77.6442049,"{'camera:type': 'fixed', 'man_made': 'surveillance', 'surveillance': 'outdoor', 'surveillance:type': 'camera'}",5,0,1,1,0.44,Chinmaya Mission Hospital Road,Bengaluru
surveillance,12.9818215,77.6229337,"{'camera:mount': 'pole', 'camera:type': 'dome', 'man_made': 'surveillance', 'surveillance': 'public', 'surveillance:type': 'camera', 'surveillance:zone': 'area'}",5,0,1,2,0.38,,Bengaluru
surveillance,13.0018833,77.6330181,"{'man_made': 'surveillance', 'surveillance': 'outdoor', 'surveillance:type': 'camera'}",5,0,1,2,0.38,7th B Cross Road,Bengaluru
surveillance,12.9784382,77.6442184,"{'man_made': 'surveillance', 'surveillance': 'outdoor', 'surveillance:type': 'camera'}",5,0,1,2,0.38,Chinmaya Mission Hospital Road,Bengaluru
surveillance,13.000987,77.6270416,"{'camera:type': 'dome', 'man_made': 'surveillance', 'surveillance': 'public', 'surveillance:type': 'camera', 'surveillance:zone': 'area'}",5,0,1,2,0.38,DaCosta Layout 2nd Cross,Bangalore
surveillance,13.0019009,77.6329291,{'man_made': 'surveillance'},5,0,1,2,0.38,7th B Cross Road,Bengaluru
surveillance,12.9716676,77.6196001,"{'man_made': 'surveillance', 'surveillance': 'public', 'surveillance:type': 'camera'}",5,0,1,4,0.26,,Bengaluru
surveillance,12.9721567,77.6194325,"{'camera:mount': 'pole', 'camera:type': 'dome', 'man_made': 'surveillance', 'surveillance': 'public', 'surveillance:type': 'camera', 'surveillance:zone': 'area'}",5,0,1,0,0.5,,Bengaluru
surveillance,12.9423798,77.6227483,{'man_made': 'surveillance'},5,0,1,0,0.5,80 Feet Road,Just Dogs
surveillance,12.9424075,77.6227122,{'man_made': 'surveillance'},5,0,1,1,0.44,80 Feet Road,Just Dogs
surveillance,12.9838179,77.5941061,{'man_made': 'surveillance'},5,0,1,1,0.44,,Bengaluru
surveillance,12.9838335,77.5941759,{'man_made': 'surveillance'},5,0,1,0,0.5,,Bengaluru
surveillance,12.9688225,77.6481309,{'man_made': 'surveillance'},5,0,1,2,0.38,Jeevan Bhima Nagar Main Road,Sree Venkateshwara Iyengar's bakery and sweets
surveillance,13.0051679,77.5665881,"{'camera:type': 'fixed', 'man_made': 'surveillance', 'surveillance': 'outdoor', 'surveillance:type': 'camera', 'surveillance:zone': 'building'}",5,0,1,4,0.26,6th Main Road,Bengaluru
surveillance,12.97579,77.6202192,{'man_made': 'surveillance'},5,0,1,1,0.44,,Bengaluru
surveillance,12.9710184,77.5975255,"{'camera:mount': 'building', 'camera:type': 'fixed', 'man_made': 'surveillance', 'surveillance': 'outdoor', 'surveillance:type': 'camera'}",5,0,1,2,0.38,Vittal Mallya Road,Bangalore
surveillance,12.9712442,77.5976968,"{'camera:mount': 'pole', 'camera:type': 'dome', 'man_made': 'surveillance', 'surveillance': 'public', 'surveillance:type': 'camera'}",5,0,1,1,0.44,,Bengaluru
surveillance,12.9712472,77.5977061,"{'camera:mount': 'pole', 'camera:type': 'dome', 'check_date': '2023-10-02', 'man_made': 'surveillance', 'surveillance': 'public', 'surveillance:type': 'camera'}",5,0,1,2,0.38,,Bengaluru
surveillance,13.0228188,77.6371679,"{'camera:mount': 'pole', 'camera:type': 'dome', 'man_made': 'surveillance', 'surveillance': 'public', 'surveillance:type': 'camera', 'surveillance:zone': 'area'}",5,0,1,0,0.5,,Bengaluru
surveillance,12.9345018,77.6123225,"{'camera:mount': 'traffic_signals', 'camera:type': 'panning', 'check_date': '2021-12-05', 'man_made': 'surveillance', 'operator': 'BTP', 'surveillance': 'outdoor', 'surveillance:type': 'camera', 'surveillance:zone': 'traffic'}",5,0,1,3,0.32,,80 Feet Road
surveillance,12.9345024,77.6123307,"{'camera:mount': 'traffic_signals', 'camera:type': 'panning', 'check_date': '2021-12-05', 'man_made': 'surveillance', 'surveillance': 'outdoor', 'surveillance:type': 'camera'}",5,0,1,0,0.5,,80 Feet Road
surveillance,12.9344115,77.6124006,"{'camera:mount': 'pole', 'camera:type': 'dome', 'check_date': '2021-12-05', 'man_made': 'surveillance', 'operator': 'BTP', 'surveillance': 'outdoor', 'surveillance:type': 'camera', 'surveillance:zone': 'traffic'}",5,0,1,4,0.26,,Hosur Road
surveillance,12.9345083,77.612345,"{'camera:mount': 'traffic_signals', 'camera:type': 'panning', 'check_date': '2021-12-05', 'man_made': 'surveillance', 'operator': 'BTP', 'surveillance': 'public', 'surveillance:type': 'camera', 'surveillance:zone': 'traffic'}",5,0,1,4,0.26,,80 Feet Road
surveillance,12.9764872,77.5994312,"{'camera:mount': 'pole', 'camera:type': 'dome', 'man_made': 'surveillance', 'surveillance': 'public', 'surveillance:type': 'camera', 'surveillance:zone': 'traffic'}",5,0,1,2,0.38,,Bengaluru
surveillance,12.907045,77.6287929,"{'camera:type': 'dome', 'check_date': '2024-12-07', 'man_made': 'surveillance', 'surveillance': 'public', 'surveillance:type': 'camera'}",5,0,1,2,0.38,,Begur Road
surveillance,12.9091872,77.6276624,"{'camera:type': 'dome', 'check_date': '2024-07-06', 'man_made': 'surveillance', 'surveillance': 'public', 'surveillance:type': 'camera'}",5,0,1,0,0.5,,Service Road
surveillance,12.9147708,77.5996975,"{'camera:mount': 'wall', 'camera:type': 'fixed', 'man_made': 'surveillance', 'surveillance': 'outdoor', 'surveillance:type': 'camera'}",5,0,1,3,0.32,Bannerghatta Road,IBO
surveillance,12.971918,77.6070349,"{'camera:mount': 'pole', 'camera:type': 'dome', 'man_made': 'surveillance', 'surveillance': 'public', 'surveillance:type': 'camera'}",5,0,1,1,0.44,Brigade Road,Bengaluru
surveillance,12.9315485,77.622494,"{'camera:direction': '90', 'camera:mount': 'pole', 'camera:type': 'fixed', 'check_date': '2025-09-07', 'man_made': 'surveillance', 'surveillance': 'public', 'surveillance:type': 'camera', 'surveillance:zone': 'traffic'}",5,0,1,4,0.26,,7th Cross Road
surveillance,12.9315427,77.6224914,"{'camera:direction': '180', 'camera:mount': 'pole', 'camera:type': 'fixed', 'check_date': '2025-09-07', 'man_made': 'surveillance', 'surveillance': 'outdoor', 'surveillance:type': 'camera'}",5,0,1,2,0.38,,7th Cross Road
surveillance,12.931549,77.6224876,"{'camera:direction': '14', 'camera:mount': 'pole', 'camera:type': 'fixed', 'check_date': '2025-09-07', 'man_made': 'surveillance', 'surveillance': 'public', 'surveillance:type': 'camera', 'surveillance:zone': 'traffic'}",5,0,1,1,0.44,,7th Cross Road
surveillance,12.9807816,77.6159023,"{'camera:direction': '45', 'camera:mount': 'pole', 'camera:type': 'panning', 'check_date': '2024-12-10', 'man_made': 'surveillance', 'surveillance': 'public', 'surveillance:type': 'camera', 'surveillance:zone': 'traffic'}",5,0,1,3,0.32,"Gangadhara Chetty Road, Ulsoor",Bangalore
surveillance,13.0040887,77.6191969,"{'man_made': 'surveillance', 'name': 'Shalom Gate Camera 2', 'surveillance': 'outd', 'surveillance:type': 'camera'}",5,0,1,4,0.26,Davis Road,Bangalore
surveillance,12.9917069,77.6146229,"{'camera:direction': '45', 'camera:mount': 'pole', 'camera:type': 'fixed', 'man_made': 'surveillance', 'surface': 'outdoor', 'surveillance': 'outdoor', 'surveillance:type': 'camera', 'surveillance:zone': 'area'}",5,0,1,4,0.26,,Bengaluru
surveillance,12.9916789,77.6145177,"{'camera:mount': 'pole', 'camera:type': 'dome', 'man_made': 'surveillance', 'surveillance': 'outdoor', 'surveillance:type': 'camera', 'surveillance:zone': 'traffic'}",5,0,1,0,0.5,Promenade Road,Bengaluru
surveillance,12.9916499,77.6147138,"{'camera:direction': '0', 'camera:mount': 'pole', 'camera:type': 'fixed', 'man_made': 'surveillance', 'surveillance': 'outdoor', 'surveillance:type': 'camera', 'surveillance:zone': 'area'}",5,0,1,2,0.38,,Bengaluru
surveillance,12.9779148,77.6457032,"{'camera:direction': '270', 'camera:mount': 'wall', 'camera:type': 'fixed', 'man_made': 'surveillance', 'surveillance': 'outdoor', 'surveillance:type': 'camera'}",5,0,1,1,0.44,,1st Cross Road
surveillance,12.9779208,77.6457078,"{'camera:direction': '0', 'camera:mount': 'wall', 'camera:type': 'fixed', 'man_made': 'surveillance', 'surveillance': 'outdoor', 'surveillance:type': 'camera', 'surveillance:zone': 'area'}",5,0,1,4,0.26,,1st Cross Road
surveillance,13.0044432,77.6230483,"{'camera:direction': '90', 'camera:mount': 'wall', 'camera:type': 'fixed', 'man_made': 'surveillance', 'surveillance': 'outdoor', 'surveillance:type': 'camera'}",5,0,1,1,0.44,Hutchins Main Road,Bengaluru
surveillance,13.0044323,77.6229955,"{'camera:direction': '45', 'camera:mount': 'wall', 'camera:type': 'fixed', 'man_made': 'surveillance', 'surveillance': 'outdoor', 'surveillance:type': 'camera'}",5,0,1,4,0.26,Hutchins Main Road,Bangalore
surveillance,13.004584,77.6227782,"{'camera:direction': '0', 'camera:mount': 'wall', 'camera:type': 'fixed', 'man_made': 'surveillance', 'surveillance': 'outdoor', 'surveillance:type': 'camera', 'surveillance:zone': 'building'}",5,0,1,1,0.44,Ashoka Road,Bangalore
surveillance,13.0045275,77.6228726,"{'camera:direction': '0', 'camera:mount': 'wall', 'camera:type': 'fixed', 'man_made': 'surveillance', 'surveillance': 'outdoor', 'surveillance:type': 'camera', 'surveillance:zone': 'building'}",5,0,1,0,0.5,Ashoka Road,Bangalore
surveillance,12.9816453,77.6228859,"{'camera:mount': 'pole', 'camera:type': 'fixed', 'man_made': 'surveillance', 'surveillance': 'outdoor', 'surveillance:type': 'camera', 'surveillance:zone': 'traffic'}",5,0,1,3,0.32,,Bengaluru
surveillance,12.974728,77.6200106,"{'camera:mount': 'pole', 'camera:type': 'dome', 'check_date': '2022-09-25', 'man_made': 'surveillance', 'surveillance': 'outdoor', 'surveillance:type': 'camera', 'surveillance:zone': 'area'}",5,0,1,1,0.44,Halasuru Road,Bengaluru
surveillance,12.9730796,77.6201068,"{'camera:mount': 'pole', 'camera:type': 'dome', 'man_made': 'surveillance', 'surveillance': 'public', 'surveillance:type': 'camera', 'surveillance:zone': 'town'}",5,0,1,0,0.5,Mahatma Gandhi Road,Bengaluru
surveillance,12.9788339,77.5943165,"{'camera:mount': 'pole', 'camera:type': 'dome', 'man_made': 'surveillance', 'surveillance': 'public', 'surveillance:type': 'camera', 'surveillance:zone': 'area'}",5,0,1,1,0.44,Doctor B R Ambedkar Veedhi,Bengaluru
surveillance,12.9733365,77.6151086,"{'camera:mount': 'pole', 'camera:type': 'dome', 'check_date': '2023-10-12', 'man_made': 'surveillance', 'surveillance': 'public', 'surveillance:type': 'camera', 'surveillance:zone': 'area'}",5,0,1,1,0.44,,Bengaluru
surveillance,12.975522,77.5940226,"{'camera:mount': 'pole', 'camera:type': 'dome', 'man_made': 'surveillance', 'surveillance': 'public', 'surveillance:type': 'camera', 'surveillance:zone': 'area'}",5,0,1,2,0.38,Kasturba Road,Bengaluru
surveillance,12.9762054,77.5946109,"{'camera:mount': 'pole', 'camera:type': 'dome', 'check_date': '2023-10-12', 'man_made': 'surveillance', 'surveillance': 'public', 'surveillance:type': 'camera', 'surveillance:zone': 'area'}",5,0,1,2,0.38,Kasturba Road,Bengaluru
surveillance,12.9315296,77.6224875,"{'camera:mount': 'pole', 'camera:type': 'dome', 'check_date': '2025-09-12', 'man_made': 'surveillance', 'surveillance': 'public', 'surveillance:type': 'camera', 'surveillance:zone': 'area'}",5,0,1,0,0.5,,7th Cross Road
surveillance,12.9121413,77.6446517,"{'camera:direction': '0', 'camera:mount': 'pole', 'camera:type': 'fixed', 'check_date': '2021-11-30', 'man_made': 'surveillance', 'surveillance': 'public', 'surveillance:type': 'camera'}",5,0,1,3,0.32,,19th Main Road
surveillance,12.9121099,77.6446531,"{'camera:direction': '90', 'camera:mount': 'pole', 'camera:type': 'fixed', 'check_date': '2021-11-30', 'man_made': 'surveillance', 'surveillance': 'public', 'surveillance:type': 'camera'}",5,0,1,2,0.38,,19th Main Road
surveillance,12.9121073,77.6446249,"{'camera:direction': '180', 'camera:mount': 'pole', 'camera:type': 'fixed', 'check_date': '2021-11-28', 'man_made': 'surveillance', 'surveillance': 'public', 'surveillance:type': 'camera'}",5,0,1,0,0.5,,19th Main Road
surveillance,12.91214,77.6446222,"{'camera:direction': '270', 'camera:mount': 'pole', 'camera:type': 'fixed', 'check_date': '2021-11-30', 'man_made': 'surveillance', 'surveillance': 'public', 'surveillance:type': 'camera'}",5,0,1,1,0.44,,19th Main Road
surveillance,12.912169,77.6381216,"{'camera:mount': 'pole', 'camera:type': 'dome', 'man_made': 'surveillance', 'surveillance': 'public', 'surveillance:type': 'camera'}",5,0,1,2,0.38,,14th Main Road
surveillance,12.9121561,77.6381194,"{'camera:mount': 'pole', 'camera:type': 'dome', 'man_made': 'surveillance', 'surveillance': 'public', 'surveillance:type': 'camera'}",5,0,1,1,0.44,,14th Main Road
surveillance,12.9121905,77.6381503,"{'camera:direction': '0', 'camera:mount': 'pole', 'camera:type': 'fixed', 'man_made': 'surveillance', 'surveillance': 'public', 'surveillance:type': 'camera'}",5,0,1,0,0.5,,14th Main Road
surveillance,12.9768543,77.5964902,"{'camera:mount': 'pole', 'camera:type': 'dome', 'man_made': 'surveillance', 'surveillance': 'public', 'surveillance:type': 'camera', 'surveillance:zone': 'area'}",5,0,1,1,0.44,,Bengaluru
surveillance,12.9831481,77.5958763,"{'camera:mount': 'pole', 'camera:type': 'dome', 'man_made': 'surveillance', 'surveillance': 'public', 'surveillance:type': 'camera', 'surveillance:zone': 'area'}",5,0,1,2,0.38,,Bengaluru
surveillance,12.9769209,77.5957438,"{'camera:mount': 'pole', 'camera:type': 'dome', 'man_made': 'surveillance', 'surveillance': 'public', 'surveillance:type': 'camera', 'surveillance:zone': 'area'}",5,0,1,1,0.44,,Bengaluru
surveillance,12.9768283,77.5984799,"{'camera:mount': 'pole', 'camera:type': 'dome', 'man_made': 'surveillance', 'surveillance': 'public', 'surveillance:type': 'camera', 'surveillance:zone': 'area'}",5,0,1,1,0.44,Queen's Road,Bengaluru
surveillance,12.9768254,77.5984517,"{'camera:mount': 'pole', 'camera:type': 'dome', 'man_made': 'surveillance', 'surveillance': 'public', 'surveillance:type': 'camera', 'surveillance:zone': 'area'}",5,0,1,2,0.38,Queen's Road,Bengaluru
surveillance,12.9652796,77.6176011,"{'camera:mount': 'pole', 'camera:type': 'dome', 'man_made': 'surveillance', 'surveillance': 'public', 'surveillance:type': 'camera', 'surveillance:zone': 'area'}",5,0,1,2,0.38,Lower Agaram Road,Bengaluru
surveillance,12.9205936,77.5969063,"{'camera:mount': 'pole', 'camera:type': 'dome', 'man_made': 'surveillance', 'surveillance': 'public', 'surveillance:type': 'camera', 'surveillance:zone': 'area'}",5,0,1,3,0.32,,39th Cross Road
surveillance,12.9209738,77.5803946,"{'camera:mount': 'ceiling', 'camera:type': 'panning', 'man_made': 'surveillance', 'surveillance': 'outdoor', 'surveillance:type': 'camera', 'surveillance:zone': 'entrance'}",5,0,1,3,0.32,Rashtriya Vidyalaya Road,A: Jayanagar 5th Block Side
surveillance,12.975038,77.6078703,"{'camera:mount': 'pole', 'camera:type': 'dome', 'check_date': '2023-10-12', 'man_made': 'surveillance', 'surveillance': 'public', 'surveillance:type': 'camera', 'surveillance:zone': 'area'}",5,0,1,1,0.44,,Bengaluru
surveillance,12.9286357,77.5816785,"{'camera:mount': 'pole', 'camera:type': 'dome', 'man_made': 'surveillance', 'surveillance': 'public', 'surveillance:type': 'camera', 'surveillance:zone': 'area'}",5,0,1,2,0.38,,7th Main Road
surveillance,12.9205965,77.5969263,"{'camera:mount': 'traffic_signals', 'camera:type': 'panning', 'man_made': 'surveillance', 'surveillance': 'public', 'surveillance:type': 'camera', 'surveillance:zone': 'traffic'}",5,0,1,2,0.38,,39th Cross Road
surveillance,12.923469,77.5803262,"{'camera:mount': 'pole', 'camera:type': 'dome', 'man_made': 'surveillance', 'surveillance': 'public', 'surveillance:type': 'camera', 'surveillance:zone': 'area'}",5,0,1,3,0.32,,Rashtriya Vidyalaya Road
surveillance,12.9206108,77.5969131,"{'camera:mount': 'traffic_signals', 'camera:type': 'panning', 'man_made': 'surveillance', 'surveillance': 'public', 'surveillance:type': 'camera', 'surveillance:zone': 'traffic'}",5,0,1,2,0.38,,39th Cross Road
surveillance,12.9282645,77.5812282,"{'camera:type': 'dome', 'man_made': 'surveillance', 'surveillance': 'public', 'surveillance:type': 'camera', 'surveillance:zone': 'area'}",5,0,1,4,0.26,Vinayaka Devalaya Road,Jayanagar 4th Block Police Station
surveillance,12.9306053,77.6248432,"{'camera:direction': '200', 'camera:mount': 'pole', 'camera:type': 'panning', 'man_made': 'surveillance', 'surveillance': 'public', 'surveillance:type': 'camera'}",5,0,1,2,0.38,7th Cross Road,
surveillance,12.9306056,77.6248441,"{'camera:direction': '300', 'camera:mount': 'pole', 'camera:type': 'panning', 'man_made': 'surveillance', 'surveillance': 'public', 'surveillance:type': 'camera', 'surveillance:zone': 'area'}",5,0,1,4,0.26,7th Cross Road,
surveillance,12.9750252,77.5928133,"{'camera:mount': 'pole', 'camera:type': 'dome', 'man_made': 'surveillance', 'surveillance': 'public', 'surveillance:type': 'camera', 'surveillance:zone': 'area'}",5,0,1,0,0.5,Kasturba Road,Bengaluru
surveillance,12.9750379,77.5928187,"{'camera:mount': 'pole', 'camera:type': 'dome', 'man_made': 'surveillance', 'surveillance': 'public', 'surveillance:type': 'camera', 'surveillance:zone': 'area'}",5,0,1,1,0.44,Kasturba Road,Bengaluru
surveillance,12.973016,77.599764,"{'camera:direction': '180', 'camera:mount': 'tree', 'camera:type': 'fixed', 'man_made': 'surveillance', 'surveillance': 'outdoor', 'surveillance:type': 'camera', 'surveillance:zone': 'area'}",5,0,1,2,0.38,6th Cross Road,Bengaluru
surveillance,12.9653069,77.6179592,"{'camera:mount': 'building', 'camera:type': 'dome', 'check_date': '2022-08-11', 'man_made': 'surveillance', 'surveillance': 'public', 'surveillance:type': 'camera', 'surveillance:zone': 'area'}",5,0,1,0,0.5,,Bengaluru
surveillance,12.9294123,77.6149639,"{'camera:mount': 'pole', 'camera:type': 'dome', 'check_date': '2021-12-04', 'man_made': 'surveillance', 'surveillance': 'public', 'surveillance:type': 'camera', 'surveillance:zone': 'area'}",5,0,1,0,0.5,,
surveillance,12.9755738,77.6025371,"{'camera:mount': 'pole', 'camera:type': 'panning', 'man_made': 'surveillance', 'surveillance': 'public', 'surveillance:type': 'camera', 'surveillance:zone': 'area'}",5,0,1,0,0.5,Church Street,Bangalore
surveillance,12.9755713,77.6025279,"{'camera:mount': 'pole', 'camera:type': 'dome', 'man_made': 'surveillance', 'surveillance': 'public', 'surveillance:type': 'camera', 'surveillance:zone': 'area'}",5,0,1,3,0.32,,Bengaluru
surveillance,12.9839198,77.5877255,"{'camera:direction': '0', 'camera:mount': 'traffic_signals', 'camera:type': 'panning', 'man_made': 'surveillance', 'surveillance': 'public', 'surveillance:type': 'camera', 'surveillance:zone': 'street'}",5,0,1,3,0.32,,Bengaluru
surveillance,12.9904648,77.5885049,"{'camera:mount': 'pole', 'camera:type': 'dome', 'check_date': '2024-12-14', 'man_made': 'surveillance', 'surveillance': 'public', 'surveillance:type': 'camera', 'surveillance:zone': 'area'}",5,0,1,4,0.26,,Bengaluru
surveillance,12.9816494,77.5865378,"{'camera:mount': 'pole', 'camera:type': 'dome', 'check_date': '2024-07-06', 'man_made': 'surveillance', 'surveillance': 'public', 'surveillance:type': 'camera', 'surveillance:zone': 'area'}",5,0,1,0,0.5,,Bengaluru
surveillance,12.9839336,77.5876995,"{'camera:direction': '0', 'camera:mount': 'traffic_signals', 'camera:type': 'panning', 'man_made': 'surveillance', 'surveillance': 'public', 'surveillance:type': 'camera', 'surveillance:zone': 'street'}",5,0,1,2,0.38,,Bengaluru
surveillance,12.9943669,77.6156979,"{'camera:direction': '300', 'camera:mount': 'building', 'camera:type': 'fixed', 'check_date': '2024-01-10', 'man_made': 'surveillance', 'surveillance': 'outdoor', 'surveillance:type': 'camera', 'surveillance:zone': 'street'}",5,0,1,1,0.44,,Bengaluru
surveillance,12.9943839,77.615723,"{'camera:mount': 'pole', 'camera:type': 'dome', 'man_made': 'surveillance', 'surveillance': 'public', 'surveillance:type': 'camera', 'surveillance:zone': 'area'}",5,0,1,1,0.44,,Bengaluru
surveillance,12.9828817,77.6374807,"{'camera:mount': 'pole', 'camera:type': 'dome', 'check_date': '2022-09-25', 'man_made': 'surveillance', 'surveillance': 'public', 'surveillance:type': 'camera', 'surveillance:zone': 'area'}",5,0,1,3,0.32,,Bengaluru
surveillance,12.9544288,77.5784739,"{'camera:mount': 'wall', 'camera:type': 'fixed', 'man_made': 'surveillance', 'surveillance': 'outdoor', 'surveillance:type': 'camera', 'surveillance:zone': 'street'}",5,0,1,2,0.38,Diagonal Road,Bengaluru
surveillance,12.9448277,77.5274838,"{'camera:direction': '30', 'camera:mount': 'pole', 'camera:type': 'fixed', 'man_made': 'surveillance', 'surveillance': 'public', 'surveillance:type': 'camera', 'surveillance:zone': 'street'}",5,0,1,3,0.32,Nayandahalli Flyover,Namma Metro - Reach 2A
surveillance,12.9943206,77.6179184,{'man_made': 'surveillance'},5,0,1,1,0.44,,Bengaluru
surveillance,13.0172985,77.6313347,{'man_made': 'surveillance'},5,0,1,1,0.44,,Bengaluru
surveillance,13.0172993,77.6313257,{'man_made': 'surveillance'},5,0,1,2,0.38,,Bengaluru
surveillance,13.0173087,77.6313388,{'man_made': 'surveillance'},5,0,1,0,0.5,,Bengaluru
surveillance,12.9775968,77.5941589,"{'camera:mount': 'pole', 'camera:type': 'dome', 'check_date': '2024-12-10', 'man_made': 'surveillance', 'surveillance': 'public', 'surveillance:type': 'camera', 'surveillance:zone': 'area'}",5,0,1,0,0.5,Doctor B R Ambedkar Veedhi,Bengaluru
surveillance,12.973585,77.5973893,"{'camera:mount': 'wall', 'camera:type': 'fixed', 'man_made': 'surveillance', 'surveillance': 'outdoor', 'surveillance:type': 'camera', 'surveillance:zone': 'traffic'}",5,0,1,3,0.32,Kasturba Cross Road,Bangalore
surveillance,12.9735904,77.5973772,"{'addr:street': 'Kasturba Cross Road', 'camera:mount': 'wall', 'camera:type': 'fixed', 'man_made': 'surveillance', 'surveillance': 'outdoor', 'surveillance:type': 'camera', 'surveillance:zone': 'traffic'}",5,0,1,4,0.26,Kasturba Cross Road,Bangalore
surveillance,13.0040939,77.618479,"{'camera:direction': '15', 'camera:mount': 'wall', 'camera:type': 'fixed', 'man_made': 'surveillance', 'operator': 'Apartment', 'surveillance': 'outdoor', 'surveillance:type': 'camera', 'surveillance:zone': 'building'}",5,0,1,4,0.26,Cookson Road,Bangalore
surveillance,12.9748142,77.6208216,"{'camera:direction': '250', 'camera:mount': 'pole', 'camera:type': 'panning', 'man_made': 'surveillance', 'surveillance': 'outdoor', 'surveillance:type': 'camera', 'surveillance:zone': 'area'}",5,0,1,3,0.32,Kensington Road,Bangalore
surveillance,12.9782815,77.6408018,"{'camera:mount': 'pole', 'camera:type': 'dome', 'check_date': '2023-10-06', 'man_made': 'surveillance', 'surveillance': 'outdoor', 'surveillance:type': 'camera'}",5,0,1,4,0.26,100 Feet Road( S K Karim Khan Road),Bengaluru
surveillance,12.9386316,77.6327083,"{'camera:mount': 'pole', 'camera:type': 'dome', 'check_date': '2024-03-02', 'man_made': 'surveillance', 'surveillance': 'outdoor', 'surveillance:type': 'camera', 'surveillance:zone': 'area'}",5,0,1,1,0.44,,Bengaluru
surveillance,12.9386002,77.632515,"{'camera:direction': '90', 'camera:mount': 'gantry', 'camera:type': 'panning', 'man_made': 'surveillance', 'surveillance': 'public', 'surveillance:type': 'camera', 'surveillance:zone': 'area'}",5,0,1,2,0.38,,Bengaluru
surveillance,12.9385959,77.6325149,"{'camera:direction': '90', 'camera:mount': 'gantry', 'camera:type': 'panning', 'man_made': 'surveillance', 'surveillance': 'public', 'surveillance:type': 'camera', 'surveillance:zone': 'area'}",5,0,1,2,0.38,,Bengaluru
surveillance,12.9385908,77.6325149,"{'camera:direction': '90', 'camera:mount': 'gantry', 'camera:type': 'panning', 'man_made': 'surveillance', 'surveillance': 'public', 'surveillance:type': 'camera', 'surveillance:zone': 'area'}",5,0,1,2,0.38,,Bengaluru
surveillance,13.0019525,77.6234808,{'man_made': 'surveillance'},5,0,1,0,0.5,Davis Road,Bangalore
surveillance,12.9540923,77.5851646,"{'camera:mount': 'pole', 'camera:type': 'dome', 'man_made': 'surveillance', 'surveillance': 'public', 'surveillance:type': 'camera', 'surveillance:zone': 'area'}",5,0,1,0,0.5,Lalbagh Fort Road,Bengaluru
surveillance,12.9482221,77.5768973,"{'camera:mount': 'pole', 'camera:type': 'dome', 'man_made': 'surveillance', 'surveillance': 'public', 'surveillance:type': 'camera', 'surveillance:zone': 'area'}",5,0,1,4,0.26,,Bengaluru
surveillance,13.0023422,77.6228734,"{'camera:mount': 'pole', 'camera:type': 'dome', 'man_made': 'surveillance', 'surveillance': 'public', 'surveillance:type': 'camera', 'surveillance:zone': 'town', 'survey:date': '2022-05-15'}",5,0,1,4,0.26,Lloyd Road,Bangalore
surveillance,12.9909582,77.619613,{'man_made': 'surveillance'},5,0,1,4,0.26,,Bengaluru
surveillance,12.9527709,77.577078,"{'camera:mount': 'pole', 'camera:type': 'dome', 'man_made': 'surveillance', 'surveillance': 'public', 'surveillance:type': 'camera', 'surveillance:zone': 'area'}",5,0,1,1,0.44,Diagonal Road,Bengaluru
surveillance,12.9358673,77.615283,"{'camera:direction': '130', 'camera:mount': 'pole', 'camera:type': 'panning', 'man_made': 'surveillance', 'surveillance': 'public', 'surveillance:type': 'camera', 'surveillance:zone': 'area'}",5,0,1,2,0.38,80 Feet Road,Cantabil Showroom
surveillance,12.9359107,77.6152531,"{'camera:mount': 'pole', 'camera:type': 'panning', 'direction': '260', 'man_made': 'surveillance', 'surveillance': 'public', 'surveillance:type': 'camera', 'surveillance:zone': 'area'}",5,0,1,0,0.5,80 Feet Road,Cantabil Showroom
surveillance,12.9358989,77.6152665,"{'camera:direction': '27250', 'camera:mount': 'pole', 'camera:type': 'panning', 'man_made': 'surveillance', 'surveillance': 'public', 'surveillance:type': 'camera', 'surveillance:zone': 'area'}",5,0,1,1,0.44,80 Feet Road,Cantabil Showroom
surveillance,12.9359033,77.6152813,"{'camera:direction': '310', 'camera:mount': 'pole', 'camera:type': 'panning', 'man_made': 'surveillance', 'surveillance': 'public', 'surveillance:type': 'camera', 'surveillance:zone': 'area'}",5,0,1,1,0.44,80 Feet Road,Cantabil Showroom
surveillance,12.9358779,77.6152991,"{'camera:direction': '70', 'camera:mount': 'pole', 'camera:type': 'panning', 'man_made': 'surveillance', 'surveillance': 'public', 'surveillance:type': 'camera'}",5,0,1,4,0.26,80 Feet Road,Cantabil Showroom
surveillance,12.924294,77.628903,"{'camera:mount': 'pole', 'camera:type': 'dome', 'man_made': 'surveillance', 'surveillance': 'public', 'surveillance:type': 'camera', 'surveillance:zone': 'area'}",5,0,1,0,0.5,,Sarjapur Road
surveillance,12.9432951,77.5265565,"{'camera:mount': 'pole', 'camera:type': 'fixed', 'man_made': 'surveillance', 'surveillance': 'outdoor', 'surveillance:type': 'camera', 'surveillance:zone': 'street'}",5,0,1,4,0.26,"Pantarapalya, Nayanda Halli, Pantarapalya, Nayanda Halli",banglore
surveillance,12.9761967,77.6030897,"{'camera:direction': '120', 'camera:mount': 'pole', 'camera:type': 'panning', 'man_made': 'surveillance', 'surveillance': 'public', 'surveillance:type': 'camera', 'surveillance:zone': 'area'}",5,0,1,3,0.32,Mahatma Gandhi Road,Bengaluru
surveillance,12.9757491,77.6060235,"{'camera:direction': '270', 'camera:mount': 'wall', 'camera:type': 'panning', 'description': 'looking the top walkway', 'man_made': 'surveillance', 'surveillance': 'public', 'surveillance:type': 'camera', 'surveillance:zone': 'area'}",5,0,1,2,0.38,Mahatma Gandhi Road,Bengaluru
surveillance,12.9757282,77.606275,"{'camera:direction': '120', 'camera:mount': 'wall', 'camera:type': 'panning', 'man_made': 'surveillance', 'surveillance': 'public', 'surveillance:type': 'camera', 'surveillance:zone': 'area'}",5,0,1,3,0.32,Mahatma Gandhi Road,Bengaluru
surveillance,12.975791,77.6061934,"{'camera:mount': 'wall', 'camera:type': 'panning', 'man_made': 'surveillance', 'surveillance': 'public', 'surveillance:type': 'camera', 'surveillance:zone': 'area'}",5,0,1,2,0.38,Mahatma Gandhi Road,Bengaluru
surveillance,12.9743184,77.6077027,"{'camera:mount': 'pole', 'camera:type': 'dome', 'man_made': 'surveillance', 'surveillance': 'public', 'surveillance:type': 'camera', 'surveillance:zone': 'area'}",5,0,1,3,0.32,Brigade Road,Bengaluru
surveillance,12.9754102,77.6072036,"{'camera:direction': '120', 'camera:mount': 'wall', 'camera:type': 'panning', 'description': 'entry', 'man_made': 'surveillance', 'surveillance': 'public', 'surveillance:type': 'camera', 'surveillance:zone': 'area'}",5,0,1,0,0.5,Mahatma Gandhi Road,Bengaluru
surveillance,12.9744932,77.6111814,"{'camera:mount': 'pole', 'camera:type': 'dome', 'man_made': 'surveillance', 'surveillance': 'public', 'surveillance:type': 'camera', 'surveillance:zone': 'area'}",5,0,1,4,0.26,,Bengaluru
surveillance,12.9754148,77.6071946,"{'camera:direction': '270', 'camera:mount': 'wall', 'camera:type': 'panning', 'man_made': 'surveillance', 'surveillance': 'public', 'surveillance:type': 'camera', 'surveillance:zone': 'area'}",5,0,1,3,0.32,Mahatma Gandhi Road,Bengaluru
surveillance,12.9624559,77.6188902,"{'camera:mount': 'pole', 'camera:type': 'dome', 'man_made': 'surveillance', 'surveillance': 'public', 'surveillance:type': 'camera', 'surveillance:zone': 'area'}",5,0,1,0,0.5,,Bengaluru
surveillance,12.9755109,77.6059797,"{'camera:direction': '120', 'camera:mount': 'pole', 'camera:type': 'panning', 'description': 'looking towards ulsoor', 'man_made': 'surveillance', 'surveillance': 'public', 'surveillance:type': 'camera', 'surveillance:zone': 'area'}",5,0,1,0,0.5,MG Road,Bengaluru
surveillance,12.9758585,77.6055514,"{'camera:direction': '270', 'camera:mount': 'gantry', 'camera:type': 'panning', 'description': 'on rangashtala walkway', 'man_made': 'surveillance', 'surveillance': 'public', 'surveillance:type': 'camera', 'surveillance:zone': 'area'}",5,0,1,1,0.44,Mahatma Gandhi Road,Bengaluru
surveillance,12.975852,77.6055714,"{'camera:direction': '120', 'camera:mount': 'gantry', 'camera:type': 'panning', 'man_made': 'surveillance', 'surveillance': 'public', 'surveillance:type': 'camera', 'surveillance:zone': 'area'}",5,0,1,1,0.44,Mahatma Gandhi Road,Bengaluru
surveillance,12.9728836,77.6175162,"{'camera:mount': 'wall', 'camera:type': 'panning', 'check_date': '2024-05-09', 'man_made': 'surveillance', 'surveillance': 'public', 'surveillance:type': 'camera', 'surveillance:zone': 'area'}",5,0,1,3,0.32,,Bengaluru
surveillance,13.0427204,77.5901974,"{'camera:type': 'dome', 'man_made': 'surveillance', 'surveillance': 'public', 'surveillance:type': 'camera', 'surveillance:zone': 'town'}",5,0,1,1,0.44,,Bengaluru
surveillance,13.0357502,77.6182291,"{'man_made': 'surveillance', 'surveillance': 'outdoor', 'surveillance:type': 'camera'}",5,0,1,2,0.38,,Bengaluru
surveillance,13.0427539,77.5906356,"{'camera:mount': 'pole', 'camera:type': 'dome', 'man_made': 'surveillance', 'surveillance': 'public', 'surveillance:type': 'camera', 'surveillance:zone': 'area', 'survey:date': '2022-07-23'}",5,0,1,1,0.44,,Bengaluru
surveillance,12.9665815,77.6356497,"{'camera:type': 'fixed', 'man_made': 'surveillance', 'surveillance': 'outdoor', 'surveillance:type': 'camera', 'surveillance:zone': 'town'}",5,0,1,0,0.5,3 A Cross Road,Bengaluru
surveillance,12.9782677,77.6367035,"{'man_made': 'surveillance', 'surveillance': 'public', 'surveillance:type': 'camera', 'surveillance:zone': 'town'}",5,0,1,3,0.32,Indiranagar Double Road,Bengaluru
surveillance,12.9716287,77.6358654,"{'camera:type': 'dome', 'man_made': 'surveillance', 'surveillance': 'public', 'surveillance:type': 'camera', 'surveillance:zone': 'town'}",5,0,1,1,0.44,,Bengaluru
surveillance,12.9820014,77.6243295,"{'camera:mount': 'pole', 'camera:type': 'dome', 'check_date': '2022-08-01', 'man_made': 'surveillance', 'surveillance': 'public', 'surveillance:type': 'camera', 'surveillance:zone': 'area'}",5,0,1,2,0.38,Murphy Road,Bengaluru
surveillance,12.9957562,77.6166553,"{'camera:mount': 'pole', 'camera:type': 'dome', 'check_date': '2023-02-27', 'man_made': 'surveillance', 'surveillance': 'public', 'surveillance:type': 'camera', 'surveillance:zone': 'town'}",5,0,1,4,0.26,,Bengaluru
surveillance,12.9816292,77.6315081,"{'camera:mount': 'pole', 'camera:type': 'dome', 'check_date': '2024-12-10', 'man_made': 'surveillance', 'surveillance': 'public', 'surveillance:type': 'camera', 'surveillance:zone': 'area'}",5,0,1,2,0.38,Swamy Vivekananda Road,Bengaluru
surveillance,13.0023318,77.6164446,"{'camera:direction': '230', 'camera:mount': 'pole', 'camera:type': 'dome', 'man_made': 'surveillance', 'surveillance': 'public', 'surveillance:type': 'camera', 'surveillance:zone': 'town'}",5,0,1,0,0.5,,Bengaluru
surveillance,12.9875487,77.6227879,"{'camera:mount': 'wall', 'camera:type': 'fixed', 'man_made': 'surveillance', 'surveillance': 'outdoor', 'surveillance:type': 'camera', 'surveillance:zone': 'area'}",5,0,1,1,0.44,Kalahalli Main Road,Bengaluru
surveillance,13.0459861,77.5914788,"{'camera:direction': '354', 'camera:mount': 'pole', 'camera:type': 'fixed', 'man_made': 'surveillance', 'operator': 'BBMP', 'surveillance': 'public', 'surveillance:type': 'camera', 'surveillance:zone': 'traffic'}",5,0,1,0,0.5,,Bengaluru
surveillance,12.9747214,77.6059745,"{'camera:direction': '110', 'camera:mount': 'gantry', 'camera:type': 'fixed', 'check_date': '2021-12-05', 'man_made': 'surveillance', 'surveillance': 'public', 'surveillance:type': 'camera', 'surveillance:zone': 'area'}",5,0,1,0,0.5,Church Street,Bengaluru
surveillance,12.9751307,77.6047706,"{'camera:direction': '260', 'camera:mount': 'pole', 'camera:type': 'fixed', 'man_made': 'surveillance', 'surveillance': 'outdoor', 'surveillance:type': 'camera', 'surveillance:zone': 'area'}",5,0,1,4,0.26,Church Street,Bengaluru
surveillance,12.9758515,77.6015956,"{'camera:mount': 'pole', 'camera:type': 'dome', 'man_made': 'surveillance', 'surveillance': 'public', 'surveillance:type': 'camera', 'surveillance:zone': 'area'}",5,0,1,4,0.26,St. Mark's Road,Bangalore
surveillance,12.9747765,77.6053673,"{'camera:direction': '100', 'camera:mount': 'wall', 'camera:type': 'fixed', 'man_made': 'surveillance', 'surveillance': 'outdoor', 'surveillance:type': 'camera', 'surveillance:zone': 'area'}",5,0,1,2,0.38,Church Street,Bengaluru
surveillance,12.9752921,77.605183,"{'camera:direction': '180', 'camera:mount': 'wall', 'camera:type': 'fixed', 'man_made': 'surveillance', 'surveillance': 'outdoor', 'surveillance:type': 'camera', 'surveillance:zone': 'building'}",5,0,1,4,0.26,M G Road,Bengaluru
surveillance,12.9298498,77.6330163,"{'camera:type': 'dome', 'check_date': '2025-09-13', 'man_made': 'surveillance', 'surveillance': 'public', 'surveillance:type': 'camera', 'surveillance:zone': 'area'}",5,0,1,1,0.44,,7th Cross Road
surveillance,12.9371643,77.6269287,"{'camera:mount': 'pole', 'camera:type': 'dome', 'man_made': 'surveillance', 'surveillance': 'public', 'surveillance:type': 'camera', 'surveillance:zone': 'area'}",5,0,1,0,0.5,,Mahayogi Vemana Road
surveillance,12.9344375,77.6295422,"{'camera:direction': '30', 'camera:mount': 'pole', 'camera:type': 'panning', 'man_made': 'surveillance', 'surveillance': 'public', 'surveillance:type': 'camera', 'surveillance:zone': 'area'}",5,0,1,3,0.32,80 Feet Road,BSR Lassi Packers Shop
surveillance,12.9344519,77.629518,"{'camera:mount': 'pole', 'camera:type': 'dome', 'man_made': 'surveillance', 'surveillance': 'public', 'surveillance:type': 'camera', 'surveillance:zone': 'area'}",5,0,1,0,0.5,80 Feet Road,BSR Lassi Packers Shop
surveillance,12.9344367,77.6295386,"{'camera:direction': '300', 'camera:mount': 'wall', 'camera:type': 'panning', 'man_made': 'surveillance', 'surveillance': 'public', 'surveillance:type': 'camera', 'surveillance:zone': 'area'}",5,0,1,3,0.32,80 Feet Road,BSR Lassi Packers Shop
surveillance,12.9344331,77.6295435,"{'camera:direction': '120', 'camera:mount': 'pole', 'camera:type': 'panning', 'man_made': 'surveillance', 'surveillance': 'public', 'surveillance:type': 'camera', 'surveillance:zone': 'area'}",5,0,1,1,0.44,80 Feet Road,BSR Lassi Packers Shop
surveillance,12.9385842,77.6325145,"{'camera:direction': '90', 'camera:mount': 'gantry', 'camera:type': 'panning', 'man_made': 'surveillance', 'surveillance': 'public', 'surveillance:type': 'camera', 'surveillance:zone': 'area'}",5,0,1,4,0.26,,Bengaluru
surveillance,12.952388,77.6201378,"{'camera:mount': 'pole', 'camera:type': 'dome', 'check_date': '2023-12-05', 'man_made': 'surveillance', 'surveillance': 'public', 'surveillance:type': 'camera', 'surveillance:zone': 'area'}",5,0,1,2,0.38,7th Main Road,Bengaluru
surveillance,12.936675,77.5799895,"{'camera:mount': 'pole', 'camera:type': 'dome', 'man_made': 'surveillance', 'surveillance': 'public', 'surveillance:type': 'camera', 'surveillance:zone': 'area'}",5,0,1,2,0.38,Rashtriya Vidyalaya Road,Bengaluru
surveillance,12.9747087,77.6199889,"{'camera:direction': '90', 'camera:mount': 'pole', 'camera:type': 'panning', 'check_date': '2022-09-25', 'man_made': 'surveillance', 'surveillance': 'public', 'surveillance:type': 'camera', 'surveillance:zone': 'area'}",5,0,1,0,0.5,Halasuru Road,Bengaluru
surveillance,12.975549,77.620283,"{'camera:mount': 'pole', 'camera:type': 'dome', 'man_made': 'surveillance', 'surveillance': 'public', 'surveillance:type': 'camera', 'surveillance:zone': 'area'}",5,0,1,2,0.38,,Bengaluru
surveillance,12.9683276,77.6061166,"{'camera:mount': 'pole', 'camera:type': 'dome', 'check_date': '2021-12-05', 'man_made': 'surveillance', 'surveillance': 'public', 'surveillance:type': 'camera', 'surveillance:zone': 'area'}",5,0,1,4,0.26,Castle Street,Bengaluru
surveillance,12.9792488,77.607104,"{'camera:mount': 'pole', 'camera:type': 'dome', 'man_made': 'surveillance', 'surveillance': 'public', 'surveillance:type': 'camera', 'surveillance:zone': 'area'}",5,0,1,0,0.5,Main Guard Cross Road,Bengaluru
surveillance,12.9836645,77.611034,"{'camera:mount': 'pole', 'camera:type': 'dome', 'man_made': 'surveillance', 'surveillance': 'public', 'surveillance:type': 'camera', 'surveillance:zone': 'area'}",5,0,1,0,0.5,Kamaraj Road,Bengaluru
surveillance,12.9929627,77.6123343,"{'camera:mount': 'pole', 'camera:type': 'dome', 'man_made': 'surveillance', 'surveillance': 'public', 'surveillance:type': 'camera', 'surveillance:zone': 'area'}",5,0,1,1,0.44,Promenade Road,Bengaluru
surveillance,12.9756837,77.6025571,"{'camera:direction': '240', 'camera:mount': 'building', 'camera:type': 'fixed', 'man_made': 'surveillance', 'surveillance': 'outdoor', 'surveillance:type': 'camera', 'surveillance:zone': 'area'}",5,0,1,1,0.44,Church Street,Bangalore
surveillance,12.9815112,77.6102651,"{'camera:direction': '270', 'camera:mount': 'pole', 'camera:type': 'panning', 'man_made': 'surveillance', 'surveillance': 'public', 'surveillance:type': 'camera', 'surveillance:zone': 'area'}",5,0,1,2,0.38,Kamaraj Road,Bengaluru
surveillance,12.9766618,77.6017362,"{'camera:mount': 'pole', 'camera:type': 'dome', 'man_made': 'surveillance', 'surveillance': 'public', 'surveillance:type': 'camera', 'surveillance:zone': 'area'}",5,0,1,0,0.5,Mahatma Gandhi Road,Bengaluru
surveillance,12.9792856,77.6070522,"{'camera:mount': 'pole', 'camera:type': 'dome', 'man_made': 'surveillance', 'surveillance': 'public', 'surveillance:type': 'camera', 'surveillance:zone': 'area'}",5,0,1,2,0.38,Main Guard Cross Road,Bengaluru
surveillance,12.9708437,77.6047464,"{'camera:mount': 'pole', 'camera:type': 'dome', 'check_date': '2021-12-05', 'man_made': 'surveillance', 'surveillance': 'public', 'surveillance:type': 'camera', 'surveillance:zone': 'area'}",5,0,1,3,0.32,Field Marshall Cariappa Cycle Path,Bengaluru
surveillance,12.9815141,77.6102697,"{'camera:type': 'dome', 'man_made': 'surveillance', 'surveillance': 'public', 'surveillance:type': 'camera', 'surveillance:zone': 'area'}",5,0,1,2,0.38,Kamaraj Road,Bengaluru
surveillance,13.0006424,77.6160989,"{'camera:mount': 'pole', 'camera:type': 'dome', 'man_made': 'surveillance', 'surveillance': 'public', 'surveillance:type': 'camera', 'surveillance:zone': 'area'}",5,0,1,0,0.5,,Bengaluru
surveillance,12.9735296,77.6048876,"{'camera:direction': '120', 'camera:mount': 'wall', 'camera:type': 'panning', 'man_made': 'surveillance', 'surveillance': 'outdoor', 'surveillance:type': 'camera', 'surveillance:zone': 'area'}",5,0,1,1,0.44,,Bengaluru
surveillance,12.986718,77.6479024,"{'camera:mount': 'pole', 'camera:type': 'dome', 'check_date': '2022-09-03', 'man_made': 'surveillance', 'surveillance': 'public', 'surveillance:type': 'camera', 'surveillance:zone': 'area'}",5,0,1,2,0.38,,Swamy Vivekananda Road
surveillance,13.0013694,77.6300264,"{'camera:direction': '90', 'camera:mount': 'wall', 'camera:type': 'panning', 'man_made': 'surveillance', 'surveillance': 'public', 'surveillance:type': 'camera', 'surveillance:zone': 'area'}",5,0,1,4,0.26,Banaswadi Road,Bengaluru
surveillance,13.0018241,77.6326354,"{'camera:mount': 'pole', 'camera:type': 'dome', 'check_date': '2022-09-04', 'man_made': 'surveillance', 'surveillance': 'outdoor', 'surveillance:type': 'camera', 'surveillance:zone': 'area'}",5,0,1,2,0.38,Banaswadi Road,Bangalore
surveillance,13.0013632,77.6299982,"{'camera:direction': '280', 'camera:mount': 'wall', 'camera:type': 'panning', 'man_made': 'surveillance', 'surveillance': 'public', 'surveillance:type': 'camera', 'surveillance:zone': 'area'}",5,0,1,2,0.38,Banaswadi Road,Bengaluru
surveillance,12.9820994,77.6249921,"{'camera:direction': '180', 'camera:mount': 'pole', 'camera:type': 'panning', 'check_date': '2022-09-12', 'man_made': 'surveillance', 'surveillance': 'outdoor', 'surveillance:type': 'camera', 'surveillance:zone': 'area'}",5,0,1,1,0.44,,Bengaluru
surveillance,12.9857681,77.6450257,"{'camera:mount': 'pole', 'camera:type': 'dome', 'check_date': '2023-11-07', 'man_made': 'surveillance', 'surveillance': 'public', 'surveillance:type': 'camera', 'surveillance:zone': 'area'}",5,0,1,4,0.26,,Bengaluru
surveillance,13.0021801,77.6239718,"{'camera:direction': '200', 'camera:mount': 'pole', 'camera:type': 'fixed', 'man_made': 'surveillance', 'surveillance': 'outdoor', 'surveillance:type': 'camera', 'surveillance:zone': 'area'}",5,0,1,4,0.26,Balaji Layout,Bangalore
surveillance,12.9820971,77.6249756,"{'camera:mount': 'pole', 'camera:type': 'dome', 'check_date': '2022-08-01', 'man_made': 'surveillance', 'surveillance': 'outdoor', 'surveillance:type': 'camera', 'surveillance:zone': 'area'}",5,0,1,3,0.32,,Bengaluru
surveillance,13.003107,77.6214466,"{'camera:direction': '300', 'camera:mount': 'wall', 'camera:type': 'fixed', 'check_date': '2024-04-12', 'man_made': 'surveillance', 'surveillance': 'outdoor', 'surveillance:type': 'camera', 'surveillance:zone': 'area'}",5,0,1,3,0.32,Davis Road,Bangalore
surveillance,13.0031001,77.6214678,"{'addr:street': '15 Davis', 'camera:direction': '100', 'camera:mount': 'wall', 'camera:type': 'fixed', 'check_date': '2024-04-12', 'man_made': 'surveillance', 'surveillance': 'outdoor', 'surveillance:type': 'camera', 'surveillance:zone': 'area'}",5,0,1,3,0.32,Davis Road,Bangalore
surveillance,12.976269,77.6147574,"{'camera:direction': '13', 'camera:mount': 'pole', 'camera:type': 'dome', 'check_date': '2022-08-01', 'man_made': 'surveillance', 'surveillance': 'public', 'surveillance:type': 'camera', 'surveillance:zone': 'area'}",5,0,1,4,0.26,Halasuru Road,Bengaluru
surveillance,13.0228009,77.6371827,{'man_made': 'surveillance'},5,0,1,1,0.44,,Bengaluru
surveillance,13.0149143,77.6281812,"{'camera:direction': '240', 'camera:mount': 'wall', 'camera:type': 'panning', 'man_made': 'surveillance', 'surveillance': 'outdoor', 'surveillance:type': 'camera', 'surveillance:zone': 'area'}",5,0,1,2,0.38,Hennur Main Road,Bengaluru
surveillance,12.9665588,77.6139022,"{'camera:mount': 'pole', 'camera:type': 'dome', 'man_made': 'surveillance', 'surveillance': 'public', 'surveillance:type': 'camera', 'surveillance:zone': 'area'}",5,0,1,3,0.32,Palm Grove Road,Bengaluru
surveillance,13.0147522,77.6285553,"{'camera:direction': '240', 'camera:mount': 'pole', 'camera:type': 'fixed', 'man_made': 'surveillance', 'surveillance': 'outdoor', 'surveillance:type': 'camera', 'surveillance:zone': 'area'}",5,0,1,3,0.32,,Bengaluru
surveillance,13.0100197,77.5906939,"{'camera:mount': 'pole', 'camera:type': 'fixed', 'man_made': 'surveillance', 'surveillance': 'public', 'surveillance:type': 'camera', 'surveillance:zone': 'area'}",5,0,1,2,0.38,,Bengaluru
surveillance,13.0056805,77.593133,"{'camera:mount': 'pole', 'camera:type': 'dome', 'man_made': 'surveillance', 'surveillance': 'public', 'surveillance:type': 'camera', 'surveillance:zone': 'area'}",5,0,1,3,0.32,,Bengaluru
surveillance,13.0149157,77.6326772,"{'camera:direction': '270', 'camera:mount': 'pole', 'camera:type': 'panning', 'man_made': 'surveillance', 'surveillance': 'public', 'surveillance:type': 'camera', 'surveillance:zone': 'area'}",5,0,1,0,0.5,Nehru Road,Bengaluru
surveillance,13.0149145,77.6326793,"{'camera:direction': '0', 'camera:mount': 'pole', 'camera:type': 'panning', 'man_made': 'surveillance', 'surveillance': 'public', 'surveillance:type': 'camera', 'surveillance:zone': 'area'}",5,0,1,0,0.5,Nehru Road,Bengaluru
surveillance,13.0149153,77.6326813,"{'camera:direction': '90', 'camera:mount': 'pole', 'camera:type': 'panning', 'man_made': 'surveillance', 'surveillance': 'public', 'surveillance:type': 'camera', 'surveillance:zone': 'area'}",5,0,1,3,0.32,Nehru Road,Bengaluru
surveillance,13.0222067,77.5722025,"{'camera:mount': 'pole', 'camera:type': 'dome', 'man_made': 'surveillance', 'surveillance': 'public', 'surveillance:type': 'camera', 'surveillance:zone': 'area'}",5,0,1,1,0.44,New BEL Road,Bengaluru
surveillance,13.000927,77.609979,"{'camera:mount': 'pole', 'camera:type': 'dome', 'man_made': 'surveillance', 'surveillance': 'public', 'surveillance:type': 'camera', 'surveillance:zone': 'traffic'}",5,0,1,2,0.38,,Bengaluru
surveillance,13.0283205,77.57124,"{'camera:mount': 'pole', 'camera:type': 'dome', 'man_made': 'surveillance', 'surveillance': 'public', 'surveillance:type': 'camera', 'surveillance:zone': 'area'}",5,0,1,4,0.26,,Bengaluru
surveillance,13.0370131,77.5660125,"{'camera:mount': 'pole', 'camera:type': 'dome', 'man_made': 'surveillance', 'surveillance': 'public', 'surveillance:type': 'camera', 'surveillance:zone': 'area'}",5,0,1,4,0.26,,Bengaluru
surveillance,13.0140038,77.5656008,"{'camera:mount': 'pole', 'camera:type': 'dome', 'man_made': 'surveillance', 'surveillance': 'public', 'surveillance:type': 'camera', 'surveillance:zone': 'area'}",5,0,1,0,0.5,,Bengaluru
surveillance,13.0120368,77.5691148,"{'camera:mount': 'pole', 'camera:type': 'dome', 'man_made': 'surveillance', 'surveillance': 'public', 'surveillance:type': 'camera', 'surveillance:zone': 'area'}",5,0,1,1,0.44,Maramma Circle,Bengaluru
surveillance,13.0016718,77.623213,"{'camera:direction': '0', 'camera:mount': 'wall', 'camera:type': 'fixed', 'man_made': 'surveillance', 'surveillance': 'outdoor', 'surveillance:type': 'camera', 'surveillance:zone': 'area'}",5,0,1,4,0.26,Milton Street,Bangalore
surveillance,13.0035667,77.6211456,"{'camera:direction': '270', 'camera:mount': 'wall', 'camera:type': 'fixed', 'check_date': '2024-04-12', 'man_made': 'surveillance', 'surveillance': 'outdoor', 'surveillance:type': 'camera', 'surveillance:zone': 'area'}",5,0,1,0,0.5,Davis Road,Bangalore
surveillance,13.0016562,77.6232511,"{'camera:direction': '90', 'camera:mount': 'wall', 'camera:type': 'fixed', 'man_made': 'surveillance', 'surveillance': 'outdoor', 'surveillance:type': 'camera', 'surveillance:zone': 'area'}",5,0,1,1,0.44,Milton Street,Bangalore
surveillance,12.9527782,77.6053115,"{'camera:mount': 'pole', 'camera:type': 'dome', 'check_date': '2021-12-05', 'man_made': 'surveillance', 'surveillance': 'public', 'surveillance:type': 'camera', 'surveillance:zone': 'area'}",5,0,1,0,0.5,Hosur Road,Bengaluru
surveillance,12.9747163,77.6093021,"{'camera:direction': '90', 'camera:mount': 'pole', 'camera:type': 'panning', 'man_made': 'surveillance', 'surveillance': 'public', 'surveillance:type': 'camera', 'surveillance:zone': 'area'}",5,0,1,0,0.5,,Bengaluru
surveillance,12.9805468,77.6163952,"{'camera:mount': 'pole', 'camera:type': 'dome', 'man_made': 'surveillance', 'surveillance': 'public', 'surveillance:type': 'camera', 'surveillance:zone': 'area'}",5,0,1,4,0.26,,Bengaluru
surveillance,12.9644652,77.6066765,"{'camera:mount': 'pole', 'camera:type': 'dome', 'man_made': 'surveillance', 'surveillance': 'public', 'surveillance:type': 'camera', 'surveillance:zone': 'area'}",5,0,1,1,0.44,,Bengaluru
surveillance,12.9077236,77.6284968,"{'camera:mount': 'pole', 'camera:type': 'dome', 'check_date': '2024-07-06', 'man_made': 'surveillance', 'surveillance': 'public', 'surveillance:type': 'camera', 'surveillance:zone': 'area'}",5,0,1,1,0.44,Service Road,Aramane Donne Biryani
surveillance,12.9211318,77.6203401,"{'camera:mount': 'pole', 'camera:type': 'dome', 'check_date': '2021-11-27', 'man_made': 'surveillance', 'surveillance': 'public', 'surveillance:type': 'camera', 'surveillance:zone': 'area'}",5,0,1,1,0.44,,Hosur Road
surveillance,12.966232,77.6066881,"{'camera:mount': 'pole', 'camera:type': 'dome', 'check_date': '2021-12-05', 'man_made': 'surveillance', 'surveillance': 'public', 'surveillance:type': 'camera', 'surveillance:zone': 'area'}",5,0,1,4,0.26,,Bengaluru
surveillance,12.9753022,77.6144661,"{'camera:mount': 'pole', 'camera:type': 'dome', 'check_date': '2022-08-01', 'man_made': 'surveillance', 'surveillance': 'public', 'surveillance:type': 'camera', 'surveillance:zone': 'area'}",5,0,1,2,0.38,,Bengaluru
surveillance,12.9412664,77.6087672,"{'camera:mount': 'pole', 'camera:type': 'dome', 'man_made': 'surveillance', 'surveillance': 'outdoor', 'surveillance:type': 'camera', 'surveillance:zone': 'area', 'survey:date': '2022-08-06'}",5,0,1,4,0.26,"Hosur Rd, Audugodi Police Quarters, Adugodi",Bengaluru
surveillance,12.9581091,77.6059407,"{'camera:mount': 'pole', 'camera:type': 'dome', 'man_made': 'surveillance', 'surveillance': 'public', 'surveillance:type': 'camera', 'surveillance:zone': 'area'}",5,0,1,2,0.38,Langford Road,Bengaluru
surveillance,12.9791998,77.6022623,"{'camera:mount': 'pole', 'camera:type': 'dome', 'man_made': 'surveillance', 'surveillance': 'public', 'surveillance:type': 'camera', 'surveillance:zone': 'area'}",5,0,1,2,0.38,,Bengaluru
surveillance,12.9548509,77.6053297,"{'camera:mount': 'pole', 'camera:type': 'dome', 'check_date': '2021-12-05', 'man_made': 'surveillance', 'surveillance': 'public', 'surveillance:type': 'camera', 'surveillance:zone': 'area'}",5,0,1,2,0.38,Hosur Road,Bengaluru
surveillance,12.9440432,77.6076329,"{'camera:direction': '160', 'camera:mount': 'gantry', 'camera:type': 'panning', 'check_date': '2021-12-05', 'man_made': 'surveillance', 'operator': 'BTP', 'surveillance': 'public', 'surveillance:type': 'camera', 'surveillance:zone': 'traffic'}",5,0,1,2,0.38,,Hosur Road
surveillance,12.9440458,77.6076449,"{'camera:direction': '160', 'camera:mount': 'gantry', 'camera:type': 'panning', 'check_date': '2021-12-05', 'man_made': 'surveillance', 'surveillance': 'public', 'surveillance:type': 'camera', 'surveillance:zone': 'traffic'}",5,0,1,1,0.44,,Hosur Road
surveillance,12.9440504,77.6076543,"{'camera:direction': '160', 'camera:mount': 'gantry', 'camera:type': 'panning', 'check_date': '2021-12-05', 'man_made': 'surveillance', 'surveillance': 'public', 'surveillance:type': 'camera', 'surveillance:zone': 'traffic'}",5,0,1,0,0.5,,Hosur Road
surveillance,12.945711,77.5282592,"{'camera:direction': '240', 'camera:mount': 'pole', 'camera:type': 'fixed', 'man_made': 'surveillance', 'surveillance': 'public', 'surveillance:type': 'camera', 'surveillance:zone': 'traffic'}",5,0,1,4,0.26,Outer Ring Road,Nayandahalli
surveillance,12.9448226,77.5274887,"{'camera:direction': '150', 'camera:mount': 'pole', 'camera:type': 'fixed', 'man_made': 'surveillance', 'surveillance': 'public', 'surveillance:type': 'camera', 'surveillance:zone': 'street'}",5,0,1,2,0.38,Nayandahalli Flyover,Namma Metro - Reach 2A
surveillance,12.9364918,77.5184262,"{'camera:mount': 'pole', 'camera:type': 'dome', 'man_made': 'surveillance', 'surveillance': 'public', 'surveillance:type': 'camera', 'surveillance:zone': 'area'}",5,0,1,2,0.38,,Bangalore-Mysore Road
surveillance,12.9424003,77.5257486,"{'camera:mount': 'pole', 'camera:type': 'dome', 'man_made': 'surveillance', 'surveillance': 'public', 'surveillance:type': 'camera', 'surveillance:zone': 'area'}",5,0,1,0,0.5,Seshadri Road,Namma Metro - Reach 2A
surveillance,12.9354109,77.5129216,"{'camera:mount': 'pole', 'camera:type': 'dome', 'man_made': 'surveillance', 'surveillance': 'public', 'surveillance:type': 'camera', 'surveillance:zone': 'area'}",5,0,1,4,0.26,Bangalore-Mysore Road,Bangalore University Gate
surveillance,13.0148462,77.6282024,"{'camera:direction': '270', 'camera:mount': 'pole', 'camera:type': 'fixed', 'man_made': 'surveillance', 'surveillance': 'outdoor', 'surveillance:type': 'camera', 'surveillance:zone': 'area'}",5,0,1,4,0.26,,Bengaluru
surveillance,13.0010795,77.611924,"{'camera:mount': 'pole', 'camera:type': 'dome', 'man_made': 'surveillance', 'surveillance': 'public', 'surveillance:type': 'camera', 'surveillance:zone': 'area'}",5,0,1,2,0.38,,Bengaluru
surveillance,13.0148437,77.6282073,"{'camera:direction': '180', 'camera:mount': 'pole', 'camera:type': 'fixed', 'direction': '90', 'man_made': 'surveillance', 'surveillance': 'outdoor', 'surveillance:type': 'camera', 'surveillance:zone': 'area'}",5,0,1,0,0.5,,Bengaluru
surveillance,13.0051447,77.6208058,"{'camera:mount': 'pole', 'camera:type': 'dome', 'man_made': 'surveillance', 'surveillance': 'public', 'surveillance:type': 'camera', 'surveillance:zone': 'area'}",5,0,1,0,0.5,Ashoka Road,Bangalore
surveillance,12.9453202,77.5278776,"{'camera:mount': 'pole', 'camera:type': 'dome', 'man_made': 'surveillance', 'surveillance': 'public', 'surveillance:type': 'camera', 'surveillance:zone': 'area'}",5,0,1,1,0.44,,Mysore Road
surveillance,12.9439118,77.5264388,"{'camera:direction': '240', 'camera:mount': 'wall', 'camera:type': 'fixed', 'man_made': 'surveillance', 'surveillance': 'public', 'surveillance:type': 'camera', 'surveillance:zone': 'street'}",5,0,1,2,0.38,Mysore Road,Gurushree Grand
surveillance,12.9439094,77.5264518,"{'camera:direction': '150', 'camera:mount': 'wall', 'camera:type': 'fixed', 'man_made': 'surveillance', 'surveillance': 'public', 'surveillance:type': 'camera', 'surveillance:zone': 'street'}",5,0,1,2,0.38,Mysore Road,Gurushree Grand
surveillance,12.9433407,77.5260369,"{'camera:mount': 'pole', 'camera:type': 'dome', 'man_made': 'surveillance', 'surveillance': 'public', 'surveillance:type': 'camera', 'surveillance:zone': 'area'}",5,0,1,2,0.38,Bangalore-Mysore Road,Sri Manikanta Medical
surveillance,12.9977321,77.5500353,"{'camera:direction': '135', 'camera:mount': 'wall', 'camera:type': 'fixed', 'man_made': 'surveillance', 'surveillance': 'public', 'surveillance:type': 'camera', 'surveillance:zone': 'street'}",5,0,1,1,0.44,WOC,Bengaluru
surveillance,12.9975503,77.5501368,"{'camera:mount': 'pole', 'camera:type': 'dome', 'man_made': 'surveillance', 'surveillance': 'public', 'surveillance:type': 'camera', 'surveillance:zone': 'area'}",5,0,1,0,0.5,Modi Hospital Main Road,Bangalore
surveillance,13.00473,77.5537633,"{'camera:direction': '225', 'camera:mount': 'pole', 'camera:type': 'fixed', 'man_made': 'surveillance', 'surveillance': 'public', 'surveillance:type': 'camera', 'surveillance:zone': 'street'}",5,0,1,4,0.26,5th Cross Road,Bengaluru
surveillance,13.0047367,77.5537744,"{'camera:direction': '15', 'camera:mount': 'pole', 'camera:type': 'fixed', 'man_made': 'surveillance', 'surveillance': 'public', 'surveillance:type': 'camera', 'surveillance:zone': 'street'}",5,0,1,0,0.5,5th Cross Road,Bengaluru
surveillance,13.0043769,77.5538928,"{'camera:mount': 'pole', 'camera:type': 'dome', 'check_date': '2022-07-28', 'man_made': 'surveillance', 'surveillance': 'public', 'surveillance:type': 'camera', 'surveillance:zone': 'area'}",5,0,1,2,0.38,6th Cross Road,Bengaluru
surveillance,12.9978803,77.5510852,"{'camera:mount': 'pole', 'camera:type': 'dome', 'man_made': 'surveillance', 'surveillance': 'public', 'surveillance:type': 'camera', 'surveillance:zone': 'area'}",5,0,1,0,0.5,,Bengaluru
surveillance,12.9976863,77.5510337,"{'camera:mount': 'pole', 'camera:type': 'dome', 'man_made': 'surveillance', 'surveillance': 'public', 'surveillance:type': 'camera', 'surveillance:zone': 'area'}",5,0,1,3,0.32,,Bengaluru
surveillance,12.9832836,77.5917672,"{'camera:mount': 'pole', 'camera:type': 'dome', 'man_made': 'surveillance', 'surveillance': 'public', 'surveillance:type': 'camera', 'surveillance:zone': 'area'}",5,0,1,1,0.44,,Bengaluru
surveillance,12.9705556,77.5921246,"{'camera:direction': '45', 'camera:mount': 'pole', 'camera:type': 'panning', 'man_made': 'surveillance', 'surveillance': 'public', 'surveillance:type': 'camera', 'surveillance:zone': 'area'}",5,0,1,0,0.5,Kasturba Road,Bangalore
surveillance,12.9948308,77.5888307,"{'camera:mount': 'wall', 'camera:type': 'fixed', 'man_made': 'surveillance', 'name': 'Outdoor', 'surveillance': 'outdoor', 'surveillance:type': 'camera'}",5,0,1,0,0.5,Palace Road,Bengaluru
surveillance,12.9650446,77.6098531,"{'camera:mount': 'pole', 'camera:type': 'dome', 'man_made': 'surveillance', 'surveillance': 'public', 'surveillance:type': 'camera', 'surveillance:zone': 'area'}",5,0,1,4,0.26,,Bengaluru
surveillance,12.9344516,77.6125093,"{'camera:direction': '160', 'camera:mount': 'pole', 'camera:type': 'panning', 'man_made': 'surveillance', 'surveillance': 'public', 'surveillance:type': 'camera', 'surveillance:zone': 'area'}",5,0,1,4,0.26,,80 Feet Road
surveillance,12.9726099,77.5911178,"{'camera:mount': 'pole', 'camera:type': 'dome', 'man_made': 'surveillance', 'surveillance': 'public', 'surveillance:type': 'camera', 'surveillance:zone': 'area'}",5,0,1,0,0.5,Kasturba Road,Bengaluru
surveillance,12.9705289,77.5920933,"{'camera:direction': '200', 'camera:mount': 'pole', 'camera:type': 'panning', 'man_made': 'surveillance', 'surveillance': 'public', 'surveillance:type': 'camera', 'surveillance:zone': 'area'}",5,0,1,0,0.5,Kasturba Road,Bangalore
surveillance,12.9344558,77.6125038,"{'camera:direction': '0', 'camera:mount': 'pole', 'camera:type': 'panning', 'man_made': 'surveillance', 'surveillance': 'public', 'surveillance:type': 'camera', 'surveillance:zone': 'area'}",5,0,1,0,0.5,,80 Feet Road
surveillance,12.9748367,77.5928518,"{'camera:mount': 'pole', 'camera:type': 'dome', 'man_made': 'surveillance', 'surveillance': 'public', 'surveillance:type': 'camera', 'surveillance:zone': 'area'}",5,0,1,4,0.26,Kasturba Road,Bengaluru
surveillance,12.9719002,77.5924446,"{'camera:mount': 'pole', 'camera:type': 'dome', 'check_date': '2024-12-24', 'man_made': 'surveillance', 'surveillance': 'public', 'surveillance:type': 'camera', 'surveillance:zone': 'area'}",5,0,1,2,0.38,Kasturba Road,Bengaluru
surveillance,12.9344497,77.6124996,"{'camera:direction': '270', 'camera:mount': 'pole', 'camera:type': 'panning', 'man_made': 'surveillance', 'operator': 'BTP', 'surveillance': 'public', 'surveillance:type': 'camera', 'surveillance:zone': 'area'}",5,0,1,1,0.44,,80 Feet Road
surveillance,12.9837355,77.5907782,"{'camera:mount': 'pole', 'camera:type': 'dome', 'man_made': 'surveillance', 'surveillance': 'public', 'surveillance:type': 'camera', 'surveillance:zone': 'area'}",5,0,1,3,0.32,Raj Bhavan Road Cycle Lane,Bengaluru
surveillance,12.9832403,77.5922255,"{'camera:mount': 'pole', 'camera:type': 'dome', 'check_date': '2022-08-01', 'man_made': 'surveillance', 'surveillance': 'public', 'surveillance:type': 'camera', 'surveillance:zone': 'area'}",5,0,1,0,0.5,,Bengaluru
surveillance,12.9820925,77.593935,"{'camera:mount': 'pole', 'camera:type': 'dome', 'man_made': 'surveillance', 'surveillance': 'public', 'surveillance:type': 'camera', 'surveillance:zone': 'area'}",5,0,1,4,0.26,Raj Bhavan Road,Bengaluru
surveillance,12.972893,77.5929243,"{'camera:mount': 'pole', 'camera:type': 'dome', 'man_made': 'surveillance', 'surveillance': 'public', 'surveillance:type': 'camera', 'surveillance:zone': 'area'}",5,0,1,4,0.26,,Bengaluru
surveillance,12.9701262,77.5906405,"{'camera:mount': 'pole', 'camera:type': 'dome', 'man_made': 'surveillance', 'surveillance': 'public', 'surveillance:type': 'camera', 'surveillance:zone': 'area'}",5,0,1,1,0.44,,Bengaluru
surveillance,12.9711662,77.5967717,"{'camera:direction': '90', 'camera:mount': 'pole', 'camera:type': 'fixed', 'man_made': 'surveillance', 'surveillance': 'outdoor', 'surveillance:type': 'camera', 'surveillance:zone': 'area'}",5,0,1,0,0.5,,Bengaluru
surveillance,12.9711677,77.5968106,"{'camera:direction': '270', 'camera:mount': 'pole', 'camera:type': 'fixed', 'man_made': 'surveillance', 'surveillance': 'outdoor', 'surveillance:type': 'camera', 'surveillance:zone': 'area'}",5,0,1,3,0.32,Lavelle Road,Bangalore
surveillance,12.9711669,77.5968198,"{'camera:direction': '90', 'camera:mount': 'pole', 'camera:type': 'fixed', 'man_made': 'surveillance', 'surveillance': 'outdoor', 'surveillance:type': 'camera', 'surveillance:zone': 'area'}",5,0,1,3,0.32,Lavelle Road,Bangalore
surveillance,12.9711661,77.5967619,"{'camera:direction': '270', 'camera:mount': 'pole', 'camera:type': 'fixed', 'man_made': 'surveillance', 'surveillance': 'outdoor', 'surveillance:type': 'camera', 'surveillance:zone': 'area'}",5,0,1,4,0.26,,Bengaluru
surveillance,12.9711758,77.5967646,"{'camera:direction': '0', 'camera:mount': 'pole', 'camera:type': 'fixed', 'man_made': 'surveillance', 'surveillance': 'outdoor', 'surveillance:type': 'camera', 'surveillance:zone': 'area'}",5,0,1,0,0.5,,Bengaluru
surveillance,12.9711757,77.5968221,"{'camera:direction': '0', 'camera:mount': 'pole', 'camera:type': 'fixed', 'man_made': 'surveillance', 'surveillance': 'outdoor', 'surveillance:type': 'camera', 'surveillance:zone': 'area'}",5,0,1,1,0.44,Lavelle Road,Bangalore
surveillance,13.0100783,77.5492626,"{'camera:mount': 'pole', 'camera:type': 'dome', 'man_made': 'surveillance', 'surveillance': 'public', 'surveillance:type': 'camera', 'surveillance:zone': 'area'}",5,0,1,1,0.44,Chord Road,Bengaluru
surveillance,13.0079151,77.5485866,"{'camera:direction': '135', 'camera:mount': 'wall', 'camera:type': 'fixed', 'man_made': 'surveillance', 'surveillance': 'public', 'surveillance:type': 'camera', 'surveillance:zone': 'street'}",5,0,1,0,0.5,Chord Road,Bengaluru
surveillance,13.0077816,77.5485689,"{'camera:direction': '45', 'camera:mount': 'wall', 'camera:type': 'fixed', 'man_made': 'surveillance', 'surveillance': 'public', 'surveillance:type': 'camera', 'surveillance:zone': 'street'}",5,0,1,4,0.26,,Bengaluru
surveillance,12.981043,77.6479412,"{'camera:direction': '60', 'camera:mount': 'pole', 'camera:type': 'fixed', 'man_made': 'surveillance', 'surveillance': 'public', 'surveillance:type': 'camera'}",5,0,1,0,0.5,5th Cross Road,Lakshmi Nivas
surveillance,12.9755586,77.6361194,"{'camera:direction': '170', 'camera:mount': 'pole', 'camera:type': 'fixed', 'man_made': 'surveillance', 'surveillance': 'outdoor', 'surveillance:type': 'camera', 'surveillance:zone': 'parking'}",5,0,1,3,0.32,Indiranagar Double Road (Paramahansa Yogananda road),Bangalore
surveillance,12.9458286,77.5719594,"{'camera:direction': '270', 'camera:mount': 'wall', 'camera:type': 'fixed', 'man_made': 'surveillance', 'surveillance': 'outdoor', 'surveillance:type': 'camera', 'surveillance:zone': 'area'}",5,0,1,2,0.38,H.B. Samaja Road,Bengaluru
surveillance,12.9458216,77.5719949,"{'camera:direction': '180', 'camera:mount': 'wall', 'camera:type': 'fixed', 'man_made': 'surveillance', 'surveillance': 'outdoor', 'surveillance:type': 'camera', 'surveillance:zone': 'area'}",5,0,1,3,0.32,H.B. Samaja Road,Bengaluru
surveillance,12.9458241,77.5719794,"{'camera:direction': '90', 'camera:mount': 'wall', 'camera:type': 'fixed', 'man_made': 'surveillance', 'surveillance': 'outdoor', 'surveillance:type': 'camera', 'surveillance:zone': 'area'}",5,0,1,4,0.26,H.B. Samaja Road,Bengaluru
surveillance,13.0074704,77.592364,"{'camera:mount': 'pole', 'camera:type': 'dome', 'man_made': 'surveillance', 'surveillance': 'public', 'surveillance:type': 'camera', 'surveillance:zone': 'traffic'}",5,0,1,2,0.38,,Bengaluru
surveillance,12.9954831,77.6084518,"{'camera:mount': 'pole', 'camera:type': 'dome', 'man_made': 'surveillance', 'surveillance': 'public', 'surveillance:type': 'camera', 'surveillance:zone': 'traffic'}",5,0,1,4,0.26,Haines Road,Bengaluru
surveillance,12.9732013,77.5384663,"{'camera:mount': 'pole', 'camera:type': 'dome', 'man_made': 'surveillance', 'surveillance': 'outdoor', 'surveillance:type': 'camera', 'surveillance:zone': 'traffic'}",5,0,1,3,0.32,,Bengaluru
surveillance,12.9678172,77.5874636,"{'camera:mount': 'pole', 'camera:type': 'dome', 'man_made': 'surveillance', 'surveillance': 'public', 'surveillance:type': 'camera', 'surveillance:zone': 'area'}",5,0,1,3,0.32,Hudson Circle,Bengaluru
surveillance,12.97505,77.6144094,"{'camera:direction': '0', 'camera:mount': 'pole', 'camera:type': 'panning', 'man_made': 'surveillance', 'surveillance': 'public', 'surveillance:type': 'camera', 'surveillance:zone': 'area'}",5,0,1,3,0.32,,Bengaluru
surveillance,12.9750178,77.6143895,"{'camera:direction': '180', 'camera:mount': 'pole', 'camera:type': 'panning', 'man_made': 'surveillance', 'surveillance': 'public', 'surveillance:type': 'camera', 'surveillance:zone': 'area'}",5,0,1,0,0.5,Dickenson Road,Bengaluru
surveillance,13.0462899,77.6011338,"{'camera:direction': '90', 'camera:mount': 'pole', 'camera:type': 'panning', 'man_made': 'surveillance', 'surveillance': 'outdoor', 'surveillance:type': 'camera', 'surveillance:zone': 'area'}",5,0,1,0,0.5,,Bengaluru
surveillance,12.9654549,77.5867498,"{'camera:direction': '200', 'camera:mount': 'pole', 'camera:type': 'fixed', 'check_date': '2023-01-27', 'man_made': 'surveillance', 'surveillance': 'public', 'surveillance:type': 'camera', 'surveillance:zone': 'traffic'}",5,0,1,2,0.38,JC Road,Bengaluru
surveillance,13.0462598,77.6011301,"{'camera:direction': '270', 'camera:mount': 'pole', 'camera:type': 'panning', 'man_made': 'surveillance', 'surveillance': 'outdoor', 'surveillance:type': 'camera', 'surveillance:zone': 'area'}",5,0,1,3,0.32,,Bengaluru
surveillance,12.9638063,77.5855466,"{'camera:mount': 'building', 'camera:type': 'dome', 'man_made': 'surveillance', 'name': 'Public camera on top of townhall', 'surveillance': 'public', 'surveillance:type': 'camera', 'surveillance:zone': 'area'}",5,0,1,0,0.5,JC Road,Bengaluru
surveillance,13.0463745,77.6018204,"{'camera:mount': 'wall', 'camera:type': 'panning', 'man_made': 'surveillance', 'surveillance': 'outdoor', 'surveillance:type': 'camera', 'surveillance:zone': 'area'}",5,0,1,3,0.32,,Bengaluru
surveillance,12.9490132,77.5742849,"{'camera:mount': 'pole', 'camera:type': 'dome', 'man_made': 'surveillance', 'surveillance': 'public', 'surveillance:type': 'camera', 'surveillance:zone': 'area'}",5,0,1,3,0.32,"Kavi Lakshmisha Rd, Vishweshwarapura, Shankarapura",Bangalore
surveillance,12.9361134,77.5181017,"{'camera:mount': 'pole', 'camera:type': 'dome', 'man_made': 'surveillance', 'surveillance': 'public', 'surveillance:type': 'camera', 'surveillance:zone': 'area'}",5,0,1,1,0.44,Mysore Road,Bengaluru
surveillance,12.9744664,77.5447346,"{'camera:mount': 'pole', 'camera:type': 'dome', 'man_made': 'surveillance', 'surveillance': 'public', 'surveillance:type': 'camera', 'surveillance:zone': 'traffic'}",5,0,1,4,0.26,Chord Road,Bengaluru
surveillance,13.0464208,77.6013267,"{'camera:direction': '180', 'camera:mount': 'pole', 'camera:type': 'panning', 'man_made': 'surveillance', 'surveillance': 'outdoor', 'surveillance:type': 'camera', 'surveillance:zone': 'area'}",5,0,1,3,0.32,,Bengaluru
surveillance,12.9846832,77.5489014,"{'camera:direction': '180', 'camera:mount': 'pole', 'camera:type': 'fixed', 'man_made': 'surveillance', 'surveillance': 'public', 'surveillance:type': 'camera', 'surveillance:zone': 'traffic'}",5,0,1,2,0.38,,Bengaluru
surveillance,12.9847146,77.5489028,"{'camera:direction': '10', 'camera:mount': 'pole', 'camera:type': 'fixed', 'man_made': 'surveillance', 'surveillance': 'public', 'surveillance:type': 'camera', 'surveillance:zone': 'traffic'}",5,0,1,1,0.44,,Bengaluru
surveillance,12.9566205,77.5343183,"{'camera:mount': 'pole', 'camera:type': 'dome', 'man_made': 'surveillance', 'surveillance': 'public', 'surveillance:type': 'camera', 'surveillance:zone': 'traffic'}",5,0,1,3,0.32,4th Cross road,Bengaluru
surveillance,12.9513481,77.5371601,"{'camera:mount': 'pole', 'camera:type': 'dome', 'man_made': 'surveillance', 'surveillance': 'public', 'surveillance:type': 'camera', 'surveillance:zone': 'traffic'}",5,0,1,2,0.38,Chord Road,Deepanjalinagara
surveillance,12.928026,77.6254159,"{'camera:type': 'panning', 'man_made': 'surveillance', 'surveillance': 'public', 'surveillance:type': 'camera', 'surveillance:zone': 'area'}",5,0,1,0,0.5,5th Cross Road,
surveillance,12.9922485,77.6041619,"{'camera:direction': '153', 'camera:mount': 'pole', 'camera:type': 'fixed', 'man_made': 'surveillance', 'surveillance': 'public', 'surveillance:type': 'camera', 'surveillance:zone': 'area'}",5,0,1,1,0.44,,Bengaluru
surveillance,13.0459459,77.626595,{'man_made': 'surveillance'},5,0,1,3,0.32,Thanisandra Main Road,Bangalore
surveillance,13.0063015,77.5823635,"{'camera:mount': 'ceiling', 'camera:type': 'panning', 'check_date': '2025-04-29', 'man_made': 'surveillance', 'name': 'Public', 'surveillance': 'public', 'surveillance:type': 'camera', 'surveillance:zone': 'area'}",5,0,1,1,0.44,5th Cross Road,Bengaluru
surveillance,12.9818757,77.5948141,"{'camera:mount': 'pole', 'camera:type': 'dome', 'man_made': 'surveillance', 'surveillance': 'public', 'surveillance:type': 'camera', 'surveillance:zone': 'area'}",5,0,1,4,0.26,Raj Bhavan Road Cycle Lane,Bengaluru
surveillance,12.9914116,77.5973786,"{'camera:type': 'dome', 'man_made': 'surveillance', 'surveillance': 'public', 'surveillance:type': 'camera', 'surveillance:zone': 'area'}",5,0,1,1,0.44,,Bengaluru
surveillance,12.9826028,77.5923256,"{'camera:mount': 'pole', 'camera:type': 'dome', 'check_date': '2024-07-15', 'man_made': 'surveillance', 'surveillance': 'public', 'surveillance:type': 'camera', 'surveillance:zone': 'area'}",5,0,1,3,0.32,Raj Bhavan Road,Bengaluru
surveillance,13.006317,77.5823663,"{'camera:mount': 'ceiling', 'camera:type': 'panning', 'check_date': '2025-04-29', 'man_made': 'surveillance', 'surveillance': 'public', 'surveillance:type': 'camera', 'surveillance:zone': 'area'}",5,0,1,2,0.38,17th Cross Road,Bengaluru
surveillance,12.9278805,77.6258082,"{'camera:mount': 'wall', 'camera:type': 'panning', 'man_made': 'surveillance', 'surveillance': 'public', 'surveillance:type': 'camera', 'surveillance:zone': 'area'}",5,0,1,4,0.26,5th Cross Road,
surveillance,12.9746925,77.5910366,"{'camera:mount': 'pole', 'camera:type': 'dome', 'man_made': 'surveillance', 'surveillance': 'public', 'surveillance:type': 'camera', 'surveillance:zone': 'area'}",5,0,1,1,0.44,Cubbon Park Nature Trail,Bengaluru
surveillance,12.9609333,77.5883379,"{'camera:mount': 'pole', 'camera:type': 'dome', 'man_made': 'surveillance', 'surveillance': 'public', 'surveillance:type': 'camera', 'surveillance:zone': 'area'}",5,0,1,2,0.38,Lalbagh Road,Bengaluru
surveillance,12.9787655,77.5976295,"{'camera:mount': 'pole', 'camera:type': 'dome', 'man_made': 'surveillance', 'surveillance': 'public', 'surveillance:type': 'camera', 'surveillance:zone': 'area'}",5,0,1,4,0.26,,Bengaluru
surveillance,12.9300206,77.6227201,"{'camera:mount': 'pole', 'camera:type': 'panning', 'man_made': 'surveillance', 'surveillance': 'public', 'surveillance:type': 'camera', 'surveillance:zone': 'area'}",5,0,1,1,0.44,6th A Cross Road,
surveillance,13.0063198,77.5823752,"{'camera:mount': 'ceiling', 'camera:type': 'panning', 'check_date': '2025-04-29', 'man_made': 'surveillance', 'surveillance': 'public', 'surveillance:type': 'camera', 'surveillance:zone': 'area'}",5,0,1,4,0.26,17th Cross Road,Bengaluru
surveillance,12.9288759,77.6262715,"{'camera:mount': 'wall', 'camera:type': 'panning', 'man_made': 'surveillance', 'surveillance': 'public', 'surveillance:type': 'camera', 'surveillance:zone': 'area'}",5,0,1,4,0.26,13th Main Road,
surveillance,12.9754305,77.5953696,"{'camera:mount': 'pole', 'camera:type': 'dome', 'man_made': 'surveillance', 'surveillance': 'outdoor', 'surveillance:type': 'camera', 'surveillance:zone': 'area'}",5,0,1,1,0.44,Kasturba Road,Bengaluru
surveillance,13.0063115,77.582353,"{'camera:mount': 'ceiling', 'camera:type': 'panning', 'check_date': '2025-04-29', 'man_made': 'surveillance', 'name': 'Public', 'surveillance': 'public', 'surveillance:type': 'camera', 'surveillance:zone': 'area'}",5,0,1,0,0.5,5th Cross Road,Bengaluru
surveillance,12.9758374,77.5949416,"{'camera:type': 'dome', 'man_made': 'surveillance', 'surveillance': 'public', 'surveillance:type': 'camera', 'surveillance:zone': 'area'}",5,0,1,4,0.26,Kasturba Road,Bengaluru
surveillance,13.0061651,77.5823001,"{'camera:mount': 'pole', 'camera:type': 'panning', 'check_date': '2025-04-29', 'man_made': 'surveillance', 'name': 'Public', 'surveillance': 'public', 'surveillance:type': 'camera', 'surveillance:zone': 'area'}",5,0,1,3,0.32,5th Cross Road,Bengaluru
surveillance,13.0065917,77.5823149,"{'camera:mount': 'wall', 'camera:type': 'panning', 'check_date': '2024-08-22', 'man_made': 'surveillance', 'surveillance': 'public', 'surveillance:type': 'camera', 'surveillance:zone': 'area'}",5,0,1,1,0.44,5th Cross Road,Bengaluru
surveillance,12.9775496,77.5989907,"{'camera:direction': '0', 'camera:mount': 'wall', 'camera:type': 'panning', 'man_made': 'surveillance', 'surveillance': 'public', 'surveillance:type': 'camera', 'surveillance:zone': 'area'}",5,0,1,4,0.26,Queen's Road,Bengaluru
surveillance,12.993612,77.5981061,"{'camera:mount': 'pole', 'camera:type': 'dome', 'man_made': 'surveillance', 'surveillance': 'public', 'surveillance:type': 'camera', 'surveillance:zone': 'area'}",5,0,1,0,0.5,Cantonment Station Road,Bengaluru
surveillance,12.9871231,77.6191048,"{'camera:mount': 'pole', 'camera:type': 'dome', 'man_made': 'surveillance', 'surveillance': 'public', 'surveillance:type': 'camera', 'surveillance:zone': 'area'}",5,0,1,2,0.38,Saint John's Church Road,Bengaluru
surveillance,13.0038234,77.5489604,"{'camera:mount': 'pole', 'camera:type': 'dome', 'man_made': 'surveillance', 'surveillance': 'public', 'surveillance:type': 'camera', 'surveillance:zone': 'traffic'}",5,0,1,4,0.26,12th Cross Road,bangalore
surveillance,13.0262638,77.6369262,"{'camera:mount': 'pole', 'camera:type': 'dome', 'check_date': '2022-09-17', 'man_made': 'surveillance', 'surveillance': 'public', 'surveillance:type': 'camera', 'surveillance:zone': 'traffic'}",5,0,1,3,0.32,,Bengaluru
surveillance,12.9946193,77.6415835,"{'man_made': 'surveillance', 'name': 'Mariamma temple'}",5,0,1,4,0.26,G. Baiyapanahalli,Drishya Kalika Kendra
surveillance,13.015575,77.5555869,"{'camera:mount': 'pole', 'camera:type': 'dome', 'check_date': '2022-12-15', 'man_made': 'surveillance', 'surveillance': 'public', 'surveillance:type': 'camera', 'surveillance:zone': 'traffic'}",5,0,1,3,0.32,,Bengaluru
surveillance,13.0076579,77.5487566,"{'camera:mount': 'pole', 'camera:type': 'dome', 'man_made': 'surveillance', 'surveillance': 'public', 'surveillance:type': 'camera', 'surveillance:zone': 'traffic'}",5,0,1,0,0.5,,Bengaluru
surveillance,13.0118863,77.5520939,"{'camera:direction': '60', 'camera:mount': 'pole', 'camera:type': 'fixed', 'man_made': 'surveillance', 'surveillance': 'public', 'surveillance:type': 'camera', 'surveillance:zone': 'traffic'}",5,0,1,1,0.44,Chord Road,Bengaluru
surveillance,13.0167451,77.5651912,"{'camera:direction': '180', 'camera:mount': 'pole', 'camera:type': 'fixed', 'man_made': 'surveillance', 'surveillance': 'public', 'surveillance:type': 'camera', 'surveillance:zone': 'traffic'}",5,0,1,3,0.32,CV Raman Road,Bengaluru
surveillance,13.0167595,77.5651771,"{'camera:direction': '270', 'camera:mount': 'pole', 'camera:type': 'fixed', 'man_made': 'surveillance', 'surveillance': 'public', 'surveillance:type': 'camera', 'surveillance:zone': 'traffic'}",5,0,1,4,0.26,CV Raman Road,Bengaluru
surveillance,13.0169646,77.5630541,"{'camera:direction': '100', 'camera:mount': 'pole', 'camera:type': 'fixed', 'man_made': 'surveillance', 'surveillance': 'public', 'surveillance:type': 'camera', 'surveillance:zone': 'traffic'}",5,0,1,0,0.5,Arjuna Marg,Bengaluru
surveillance,13.0171299,77.5621013,"{'camera:direction': '210', 'camera:mount': 'pole', 'camera:type': 'fixed', 'man_made': 'surveillance', 'surveillance': 'public', 'surveillance:type': 'camera', 'surveillance:zone': 'building'}",5,0,1,1,0.44,CV Raman Road,Bengaluru
surveillance,13.0413304,77.621488,"{'camera:mount': 'pole', 'camera:type': 'dome', 'man_made': 'surveillance', 'surveillance': 'public', 'surveillance:type': 'camera', 'surveillance:zone': 'traffic'}",5,0,1,3,0.32,Service Road,Bengaluru
surveillance,13.0413441,77.6214887,"{'camera:mount': 'pole', 'camera:type': 'dome', 'man_made': 'surveillance', 'surveillance': 'public', 'surveillance:type': 'camera', 'surveillance:zone': 'traffic'}",5,0,1,1,0.44,Service Road,Bengaluru
surveillance,13.0381366,77.626074,"{'camera:mount': 'pole', 'camera:type': 'dome', 'man_made': 'surveillance', 'surveillance': 'public', 'surveillance:type': 'camera', 'surveillance:zone': 'traffic'}",5,0,1,4,0.26,Outer Ring Road,Bengaluru
surveillance,13.014627,77.5785546,"{'camera:mount': 'pole', 'camera:type': 'dome', 'man_made': 'surveillance', 'surveillance': 'public', 'surveillance:type': 'camera', 'surveillance:zone': 'traffic'}",5,0,1,2,0.38,6th A Cross Road,Bengaluru
surveillance,13.0144448,77.583736,"{'camera:mount': 'pole', 'camera:type': 'dome', 'check_date': '2022-12-15', 'man_made': 'surveillance', 'surveillance': 'public', 'surveillance:type': 'camera', 'surveillance:zone': 'traffic'}",5,0,1,2,0.38,Dr. CV Raman Road,Bengaluru
surveillance,13.0168967,77.5837742,"{'camera:mount': 'pole', 'camera:type': 'dome', 'check_date': '2022-12-15', 'man_made': 'surveillance', 'surveillance': 'public', 'surveillance:type': 'camera', 'surveillance:zone': 'traffic'}",5,0,1,0,0.5,,Bengaluru
surveillance,13.0363858,77.5894135,"{'camera:mount': 'pole', 'camera:type': 'dome', 'check_date': '2022-12-15', 'man_made': 'surveillance', 'surveillance': 'public', 'surveillance:type': 'camera', 'surveillance:zone': 'traffic'}",5,0,1,1,0.44,Bellary Road,Bengaluru
surveillance,13.0386004,77.589447,"{'camera:mount': 'pole', 'camera:type': 'dome', 'check_date': '2022-12-15', 'man_made': 'surveillance', 'surveillance': 'public', 'surveillance:type': 'camera', 'surveillance:zone': 'traffic'}",5,0,1,0,0.5,3rd Main Road,Bengaluru
surveillance,12.9386321,77.6258643,"{'camera:direction': '70', 'camera:mount': 'wall', 'camera:type': 'fixed', 'man_made': 'surveillance', 'surveillance': 'outdoor', 'surveillance:type': 'camera', 'surveillance:zone': 'area'}",5,0,1,2,0.38,,Srinivagilu Main Road
surveillance,12.9750167,77.5935496,"{'camera:mount': 'pole', 'camera:type': 'dome', 'man_made': 'surveillance', 'surveillance': 'public', 'surveillance:type': 'camera', 'surveillance:zone': 'area'}",5,0,1,0,0.5,Kasturba Road,Bengaluru
surveillance,13.0343907,77.5576428,"{'camera:mount': 'pole', 'camera:type': 'dome', 'man_made': 'surveillance', 'surveillance': 'public', 'surveillance:type': 'camera', 'surveillance:zone': 'traffic'}",5,0,1,2,0.38,3rd Main Road,Bengaluru
surveillance,12.9360115,77.5173211,"{'camera:direction': '10', 'camera:mount': 'pole', 'camera:type': 'fixed', 'man_made': 'surveillance', 'surveillance': 'public', 'surveillance:type': 'camera', 'surveillance:zone': 'traffic'}",5,0,1,3,0.32,Mysore Road,Bengaluru
surveillance,12.9361186,77.5173265,"{'camera:mount': 'pole', 'camera:type': 'dome', 'man_made': 'surveillance', 'surveillance': 'public', 'surveillance:type': 'camera', 'surveillance:zone': 'traffic'}",5,0,1,2,0.38,Bangalore-Mysore Road,Rajarajeshwarinagara Gate
surveillance,12.9491607,77.6203725,"{'camera:direction': '180', 'camera:mount': 'pole', 'camera:type': 'panning', 'man_made': 'surveillance', 'surveillance': 'public', 'surveillance:type': 'camera', 'surveillance:zone': 'area'}",5,0,1,4,0.26,,National Games Village Road
surveillance,12.9491681,77.6203871,"{'camera:direction': '10', 'camera:mount': 'pole', 'camera:type': 'panning', 'man_made': 'surveillance', 'surveillance': 'public', 'surveillance:type': 'camera', 'surveillance:zone': 'area'}",5,0,1,4,0.26,,National Games Village Road
surveillance,12.9900294,77.5524681,"{'camera:mount': 'pole', 'camera:type': 'dome', 'man_made': 'surveillance', 'surveillance': 'public', 'surveillance:type': 'camera', 'surveillance:zone': 'traffic'}",5,0,1,0,0.5,41st Cross Road,Bengaluru
surveillance,12.9842964,77.5540392,"{'camera:mount': 'pole', 'camera:type': 'dome', 'man_made': 'surveillance', 'surveillance': 'public', 'surveillance:type': 'camera', 'surveillance:zone': 'traffic'}",5,0,1,1,0.44,,Bengaluru
surveillance,12.9876582,77.5500776,"{'camera:direction': '70', 'camera:mount': 'wall', 'camera:type': 'fixed', 'man_made': 'surveillance', 'surveillance': 'public', 'surveillance:type': 'camera', 'surveillance:zone': 'traffic'}",5,0,1,1,0.44,,Bengaluru
surveillance,12.9876477,77.5500622,"{'camera:direction': '250', 'camera:mount': 'wall', 'camera:type': 'fixed', 'man_made': 'surveillance', 'surveillance': 'public', 'surveillance:type': 'camera', 'surveillance:zone': 'traffic'}",5,0,1,0,0.5,,Bengaluru
surveillance,13.0039652,77.5500233,"{'camera:mount': 'pole', 'camera:type': 'dome', 'man_made': 'surveillance', 'surveillance': 'public', 'surveillance:type': 'camera', 'surveillance:zone': 'traffic'}",5,0,1,3,0.32,,Bengaluru
surveillance,13.0041471,77.5492528,"{'camera:direction': '10', 'camera:mount': 'pole', 'camera:type': 'fixed', 'man_made': 'surveillance', 'surveillance': 'public', 'surveillance:type': 'camera', 'surveillance:zone': 'traffic'}",5,0,1,2,0.38,Rajajinagar 1st Block Flyover,Bengaluru
surveillance,13.0041448,77.5492659,"{'camera:direction': '60', 'camera:mount': 'pole', 'camera:type': 'fixed', 'man_made': 'surveillance', 'surveillance': 'public', 'surveillance:type': 'camera', 'surveillance:zone': 'traffic'}",5,0,1,0,0.5,Rajajinagar 1st Block Flyover,Bengaluru
surveillance,13.0439109,77.6009502,"{'camera:mount': 'pole', 'camera:type': 'dome', 'check_date': '2024-08-17', 'man_made': 'surveillance', 'surveillance': 'public', 'surveillance:type': 'camera', 'surveillance:zone': 'traffic'}",5,0,1,3,0.32,Outer Ring Road,Bengaluru
surveillance,13.0194224,77.5840595,"{'camera:direction': '60', 'camera:mount': 'pole', 'camera:type': 'fixed', 'man_made': 'surveillance', 'surveillance': 'public', 'surveillance:type': 'camera', 'surveillance:zone': 'traffic'}",5,0,1,2,0.38,Bellary Road,Bengaluru
surveillance,13.0194349,77.5840523,"{'camera:direction': '340', 'camera:mount': 'pole', 'camera:type': 'fixed', 'man_made': 'surveillance', 'surveillance': 'public', 'surveillance:type': 'camera', 'surveillance:zone': 'traffic'}",5,0,1,1,0.44,Bellary Road,Bengaluru
surveillance,13.0209145,77.5842421,"{'camera:mount': 'pole', 'camera:type': 'dome', 'check_date': '2024-07-06', 'man_made': 'surveillance', 'surveillance': 'public', 'surveillance:type': 'camera', 'surveillance:zone': 'traffic'}",5,0,1,2,0.38,Bellary Road,Bengaluru
surveillance,13.0205891,77.5838103,"{'camera:mount': 'pole', 'camera:type': 'dome', 'man_made': 'surveillance', 'surveillance': 'public', 'surveillance:type': 'camera', 'surveillance:zone': 'traffic'}",5,0,1,2,0.38,Bellary Road,Bengaluru
surveillance,13.0232139,77.5847099,"{'camera:mount': 'pole', 'camera:type': 'dome', 'man_made': 'surveillance', 'surveillance': 'public', 'surveillance:type': 'camera', 'surveillance:zone': 'traffic', 'survey:date': '2022-05-29'}",5,0,1,0,0.5,Bellary Road,Bengaluru
surveillance,13.0315476,77.570282,"{'camera:direction': '280', 'camera:mount': 'pole', 'camera:type': 'fixed', 'man_made': 'surveillance', 'surveillance': 'public', 'surveillance:type': 'camera', 'surveillance:zone': 'traffic'}",5,0,1,2,0.38,New BEL Road,Bengaluru
surveillance,13.0315581,77.5702988,"{'camera:direction': '40', 'camera:mount': 'pole', 'camera:type': 'fixed', 'man_made': 'surveillance', 'surveillance': 'public', 'surveillance:type': 'camera', 'surveillance:zone': 'traffic'}",5,0,1,0,0.5,New BEL Road,Bengaluru
surveillance,13.034053,77.5687089,"{'camera:mount': 'pole', 'camera:type': 'dome', 'man_made': 'surveillance', 'surveillance': 'public', 'surveillance:type': 'camera', 'surveillance:zone': 'traffic'}",5,0,1,2,0.38,New BEL Road,Bengaluru
surveillance,12.9371736,77.6195384,"{'camera:direction': '30', 'camera:mount': 'wall', 'camera:type': 'fixed', 'man_made': 'surveillance', 'surveillance': 'outdoor', 'surveillance:type': 'camera', 'surveillance:zone': 'area'}",5,0,1,2,0.38,", R.K complex, K.H.B colony",Bangalore
surveillance,13.0210255,77.6285958,{'man_made': 'surveillance'},5,0,1,1,0.44,,Bengaluru
surveillance,12.988913,77.6175621,"{'camera:mount': 'pole', 'camera:type': 'dome', 'man_made': 'surveillance', 'name': 'Public', 'surveillance': 'public', 'surveillance:type': 'camera', 'surveillance:zone': 'area'}",5,0,1,0,0.5,,Bengaluru
surveillance,12.9396233,77.6254049,"{'camera:mount': 'pole', 'camera:type': 'dome', 'man_made': 'surveillance', 'surveillance': 'public', 'surveillance:type': 'camera', 'surveillance:zone': 'area'}",5,0,1,0,0.5,Srinivagilu Main Road,Indian Oil
surveillance,13.0210285,77.6285755,"{'camera:mount': 'pole', 'camera:type': 'dome', 'man_made': 'surveillance', 'surveillance': 'public', 'surveillance:type': 'camera', 'surveillance:zone': 'area'}",5,0,1,4,0.26,,Bengaluru
surveillance,12.9786779,77.570836,"{'camera:mount': 'pole', 'camera:type': 'dome', 'man_made': 'surveillance', 'name': 'Dome', 'surveillance': 'public', 'surveillance:type': 'camera', 'surveillance:zone': 'area'}",5,0,1,3,0.32,Gubbi Thotadappa Road,Bengaluru
surveillance,12.9803249,77.5724605,"{'camera:mount': 'pole', 'camera:type': 'dome', 'man_made': 'surveillance', 'name': 'Dome', 'surveillance': 'public', 'surveillance:type': 'camera', 'surveillance:zone': 'area'}",5,0,1,1,0.44,,Bengaluru
surveillance,12.9775668,77.5699428,"{'camera:mount': 'pole', 'camera:type': 'dome', 'man_made': 'surveillance', 'surveillance': 'public', 'surveillance:type': 'camera', 'surveillance:zone': 'area'}",5,0,1,4,0.26,Railway Station Subway,Bengaluru
surveillance,12.9772411,77.5712295,"{'camera:mount': 'pole', 'camera:type': 'dome', 'man_made': 'surveillance', 'surveillance': 'public', 'surveillance:type': 'camera', 'surveillance:zone': 'area'}",5,0,1,0,0.5,,Bengaluru
surveillance,12.9803047,77.5724748,"{'camera:direction': '220', 'camera:mount': 'pole', 'camera:type': 'panning', 'man_made': 'surveillance', 'surveillance': 'public', 'surveillance:type': 'camera', 'surveillance:zone': 'area'}",5,0,1,1,0.44,,Bengaluru
surveillance,12.9777223,77.569546,"{'camera:direction': '1', 'camera:mount': 'wall', 'camera:type': 'panning', 'man_made': 'surveillance', 'surveillance': 'public', 'surveillance:type': 'camera', 'surveillance:zone': 'area'}",5,0,1,4,0.26,Railway Station Subway,Bengaluru
surveillance,12.9762884,77.5710765,"{'camera:direction': '0', 'camera:mount': 'ceiling', 'camera:type': 'fixed', 'man_made': 'surveillance', 'name': 'Stairs climb facing', 'surveillance': 'public', 'surveillance:type': 'camera', 'surveillance:zone': 'area'}",5,0,1,3,0.32,,Bengaluru
surveillance,12.9777115,77.5695925,"{'camera:direction': '1', 'camera:mount': 'wall', 'camera:type': 'panning', 'man_made': 'surveillance', 'surveillance': 'public', 'surveillance:type': 'camera', 'surveillance:zone': 'area'}",5,0,1,4,0.26,Railway Station Subway,Bengaluru
surveillance,12.9770409,77.5715713,"{'camera:mount': 'ceiling', 'camera:type': 'fixed', 'man_made': 'surveillance', 'name': 'Platform', 'surveillance': 'public', 'surveillance:type': 'camera', 'surveillance:zone': 'area'}",5,0,1,3,0.32,Fire Emergency Road,Bengaluru
surveillance,12.9905081,77.5885174,"{'camera:mount': 'pole', 'camera:type': 'dome', 'man_made': 'surveillance', 'surveillance': 'public', 'surveillance:type': 'camera', 'surveillance:zone': 'area'}",5,0,1,3,0.32,,Bengaluru
surveillance,12.9788845,77.5698702,"{'camera:mount': 'pole', 'camera:type': 'dome', 'man_made': 'surveillance', 'name': 'Dome', 'surveillance': 'public', 'surveillance:type': 'camera', 'surveillance:zone': 'area'}",5,0,1,2,0.38,Gubbi Thotadappa Road,Bengaluru
surveillance,12.9840012,77.5783765,"{'camera:mount': 'pole', 'camera:type': 'dome', 'man_made': 'surveillance', 'surveillance': 'public', 'surveillance:type': 'camera', 'surveillance:zone': 'area'}",5,0,1,4,0.26,Kumara Krupa Road,Bengaluru
surveillance,12.978916,77.5702614,"{'camera:mount': 'pole', 'camera:type': 'panning', 'man_made': 'surveillance', 'surveillance': 'public', 'surveillance:type': 'camera', 'surveillance:zone': 'area'}",5,0,1,3,0.32,Gubbi Thotadappa Road,Bengaluru
surveillance,12.9778311,77.5695753,"{'camera:direction': '90', 'camera:mount': 'ceiling', 'camera:type': 'fixed', 'man_made': 'surveillance', 'surveillance': 'public', 'surveillance:type': 'camera', 'surveillance:zone': 'area'}",5,0,1,1,0.44,Railway Station Subway,Bengaluru
surveillance,12.9774675,77.5703025,"{'camera:mount': 'pole', 'camera:type': 'dome', 'man_made': 'surveillance', 'surveillance': 'public', 'surveillance:type': 'camera', 'surveillance:zone': 'area'}",5,0,1,3,0.32,Gubbi Thotadappa Road,Bengaluru
surveillance,12.9762388,77.5708302,"{'camera:direction': '180', 'camera:mount': 'ceiling', 'camera:type': 'panning', 'man_made': 'surveillance', 'name': 'Stairs climb facing', 'surveillance': 'public', 'surveillance:type': 'camera', 'surveillance:zone': 'area'}",5,0,1,2,0.38,,Bengaluru
surveillance,12.977414,77.5707744,"{'camera:mount': 'pole', 'camera:type': 'dome', 'man_made': 'surveillance', 'surveillance': 'public', 'surveillance:type': 'camera', 'surveillance:zone': 'area'}",5,0,1,0,0.5,Gubbi Thotadappa Road,Bengaluru
surveillance,12.9782254,77.569861,"{'camera:mount': 'pole', 'camera:type': 'dome', 'man_made': 'surveillance', 'surveillance': 'public', 'surveillance:type': 'camera', 'surveillance:zone': 'area'}",5,0,1,4,0.26,Gubbi Thotadappa Road,Bengaluru
surveillance,12.9777692,77.5695812,"{'camera:direction': '90', 'camera:mount': 'ceiling', 'camera:type': 'panning', 'man_made': 'surveillance', 'surveillance': 'public', 'surveillance:type': 'camera', 'surveillance:zone': 'area'}",5,0,1,0,0.5,Railway Station Subway,Bengaluru
surveillance,12.9801124,77.5711677,"{'camera:mount': 'pole', 'camera:type': 'dome', 'man_made': 'surveillance', 'name': 'Dome', 'surveillance': 'public', 'surveillance:type': 'camera', 'surveillance:zone': 'area'}",5,0,1,1,0.44,,Bengaluru
surveillance,12.9774323,77.5705,"{'camera:direction': '90', 'camera:mount': 'pole', 'camera:type': 'panning', 'man_made': 'surveillance', 'surveillance': 'public', 'surveillance:type': 'camera', 'surveillance:zone': 'area'}",5,0,1,0,0.5,Gubbi Thotadappa Road,Bengaluru
surveillance,12.9799128,77.5711727,"{'camera:direction': '90', 'camera:mount': 'pole', 'camera:type': 'panning', 'man_made': 'surveillance', 'surveillance': 'public', 'surveillance:type': 'camera', 'surveillance:zone': 'area'}",5,0,1,3,0.32,,Bengaluru
surveillance,12.9602525,77.6015539,"{'camera:mount': 'pole', 'camera:type': 'dome', 'man_made': 'surveillance', 'surveillance': 'public', 'surveillance:type': 'camera', 'surveillance:zone': 'area'}",5,0,1,0,0.5,Langford Road,Bengaluru
surveillance,12.9670256,77.5945339,"{'camera:mount': 'pole', 'camera:type': 'dome', 'man_made': 'surveillance', 'surveillance': 'public', 'surveillance:type': 'camera', 'surveillance:zone': 'area'}",5,0,1,4,0.26,,Bengaluru
surveillance,12.9633597,77.5893002,"{'camera:mount': 'pole', 'camera:type': 'dome', 'man_made': 'surveillance', 'surveillance': 'public', 'surveillance:type': 'camera', 'surveillance:zone': 'area'}",5,0,1,2,0.38,,Bengaluru
surveillance,12.9676349,77.5889569,"{'camera:mount': 'pole', 'camera:type': 'dome', 'man_made': 'surveillance', 'surveillance': 'public', 'surveillance:type': 'camera', 'surveillance:zone': 'area'}",5,0,1,3,0.32,,
surveillance,12.9670583,77.5873308,"{'camera:mount': 'pole', 'camera:type': 'dome', 'check_date': '2022-09-25', 'man_made': 'surveillance', 'surveillance': 'public', 'surveillance:type': 'camera', 'surveillance:zone': 'area'}",5,0,1,0,0.5,,Bengaluru
surveillance,12.9715141,77.5870384,"{'camera:mount': 'wall', 'camera:type': 'dome', 'man_made': 'surveillance', 'surveillance': 'public', 'surveillance:type': 'camera', 'surveillance:zone': 'area'}",5,0,1,0,0.5,Nrupatunga Road,Bengaluru
surveillance,12.9742919,77.5750329,"{'camera:mount': 'pole', 'camera:type': 'dome', 'man_made': 'surveillance', 'surveillance': 'public', 'surveillance:type': 'camera', 'surveillance:zone': 'area'}",5,0,1,0,0.5,,Bengaluru
surveillance,12.9773954,77.5709817,"{'camera:mount': 'pole', 'camera:type': 'dome', 'man_made': 'surveillance', 'surveillance': 'public', 'surveillance:type': 'camera', 'surveillance:zone': 'area'}",5,0,1,4,0.26,,Bengaluru
surveillance,12.9784232,77.5707772,"{'camera:mount': 'pole', 'camera:type': 'dome', 'man_made': 'surveillance', 'surveillance': 'public', 'surveillance:type': 'camera', 'surveillance:zone': 'area'}",5,0,1,1,0.44,,Bengaluru
surveillance,12.9821148,77.5658626,"{'camera:mount': 'pole', 'camera:type': 'dome', 'man_made': 'surveillance', 'surveillance': 'public', 'surveillance:type': 'camera', 'surveillance:zone': 'area'}",5,0,1,0,0.5,Vatal Nagaraj Road,Bengaluru
surveillance,12.9899188,77.5543661,"{'camera:mount': 'pole', 'camera:type': 'dome', 'man_made': 'surveillance', 'surveillance': 'public', 'surveillance:type': 'camera', 'surveillance:zone': 'area'}",5,0,1,3,0.32,41st Cross Road,Bengaluru
surveillance,12.9844506,77.5884452,"{'camera:mount': 'pole', 'camera:type': 'dome', 'man_made': 'surveillance', 'surveillance': 'public', 'surveillance:type': 'camera', 'surveillance:zone': 'traffic'}",5,0,1,2,0.38,Raj Bhavan Road,Bengaluru
surveillance,12.9843075,77.5881408,"{'camera:mount': 'pole', 'camera:type': 'dome', 'man_made': 'surveillance', 'surveillance': 'public', 'surveillance:type': 'camera', 'surveillance:zone': 'traffic'}",5,0,1,1,0.44,,Bengaluru
surveillance,12.9233613,77.6467062,"{'camera:direction': '190', 'camera:mount': 'pole', 'camera:type': 'fixed', 'man_made': 'surveillance', 'surveillance': 'public', 'surveillance:type': 'camera', 'surveillance:zone': 'traffic'}",5,0,1,4,0.26,22nd Main Road,HDFC Bank
surveillance,12.9233757,77.6466921,"{'camera:direction': '250', 'camera:mount': 'pole', 'camera:type': 'fixed', 'man_made': 'surveillance', 'surveillance': 'public', 'surveillance:type': 'camera', 'surveillance:zone': 'traffic'}",5,0,1,0,0.5,22nd Main Road,HDFC Bank
surveillance,12.9233757,77.6467149,"{'camera:direction': '60', 'camera:mount': 'pole', 'camera:type': 'fixed', 'man_made': 'surveillance', 'surveillance': 'public', 'surveillance:type': 'camera', 'surveillance:zone': 'traffic'}",5,0,1,4,0.26,22nd Main Road,HDFC Bank
surveillance,12.9233901,77.6466995,"{'camera:direction': '0', 'camera:mount': 'pole', 'camera:type': 'fixed', 'man_made': 'surveillance', 'surveillance': 'public', 'surveillance:type': 'camera', 'surveillance:zone': 'traffic'}",5,0,1,4,0.26,22nd Main Road,HDFC Bank
surveillance,12.9251756,77.6374475,"{'camera:direction': '120', 'camera:mount': 'pole', 'camera:type': 'fixed', 'check_date': '2024-03-28', 'man_made': 'surveillance', 'surveillance': 'public', 'surveillance:type': 'camera', 'surveillance:zone': 'traffic'}",5,0,1,0,0.5,Sarjapura Road,Jakkasandra
surveillance,12.9251697,77.6374398,"{'camera:direction': '190', 'camera:mount': 'pole', 'camera:type': 'fixed', 'check_date': '2024-03-28', 'man_made': 'surveillance', 'surveillance': 'public', 'surveillance:type': 'camera', 'surveillance:zone': 'traffic'}",5,0,1,3,0.32,Sarjapura Road,Jakkasandra
surveillance,12.9251867,77.6374415,"{'camera:direction': '350', 'camera:mount': 'pole', 'camera:type': 'fixed', 'check_date': '2024-03-28', 'man_made': 'surveillance', 'surveillance': 'public', 'surveillance:type': 'camera', 'surveillance:zone': 'traffic'}",5,0,1,3,0.32,Sarjapura Road,Jakkasandra
surveillance,12.9251809,77.6374334,"{'camera:direction': '230', 'camera:mount': 'pole', 'camera:type': 'fixed', 'check_date': '2024-03-28', 'man_made': 'surveillance', 'surveillance': 'public', 'surveillance:type': 'camera', 'surveillance:zone': 'traffic'}",5,0,1,1,0.44,Sarjapura Road,Jakkasandra
surveillance,12.924943,77.6337129,"{'camera:direction': '160', 'camera:mount': 'pole', 'camera:type': 'fixed', 'man_made': 'surveillance', 'surveillance': 'public', 'surveillance:type': 'camera', 'surveillance:zone': 'traffic'}",5,0,1,0,0.5,Sarjapura Road,Pay and Use Toilet
surveillance,12.9249547,77.6337243,"{'camera:direction': '100', 'camera:mount': 'pole', 'camera:type': 'fixed', 'man_made': 'surveillance', 'surveillance': 'public', 'surveillance:type': 'camera', 'surveillance:zone': 'traffic'}",5,0,1,3,0.32,Sarjapura Road,Pay and Use Toilet
surveillance,12.9249652,77.6337089,"{'camera:direction': '340', 'camera:mount': 'pole', 'camera:type': 'fixed', 'man_made': 'surveillance', 'surveillance': 'public', 'surveillance:type': 'camera', 'surveillance:zone': 'traffic'}",5,0,1,3,0.32,Sarjapura Road,Pay and Use Toilet
surveillance,12.9249501,77.6336995,"{'camera:direction': '270', 'camera:mount': 'pole', 'camera:type': 'fixed', 'man_made': 'surveillance', 'surveillance': 'public', 'surveillance:type': 'camera', 'surveillance:zone': 'traffic'}",5,0,1,1,0.44,,80 Feet Road
surveillance,12.9249064,77.6334648,"{'camera:mount': 'pole', 'camera:type': 'dome', 'check_date': '2022-10-18', 'man_made': 'surveillance', 'surveillance': 'public', 'surveillance:type': 'camera', 'surveillance:zone': 'traffic'}",5,0,1,3,0.32,,Sarjapura Road
surveillance,12.9172216,77.6231235,"{'camera:mount': 'pole', 'camera:type': 'dome', 'check_date': '2024-06-03', 'man_made': 'surveillance', 'surveillance': 'public', 'surveillance:type': 'camera', 'surveillance:zone': 'traffic'}",5,0,1,1,0.44,,Outer Ring Road
surveillance,12.9275886,77.621085,"{'camera:mount': 'pole', 'camera:type': 'dome', 'man_made': 'surveillance', 'surveillance': 'public', 'surveillance:type': 'camera', 'surveillance:zone': 'traffic', 'survey:date': '2022-06-17'}",5,0,1,2,0.38,,Mahayogi Vemana Road
surveillance,12.9276984,77.6160774,"{'camera:mount': 'pole', 'camera:type': 'dome', 'man_made': 'surveillance', 'surveillance': 'public', 'surveillance:type': 'camera', 'surveillance:zone': 'traffic'}",5,0,1,3,0.32,Hosur Road,Balaji Medicals
surveillance,12.9316654,77.6139919,"{'camera:mount': 'pole', 'camera:type': 'dome', 'man_made': 'surveillance', 'operator': 'BTP', 'surveillance': 'public', 'surveillance:type': 'camera', 'surveillance:zone': 'traffic'}",5,0,1,1,0.44,,Hosur Road
surveillance,13.0103497,77.5498731,"{'camera:direction': '160', 'camera:mount': 'pole', 'camera:type': 'fixed', 'man_made': 'surveillance', 'surveillance': 'public', 'surveillance:type': 'camera', 'surveillance:zone': 'traffic'}",5,0,1,3,0.32,,Bengaluru
surveillance,13.0103693,77.5498758,"{'camera:direction': '10', 'camera:mount': 'pole', 'camera:type': 'fixed', 'man_made': 'surveillance', 'surveillance': 'public', 'surveillance:type': 'camera', 'surveillance:zone': 'traffic'}",5,0,1,3,0.32,,Bengaluru
surveillance,13.0110943,77.5505455,"{'camera:direction': '225', 'camera:mount': 'pole', 'camera:type': 'fixed', 'man_made': 'surveillance', 'surveillance': 'public', 'surveillance:type': 'camera', 'surveillance:zone': 'traffic'}",5,0,1,2,0.38,Chord Road,Bengaluru
surveillance,13.0110977,77.5505503,"{'camera:direction': '45', 'camera:mount': 'pole', 'camera:type': 'fixed', 'man_made': 'surveillance', 'surveillance': 'public', 'surveillance:type': 'camera', 'surveillance:zone': 'traffic'}",5,0,1,2,0.38,Chord Road,Bengaluru
surveillance,12.9712907,77.5869767,"{'camera:direction': '0', 'camera:mount': 'pole', 'camera:type': 'fixed', 'man_made': 'surveillance', 'surveillance': 'public', 'surveillance:type': 'camera', 'surveillance:zone': 'traffic'}",5,0,1,3,0.32,Nrupatunga Road,Bengaluru
surveillance,12.9743383,77.5714387,"{'camera:direction': '90', 'camera:mount': 'pole', 'camera:type': 'fixed', 'man_made': 'surveillance', 'surveillance': 'public', 'surveillance:type': 'camera', 'surveillance:zone': 'traffic'}",5,0,1,4,0.26,Tank Bund Road,Bengaluru
surveillance,12.9746115,77.5706021,"{'camera:direction': '0', 'camera:mount': 'pole', 'camera:type': 'fixed', 'man_made': 'surveillance', 'surveillance': 'public', 'surveillance:type': 'camera', 'surveillance:zone': 'traffic'}",5,0,1,1,0.44,Tank Bund Road,Bengaluru
surveillance,12.9640145,77.6009631,"{'camera:direction': '180', 'camera:mount': 'pole', 'camera:type': 'fixed', 'man_made': 'surveillance', 'surveillance': 'public', 'surveillance:type': 'camera', 'surveillance:zone': 'traffic'}",5,0,1,1,0.44,,Bengaluru
surveillance,12.9640341,77.6009638,"{'camera:direction': '90', 'camera:mount': 'pole', 'camera:type': 'fixed', 'man_made': 'surveillance', 'surveillance': 'public', 'surveillance:type': 'camera', 'surveillance:zone': 'traffic'}",5,0,1,1,0.44,,Bengaluru
surveillance,12.9653188,77.6009464,"{'camera:direction': '270', 'camera:mount': 'pole', 'camera:type': 'fixed', 'check_date': '2022-08-11', 'man_made': 'surveillance', 'surveillance': 'public', 'surveillance:type': 'camera', 'surveillance:zone': 'traffic'}",5,0,1,3,0.32,Richmond Road,Bengaluru
surveillance,12.965322,77.6009705,"{'camera:direction': '90', 'camera:mount': 'pole', 'camera:type': 'fixed', 'check_date': '2022-08-11', 'man_made': 'surveillance', 'surveillance': 'public', 'surveillance:type': 'camera', 'surveillance:zone': 'traffic'}",5,0,1,2,0.38,Richmond Road,Bengaluru
surveillance,13.0042899,77.6185611,"{'camera:direction': '210', 'camera:mount': 'wall', 'camera:type': 'fixed', 'man_made': 'surveillance', 'operator': 'Apartment', 'surveillance': 'outdoor', 'surveillance:type': 'camera', 'surveillance:zone': 'building'}",5,0,1,2,0.38,,Bengaluru
surveillance,13.0040724,77.6184923,"{'camera:direction': '110', 'camera:mount': 'wall', 'camera:type': 'fixed', 'man_made': 'surveillance', 'operator': 'Apartment', 'surveillance': 'outdoor', 'surveillance:type': 'camera', 'surveillance:zone': 'building'}",5,0,1,0,0.5,Cookson Road,Bangalore
surveillance,13.0193324,77.6335714,"{'man_made': 'surveillance', 'name': '3 camera'}",5,0,1,2,0.38,2nd A main,Bengaluru
surveillance,13.0199864,77.6337565,"{'man_made': 'surveillance', 'name': '2 cameras'}",5,0,1,4,0.26,2nd I Cross,Bengaluru
surveillance,13.0196595,77.6336354,"{'man_made': 'surveillance', 'name': '3 cameras'}",5,0,1,3,0.32,,Bengaluru
surveillance,12.9771564,77.5912996,{'man_made': 'surveillance'},5,0,1,2,0.38,Dr B R Ambedkar Veedhi,Bengaluru
surveillance,12.9703788,77.6103339,"{'man_made': 'surveillance', 'name': 'Two cameras'}",5,0,1,4,0.26,,Bengaluru
surveillance,12.9703982,77.6103105,"{'man_made': 'surveillance', 'name': 'Two cameras'}",5,0,1,1,0.44,,Bengaluru
surveillance,12.977343,77.5911572,{'man_made': 'surveillance'},5,0,1,0,0.5,Doctor B R Ambedkar Veedhi,Bengaluru
surveillance,13.0205957,77.6433155,"{'camera:mount': 'pole', 'camera:type': 'dome', 'man_made': 'surveillance', 'name': '3 cameras', 'surveillance': 'public', 'surveillance:type': 'camera', 'surveillance:zone': 'town', 'survey:date': '2022-05-28'}",5,0,1,2,0.38,"7th Main Rd, HRBR Layout 1st Block HRBR Layout, Banaswadi, Kalyan Nagar",Bengaluru
surveillance,13.0149046,77.6326747,"{'man_made': 'surveillance', 'name': '3 cameras'}",5,0,1,1,0.44,Nehru Road,Bengaluru
surveillance,13.0192934,77.6339355,"{'man_made': 'surveillance', 'name': '2 camera'}",5,0,1,2,0.38,2nd A main,Bengaluru
surveillance,13.0202791,77.6338209,"{'man_made': 'surveillance', 'name': '2 cameras'}",5,0,1,0,0.5,,Bengaluru
surveillance,13.0024393,77.6149261,"{'man_made': 'surveillance', 'name': 'Four cameras'}",5,0,1,1,0.44,John Armstrong Road,Bangalore
surveillance,12.9704011,77.6103025,"{'man_made': 'surveillance', 'name': 'Two cameras'}",5,0,1,2,0.38,,Bengaluru
surveillance,13.0046333,77.6187043,"{'camera:direction': '280', 'camera:mount': 'ceiling', 'camera:type': 'fixed', 'man_made': 'surveillance', 'surveillance:type': 'camera'}",5,0,1,1,0.44,Cookson Road,Bangalore
surveillance,13.003426,77.6169051,"{'camera:direction': '195', 'camera:mount': 'wall', 'camera:type': 'fixed', 'man_made': 'surveillance', 'operator': 'Apartment', 'surveillance': 'outdoor', 'surveillance:type': 'camera', 'surveillance:zone': 'building'}",5,0,1,0,0.5,Clarke Road,Bengaluru
surveillance,13.0033676,77.6168795,"{'camera:direction': '15', 'camera:mount': 'wall', 'camera:type': 'fixed', 'man_made': 'surveillance', 'operator': 'Apartment', 'surveillance': 'outdoor', 'surveillance:type': 'camera', 'surveillance:zone': 'building'}",5,0,1,4,0.26,Clarke Road,Bengaluru
surveillance,13.00336,77.6168807,"{'camera:direction': '115', 'camera:mount': 'wall', 'camera:type': 'fixed', 'man_made': 'surveillance', 'operator': 'Apartment', 'surveillance': 'outdoor', 'surveillance:type': 'camera', 'surveillance:zone': 'building'}",5,0,1,0,0.5,Clarke Road,Bengaluru
surveillance,13.0037834,77.6164217,"{'camera:direction': '90', 'camera:mount': 'wall', 'camera:type': 'fixed', 'man_made': 'surveillance', 'operator': 'Apartment', 'surveillance': 'outdoor', 'surveillance:type': 'camera', 'surveillance:zone': 'building'}",5,0,1,1,0.44,Clarke Road,Bangalore
surveillance,13.0037435,77.6165215,"{'camera:direction': '320', 'camera:mount': 'wall', 'camera:type': 'fixed', 'man_made': 'surveillance', 'operator': 'Apartment', 'surveillance': 'outdoor', 'surveillance:type': 'camera', 'surveillance:zone': 'building'}",5,0,1,3,0.32,Clarke Road,Bangalore
surveillance,13.0037697,77.6164559,"{'camera:direction': '90', 'camera:mount': 'wall', 'camera:type': 'fixed', 'man_made': 'surveillance', 'operator': 'Apartment', 'surveillance': 'outdoor', 'surveillance:type': 'camera', 'surveillance:zone': 'building'}",5,0,1,4,0.26,Clarke Road,Bangalore
surveillance,13.003753,77.6164977,"{'camera:direction': '320', 'camera:mount': 'wall', 'camera:type': 'fixed', 'man_made': 'surveillance', 'operator': 'Apartment', 'surveillance': 'outdoor', 'surveillance:type': 'camera', 'surveillance:zone': 'building'}",5,0,1,3,0.32,Clarke Road,Bangalore
surveillance,13.0046949,77.6158257,"{'camera:direction': '30;120;170', 'camera:mount': 'pole', 'camera:type': 'fixed', 'description': '3 Cameras on 1 pole', 'man_made': 'surveillance', 'material': 'steel', 'surveillance': 'public', 'surveillance:type': 'camera', 'surveillance:zone': 'town'}",5,0,1,4,0.26,Hall Road,Bangalore
surveillance,13.0036057,77.6168059,"{'camera:direction': '80;200;320', 'camera:mount': 'pole', 'camera:type': 'fixed', 'description': '3 Cameras on 1 pole', 'man_made': 'surveillance', 'surveillance': 'public', 'surveillance:type': 'camera', 'surveillance:zone': 'town'}",5,0,1,3,0.32,,Bengaluru
surveillance,12.9873164,77.5192764,"{'camera:mount': 'pole', 'camera:type': 'dome', 'man_made': 'surveillance', 'surveillance': 'public', 'surveillance:type': 'camera', 'surveillance:zone': 'traffic'}",5,0,1,4,0.26,,Bengaluru
surveillance,12.9720761,77.5127292,"{'camera:mount': 'pole', 'camera:type': 'dome', 'man_made': 'surveillance', 'surveillance': 'public', 'surveillance:type': 'camera', 'surveillance:zone': 'traffic'}",5,0,1,4,0.26,Outer Ring Road,Bengaluru
surveillance,12.9518852,77.5157694,"{'camera:direction': '180', 'camera:mount': 'pole', 'camera:type': 'fixed', 'man_made': 'surveillance', 'surveillance': 'public', 'surveillance:type': 'camera', 'surveillance:zone': 'traffic'}",5,0,1,0,0.5,,Bengaluru
surveillance,12.9380479,77.50954,"{'camera:mount': 'pole', 'camera:type': 'dome', 'man_made': 'surveillance', 'surveillance': 'outdoor', 'surveillance:type': 'camera', 'surveillance:zone': 'traffic'}",5,0,1,0,0.5,University Road,Vice Chancellor's Lodge
surveillance,12.9990532,77.5418499,"{'camera:direction': '250', 'camera:mount': 'pole', 'camera:type': 'fixed', 'man_made': 'surveillance', 'surveillance': 'public', 'surveillance:type': 'camera', 'surveillance:zone': 'traffic'}",5,0,1,4,0.26,,Bengaluru
surveillance,12.9994485,77.5411458,"{'camera:mount': 'pole', 'camera:type': 'dome', 'man_made': 'surveillance', 'surveillance': 'public', 'surveillance:type': 'camera', 'surveillance:zone': 'traffic'}",5,0,1,1,0.44,Siddhaiah Puranik Road,Bengaluru
surveillance,12.9994597,77.5410702,"{'camera:direction': '160', 'camera:mount': 'pole', 'camera:type': 'fixed', 'man_made': 'surveillance', 'surveillance': 'public', 'surveillance:type': 'camera', 'surveillance:zone': 'traffic'}",5,0,1,2,0.38,Siddhaiah Puranik Road,Bengaluru
surveillance,12.9994708,77.541082,"{'camera:direction': '40', 'camera:mount': 'pole', 'camera:type': 'fixed', 'man_made': 'surveillance', 'surveillance': 'public', 'surveillance:type': 'camera', 'surveillance:zone': 'traffic'}",5,0,1,1,0.44,Siddhaiah Puranik Road,Bengaluru
surveillance,13.000849,77.5360003,"{'camera:direction': '200', 'camera:mount': 'pole', 'camera:type': 'fixed', 'man_made': 'surveillance', 'surveillance': 'public', 'surveillance:type': 'camera', 'surveillance:zone': 'traffic'}",5,0,1,1,0.44,Modi Hospital Main Road,Bengaluru
surveillance,13.0008637,77.5360161,"{'camera:direction': '50', 'camera:mount': 'pole', 'camera:type': 'fixed', 'man_made': 'surveillance', 'surveillance': 'public', 'surveillance:type': 'camera', 'surveillance:zone': 'traffic'}",5,0,1,4,0.26,Modi Hospital Main Road,Bengaluru
surveillance,13.0124181,77.5536945,"{'camera:direction': '90', 'camera:mount': 'wall', 'camera:type': 'fixed', 'man_made': 'surveillance', 'surveillance': 'outdoor', 'surveillance:type': 'camera', 'surveillance:zone': 'shop'}",5,0,1,3,0.32,Chord Road,Bengaluru
surveillance,13.0123992,77.5536852,"{'camera:direction': '150', 'camera:mount': 'wall', 'camera:type': 'fixed', 'man_made': 'surveillance', 'surveillance': 'outdoor', 'surveillance:type': 'camera', 'surveillance:zone': 'shop'}",5,0,1,0,0.5,Chord Road,Bengaluru
surveillance,12.9829461,77.6129067,{'man_made': 'surveillance'},5,0,1,1,0.44,St. John's Road,Bengaluru
surveillance,12.9829082,77.6128993,{'man_made': 'surveillance'},5,0,1,2,0.38,St. John's Road,Bengaluru
surveillance,12.9679313,77.6061901,"{'camera:mount': 'pole', 'camera:type': 'dome', 'man_made': 'surveillance', 'surveillance': 'public', 'surveillance:type': 'camera', 'surveillance:zone': 'traffic'}",5,0,1,3,0.32,"Bore Bank Road, Williams Town",Bangalore
surveillance,12.9728092,77.6032235,"{'camera:direction': '277', 'camera:mount': 'pole', 'camera:type': 'fixed', 'man_made': 'surveillance', 'surveillance': 'public', 'surveillance:type': 'camera', 'surveillance:zone': 'traffic'}",5,0,1,3,0.32,,Bengaluru
surveillance,12.9858986,77.5894947,"{'camera:mount': 'pole', 'camera:type': 'dome', 'man_made': 'surveillance', 'surveillance': 'public', 'surveillance:type': 'camera', 'surveillance:zone': 'traffic'}",5,0,1,4,0.26,,Bengaluru
surveillance,12.9847499,77.5885163,"{'camera:mount': 'pole', 'camera:type': 'dome', 'man_made': 'surveillance', 'surveillance': 'public', 'surveillance:type': 'camera', 'surveillance:zone': 'traffic'}",5,0,1,3,0.32,,Bengaluru
surveillance,12.9839067,77.5877526,"{'camera:direction': '0', 'camera:mount': 'traffic_signals', 'camera:type': 'panning', 'man_made': 'surveillance', 'surveillance': 'public', 'surveillance:type': 'camera', 'surveillance:zone': 'street'}",5,0,1,4,0.26,,Bengaluru
surveillance,12.9888284,77.5780973,"{'camera:direction': '210', 'camera:mount': 'ceiling', 'camera:type': 'fixed', 'man_made': 'surveillance', 'surveillance': 'public', 'surveillance:type': 'camera', 'surveillance:zone': 'shop'}",5,0,1,0,0.5,Railway Parallel Road,Bengaluru
surveillance,13.0159023,77.5637676,"{'camera:direction': '45', 'camera:mount': 'pole', 'camera:type': 'fixed', 'man_made': 'surveillance', 'surveillance': 'public', 'surveillance:type': 'camera', 'surveillance:zone': 'building'}",5,0,1,4,0.26,Madhuka Marg,Bengaluru
surveillance,12.9765495,77.5924002,"{'camera:mount': 'pole', 'camera:type': 'dome', 'man_made': 'surveillance', 'surveillance': 'public', 'surveillance:type': 'camera', 'surveillance:zone': 'area'}",5,0,1,2,0.38,Doctor B R Ambedkar Veedhi,Bengaluru
surveillance,12.9923155,77.5713971,"{'camera:direction': '180', 'camera:mount': 'pole', 'camera:type': 'fixed', 'man_made': 'surveillance', 'surveillance': 'public', 'surveillance:type': 'camera', 'surveillance:zone': 'traffic'}",5,0,1,4,0.26,Sampige Road,Bengaluru
surveillance,12.9728877,77.5900626,"{'camera:mount': 'pole', 'camera:type': 'dome', 'man_made': 'surveillance', 'surveillance': 'public', 'surveillance:type': 'camera', 'surveillance:zone': 'area'}",5,0,1,1,0.44,Cubbon Park Nature Trail,Bengaluru
surveillance,12.9682887,77.5888851,"{'camera:mount': 'pole', 'camera:type': 'dome', 'man_made': 'surveillance', 'surveillance': 'public', 'surveillance:type': 'camera', 'surveillance:zone': 'area'}",5,0,1,2,0.38,,Bengaluru
surveillance,12.9683933,77.588637,"{'camera:mount': 'pole', 'camera:type': 'dome', 'man_made': 'surveillance', 'surveillance': 'public', 'surveillance:type': 'camera', 'surveillance:zone': 'area'}",5,0,1,4,0.26,Cubbon Park Nature Trail,Bengaluru
surveillance,12.9710646,77.5889575,"{'camera:mount': 'pole', 'camera:type': 'dome', 'man_made': 'surveillance', 'surveillance': 'public', 'surveillance:type': 'camera', 'surveillance:zone': 'area'}",5,0,1,4,0.26,,Bengaluru
surveillance,12.9738404,77.5884533,"{'camera:mount': 'pole', 'camera:type': 'dome', 'man_made': 'surveillance', 'surveillance': 'public', 'surveillance:type': 'camera', 'surveillance:zone': 'area'}",5,0,1,1,0.44,,Bengaluru
surveillance,12.9736234,77.5887564,"{'camera:mount': 'pole', 'camera:type': 'dome', 'man_made': 'surveillance', 'surveillance': 'public', 'surveillance:type': 'camera', 'surveillance:zone': 'area'}",5,0,1,1,0.44,,Bengaluru
surveillance,12.9761875,77.5905776,"{'camera:mount': 'pole', 'camera:type': 'dome', 'man_made': 'surveillance', 'surveillance': 'public', 'surveillance:type': 'camera', 'surveillance:zone': 'area'}",5,0,1,1,0.44,Doctor B R Ambedkar Veedhi,Bengaluru
surveillance,12.9756778,77.5901672,"{'camera:mount': 'pole', 'camera:type': 'dome', 'man_made': 'surveillance', 'surveillance': 'public', 'surveillance:type': 'camera', 'surveillance:zone': 'area'}",5,0,1,4,0.26,,Bengaluru
surveillance,12.9754805,77.5916478,"{'camera:mount': 'pole', 'camera:type': 'dome', 'man_made': 'surveillance', 'surveillance': 'public', 'surveillance:type': 'camera', 'surveillance:zone': 'area'}",5,0,1,4,0.26,Doctor B R Ambedkar Veedhi,Bengaluru
surveillance,12.9763469,77.5932866,"{'camera:mount': 'pole', 'camera:type': 'dome', 'man_made': 'surveillance', 'surveillance': 'public', 'surveillance:type': 'camera', 'surveillance:zone': 'area'}",5,0,1,3,0.32,Doctor B R Ambedkar Veedhi,Bengaluru
surveillance,12.9822568,77.5376687,"{'camera:mount': 'pole', 'camera:type': 'dome', 'man_made': 'surveillance', 'surveillance': 'public', 'surveillance:type': 'camera', 'surveillance:zone': 'traffic'}",5,0,1,2,0.38,17th Cross Road,Bengaluru
surveillance,12.9822434,77.537667,"{'camera:direction': '180', 'camera:mount': 'pole', 'camera:type': 'fixed', 'man_made': 'surveillance', 'surveillance': 'public', 'surveillance:type': 'camera', 'surveillance:zone': 'traffic'}",5,0,1,4,0.26,17th Cross Road,Bengaluru
surveillance,12.9746846,77.5933658,"{'camera:direction': '150', 'camera:mount': 'pole', 'camera:type': 'fixed', 'man_made': 'surveillance', 'surveillance': 'public', 'surveillance:type': 'camera', 'surveillance:zone': 'traffic'}",5,0,1,2,0.38,Kasturba Road,Bengaluru
surveillance,12.9747068,77.5933711,"{'camera:direction': '10', 'camera:mount': 'pole', 'camera:type': 'fixed', 'man_made': 'surveillance', 'surveillance': 'public', 'surveillance:type': 'camera', 'surveillance:zone': 'traffic'}",5,0,1,4,0.26,Kasturba Road,Bengaluru
surveillance,12.9762842,77.5946036,"{'camera:mount': 'pole', 'camera:type': 'dome', 'man_made': 'surveillance', 'surveillance': 'public', 'surveillance:type': 'camera', 'surveillance:zone': 'area'}",5,0,1,1,0.44,Kasturba Road,Bengaluru
surveillance,12.9749966,77.5938692,"{'camera:direction': '45', 'camera:mount': 'pole', 'camera:type': 'fixed', 'man_made': 'surveillance', 'surveillance': 'public', 'surveillance:type': 'camera', 'surveillance:zone': 'traffic'}",5,0,1,2,0.38,Kasturba Road,Bengaluru
surveillance,12.974995,77.5938667,"{'camera:direction': '320', 'camera:mount': 'pole', 'camera:type': 'fixed', 'man_made': 'surveillance', 'surveillance': 'public', 'surveillance:type': 'camera', 'surveillance:zone': 'traffic'}",5,0,1,2,0.38,Kasturba Road,Bengaluru
surveillance,12.9751273,77.5921122,"{'camera:mount': 'pole', 'camera:type': 'dome', 'man_made': 'surveillance', 'surveillance': 'public', 'surveillance:type': 'camera', 'surveillance:zone': 'traffic'}",5,0,1,2,0.38,,Bengaluru
surveillance,13.0034875,77.5473444,"{'camera:direction': '75', 'camera:mount': 'pole', 'camera:type': 'fixed', 'man_made': 'surveillance', 'surveillance': 'public', 'surveillance:type': 'camera', 'surveillance:zone': 'traffic'}",5,0,1,1,0.44,12th Cross Road,Bengaluru
surveillance,13.0034804,77.5473297,"{'camera:direction': '255', 'camera:mount': 'pole', 'camera:type': 'fixed', 'man_made': 'surveillance', 'surveillance': 'public', 'surveillance:type': 'camera', 'surveillance:zone': 'traffic'}",5,0,1,1,0.44,12th Cross Road,Bengaluru
surveillance,13.030637,77.575525,"{'camera:direction': '270', 'camera:mount': 'pole', 'camera:type': 'fixed', 'man_made': 'surveillance', 'surveillance': 'public', 'surveillance:type': 'camera', 'surveillance:zone': 'traffic'}",5,0,1,2,0.38,2nd Cross Road,Bengaluru
surveillance,13.030637,77.5755371,"{'camera:direction': '180', 'camera:mount': 'pole', 'camera:type': 'fixed', 'man_made': 'surveillance', 'surveillance': 'public', 'surveillance:type': 'camera', 'surveillance:zone': 'traffic'}",5,0,1,2,0.38,2nd Cross Road,Bengaluru
surveillance,12.9735163,77.6109228,"{'camera:direction': '180', 'camera:mount': 'pole', 'camera:type': 'fixed', 'man_made': 'surveillance', 'surveillance': 'public', 'surveillance:type': 'camera', 'surveillance:zone': 'traffic'}",5,0,1,4,0.26,,Bengaluru
surveillance,12.9735267,77.6109222,"{'camera:direction': '0', 'camera:mount': 'pole', 'camera:type': 'fixed', 'man_made': 'surveillance', 'surveillance': 'public', 'surveillance:type': 'camera', 'surveillance:zone': 'traffic'}",5,0,1,2,0.38,,Bengaluru
surveillance,12.9828195,77.5970689,"{'camera:mount': 'pole', 'camera:type': 'dome', 'man_made': 'surveillance', 'surveillance': 'public', 'surveillance:type': 'camera', 'surveillance:zone': 'traffic'}",5,0,1,1,0.44,Queen's Road,Bangalore
surveillance,13.0030399,77.5485276,"{'camera:direction': '150', 'camera:mount': 'pole', 'camera:type': 'fixed', 'man_made': 'surveillance', 'surveillance': 'public', 'surveillance:type': 'camera', 'surveillance:zone': 'traffic'}",5,0,1,0,0.5,Rajajinagar 1st Block Flyover,Bengaluru
surveillance,13.0030474,77.5485303,"{'camera:direction': '80', 'camera:mount': 'pole', 'camera:type': 'fixed', 'man_made': 'surveillance', 'surveillance': 'public', 'surveillance:type': 'camera', 'surveillance:zone': 'traffic'}",5,0,1,1,0.44,Rajajinagar 1st Block Flyover,Bengaluru
surveillance,12.9705317,77.6387648,"{'camera:direction': '225', 'camera:mount': 'pole', 'camera:type': 'fixed', 'man_made': 'surveillance', 'surveillance': 'public', 'surveillance:type': 'camera', 'surveillance:zone': 'traffic'}",5,0,1,4,0.26,,Bengaluru
surveillance,12.9705356,77.6387642,"{'camera:direction': '315', 'camera:mount': 'pole', 'camera:type': 'fixed', 'man_made': 'surveillance', 'surveillance': 'public', 'surveillance:type': 'camera', 'surveillance:zone': 'traffic'}",5,0,1,2,0.38,,Bengaluru
surveillance,12.9705366,77.6387702,"{'camera:direction': '45', 'camera:mount': 'pole', 'camera:type': 'fixed', 'man_made': 'surveillance', 'surveillance': 'public', 'surveillance:type': 'camera', 'surveillance:zone': 'traffic'}",5,0,1,4,0.26,,Bengaluru
surveillance,13.0016408,77.5487586,"{'camera:direction': '170', 'camera:mount': 'pole', 'camera:type': 'fixed', 'man_made': 'surveillance', 'surveillance': 'public', 'surveillance:type': 'camera', 'surveillance:zone': 'traffic'}",5,0,1,0,0.5,1st Main Road,Bengaluru
surveillance,13.0016441,77.548769,"{'camera:direction': '100', 'camera:mount': 'pole', 'camera:type': 'fixed', 'man_made': 'surveillance', 'surveillance': 'public', 'surveillance:type': 'camera', 'surveillance:zone': 'traffic'}",5,0,1,0,0.5,1st Main Road,Bengaluru
surveillance,13.0016549,77.5487663,"{'camera:direction': '45', 'camera:mount': 'pole', 'camera:type': 'fixed', 'man_made': 'surveillance', 'surveillance': 'public', 'surveillance:type': 'camera', 'surveillance:zone': 'traffic'}",5,0,1,4,0.26,1st Main Road,Bengaluru
surveillance,12.949568,77.5896343,"{'camera:direction': '45', 'camera:mount': 'pole', 'camera:type': 'fixed', 'man_made': 'surveillance', 'surveillance': 'public', 'surveillance:type': 'camera', 'surveillance:zone': 'traffic'}",5,0,1,2,0.38,Kengal Hanumanthaiah Circle,Bengaluru
surveillance,12.9495693,77.5896281,"{'camera:mount': 'pole', 'camera:type': 'dome', 'man_made': 'surveillance', 'surveillance': 'public', 'surveillance:type': 'camera', 'surveillance:zone': 'traffic'}",5,0,1,2,0.38,Kengal Hanumanthaiah Circle,Bengaluru
surveillance,12.9599832,77.5935327,"{'camera:direction': '20', 'camera:mount': 'pole', 'camera:type': 'fixed', 'fixme': 'have to verify this camera location', 'man_made': 'surveillance', 'surveillance': 'public', 'surveillance:type': 'camera', 'surveillance:zone': 'traffic'}",5,0,1,0,0.5,Kengal Hanumanthaiah Road,Bengaluru
surveillance,13.0068909,77.5484825,"{'camera:direction': '290', 'camera:mount': 'pole', 'camera:type': 'fixed', 'man_made': 'surveillance', 'surveillance': 'public', 'surveillance:type': 'camera', 'surveillance:zone': 'traffic'}",5,0,1,3,0.32,WOC Service Road,Bengaluru
surveillance,13.0068908,77.5484849,"{'camera:direction': '140', 'camera:mount': 'pole', 'camera:type': 'fixed', 'man_made': 'surveillance', 'surveillance': 'public', 'surveillance:type': 'camera', 'surveillance:zone': 'traffic'}",5,0,1,0,0.5,WOC Service Road,Bengaluru
surveillance,13.0077028,77.5485775,"{'camera:direction': '210', 'camera:mount': 'pole', 'camera:type': 'fixed', 'man_made': 'surveillance', 'surveillance': 'public', 'surveillance:type': 'camera', 'surveillance:zone': 'traffic'}",5,0,1,3,0.32,,Bengaluru
surveillance,13.0077026,77.5485799,"{'camera:direction': '150', 'camera:mount': 'pole', 'camera:type': 'fixed', 'man_made': 'surveillance', 'surveillance': 'public', 'surveillance:type': 'camera', 'surveillance:zone': 'traffic'}",5,0,1,1,0.44,,Bengaluru
surveillance,13.0148939,77.5795806,"{'camera:direction': '240', 'camera:mount': 'wall', 'camera:type': 'fixed', 'man_made': 'surveillance', 'surveillance': 'public', 'surveillance:type': 'camera', 'surveillance:zone': 'traffic'}",5,0,1,1,0.44,"5th Cross, CV Raman Rd, Sadashiva Nagar",Bengaluru
surveillance,13.0385788,77.5890823,"{'access': 'private', 'camera:mount': 'pole', 'camera:type': 'dome', 'man_made': 'surveillance', 'surveillance': 'public', 'surveillance:type': 'camera', 'surveillance:zone': 'traffic'}",5,0,1,2,0.38,Bellary Road,Bengaluru
surveillance,12.9765715,77.590831,"{'camera:mount': 'pole', 'camera:type': 'dome', 'man_made': 'surveillance', 'surveillance': 'public', 'surveillance:type': 'camera', 'surveillance:zone': 'area'}",5,0,1,2,0.38,Doctor B R Ambedkar Veedhi,Bengaluru
surveillance,12.9977644,77.5503515,"{'camera:direction': '210', 'camera:mount': 'pole', 'camera:type': 'fixed', 'man_made': 'surveillance', 'surveillance': 'public', 'surveillance:type': 'camera', 'surveillance:zone': 'traffic'}",5,0,1,3,0.32,,Bengaluru
surveillance,12.9977742,77.5503585,"{'camera:direction': '130', 'camera:mount': 'pole', 'camera:type': 'fixed', 'man_made': 'surveillance', 'surveillance': 'public', 'surveillance:type': 'camera', 'surveillance:zone': 'traffic'}",5,0,1,1,0.44,,Bengaluru
surveillance,13.0004559,77.5504981,"{'camera:direction': '170', 'camera:mount': 'pole', 'camera:type': 'fixed', 'man_made': 'surveillance', 'surveillance': 'public', 'surveillance:type': 'camera', 'surveillance:zone': 'traffic'}",5,0,1,0,0.5,19th Main Road,Bengaluru
surveillance,13.0004577,77.5504941,"{'camera:direction': '260', 'camera:mount': 'pole', 'camera:type': 'fixed', 'man_made': 'surveillance', 'surveillance': 'public', 'surveillance:type': 'camera', 'surveillance:zone': 'traffic'}",5,0,1,0,0.5,19th Main Road,Bengaluru
surveillance,13.0016835,77.5502962,"{'camera:direction': '170', 'camera:mount': 'pole', 'camera:type': 'fixed', 'man_made': 'surveillance', 'surveillance': 'public', 'surveillance:type': 'camera', 'surveillance:zone': 'traffic'}",5,0,1,1,0.44,K B Venkatesh Road,Bengaluru
surveillance,13.0016923,77.5502945,"{'camera:direction': '80', 'camera:mount': 'pole', 'camera:type': 'fixed', 'man_made': 'surveillance', 'surveillance': 'public', 'surveillance:type': 'camera', 'surveillance:zone': 'traffic'}",5,0,1,2,0.38,K B Venkatesh Road,Bengaluru
surveillance,13.0017015,77.5502936,"{'camera:direction': '350', 'camera:mount': 'pole', 'camera:type': 'fixed', 'man_made': 'surveillance', 'surveillance': 'public', 'surveillance:type': 'camera', 'surveillance:zone': 'traffic'}",5,0,1,2,0.38,K B Venkatesh Road,Bengaluru
surveillance,12.9858956,77.5564449,"{'camera:direction': '180', 'camera:mount': 'pole', 'camera:type': 'fixed', 'man_made': 'surveillance', 'surveillance': 'public', 'surveillance:type': 'camera', 'surveillance:zone': 'traffic'}",5,0,1,3,0.32,55th Cross Road,Bengaluru
surveillance,12.9858974,77.5564488,"{'camera:direction': '90', 'camera:mount': 'pole', 'camera:type': 'fixed', 'man_made': 'surveillance', 'surveillance': 'public', 'surveillance:type': 'camera', 'surveillance:zone': 'traffic'}",5,0,1,0,0.5,55th Cross Road,Bengaluru
surveillance,12.9858979,77.5564458,"{'camera:direction': '0', 'camera:mount': 'pole', 'camera:type': 'fixed', 'man_made': 'surveillance', 'surveillance': 'public', 'surveillance:type': 'camera', 'surveillance:zone': 'traffic'}",5,0,1,1,0.44,55th Cross Road,Bengaluru
surveillance,12.9670551,77.6140769,"{'camera:direction': '225', 'camera:mount': 'pole', 'camera:type': 'fixed', 'man_made': 'surveillance', 'surveillance': 'public', 'surveillance:type': 'camera', 'surveillance:zone': 'traffic'}",5,0,1,1,0.44,Victoria Road,Bengaluru
surveillance,12.9670586,77.6140851,"{'camera:direction': '135', 'camera:mount': 'pole', 'camera:type': 'fixed', 'man_made': 'surveillance', 'surveillance': 'public', 'surveillance:type': 'camera', 'surveillance:zone': 'traffic'}",5,0,1,1,0.44,Victoria Road,Bengaluru
surveillance,12.9670616,77.614078,"{'camera:direction': '45', 'camera:mount': 'pole', 'camera:type': 'fixed', 'man_made': 'surveillance', 'surveillance': 'public', 'surveillance:type': 'camera', 'surveillance:zone': 'traffic'}",5,0,1,1,0.44,Victoria Road,Bengaluru
surveillance,12.9256305,77.6199608,{'man_made': 'surveillance'},5,0,1,4,0.26,,Mahayogi Vemana Road
surveillance,12.9343248,77.6234838,{'man_made': 'surveillance'},5,0,1,1,0.44,Mahayogi Vemana Road,Tanishq
surveillance,12.9256242,77.6200082,{'man_made': 'surveillance'},5,0,1,3,0.32,,Mahayogi Vemana Road
surveillance,12.9963416,77.6170288,{'man_made': 'surveillance'},5,0,1,2,0.38,Buddha Vihar Road,Bengaluru
surveillance,13.0275518,77.5875247,{'man_made': 'surveillance'},5,0,1,1,0.44,"12th Cross, Ganganagar",Bengaluru
surveillance,13.0275074,77.5877212,{'man_made': 'surveillance'},5,0,1,3,0.32,"12th Cross, Ganganagar",Bengaluru
surveillance,13.0276902,77.5875521,{'man_made': 'surveillance'},5,0,1,4,0.26,"12th Cross, Ganganagar",Bengaluru
surveillance,13.0276614,77.5877477,{'man_made': 'surveillance'},5,0,1,3,0.32,"12th Cross, Ganganagar",Bengaluru
surveillance,13.0275463,77.5875364,{'man_made': 'surveillance'},5,0,1,2,0.38,"12th Cross, Ganganagar",Bengaluru
surveillance,13.0034799,77.6213312,"{'camera:mount': 'wall', 'camera:type': 'fixed', 'man_made': 'surveillance', 'surveillance': 'outdoor', 'surveillance:type': 'camera', 'surveillance:zone': 'entrance', 'survey:date': '2022-05-08'}",5,0,1,4,0.26,Davis Road,Bangalore
surveillance,13.0249678,77.5929585,"{'camera:mount': 'pole', 'camera:type': 'dome', 'man_made': 'surveillance', 'surveillance': 'public', 'surveillance:type': 'camera', 'surveillance:zone': 'town', 'survey:date': '2022-05-10'}",5,0,1,2,0.38,,Bengaluru
surveillance,13.0249728,77.5929255,"{'camera:mount': 'pole', 'camera:type': 'dome', 'man_made': 'surveillance', 'surveillance': 'public', 'surveillance:type': 'camera', 'surveillance:zone': 'town', 'survey:date': '2022-05-10'}",5,0,1,0,0.5,,Bengaluru
surveillance,13.016964,77.589622,"{'camera:type': 'dome', 'man_made': 'surveillance', 'surveillance': 'public', 'surveillance:type': 'camera', 'surveillance:zone': 'town', 'survey:date': '2022-05-10'}",5,0,1,3,0.32,,Bengaluru
surveillance,13.0002249,77.5841173,{'man_made': 'surveillance'},5,0,1,1,0.44,Sankey Road,Bengaluru
surveillance,12.9923426,77.5827689,"{'camera:type': 'panning', 'man_made': 'surveillance', 'surveillance': 'outdoor', 'surveillance:type': 'camera', 'surveillance:zone': 'building', 'survey:date': '2022-05-10'}",5,0,1,1,0.44,Kumara Krupa Road,Bangalore
surveillance,12.9923181,77.5829004,"{'camera:type': 'panning', 'man_made': 'surveillance', 'surveillance': 'outdoor', 'surveillance:type': 'camera', 'surveillance:zone': 'building', 'survey:date': '2022-05-10'}",5,0,1,2,0.38,Kumara Krupa Road,Bengaluru
surveillance,12.9924174,77.5827099,"{'camera:mount': 'pole', 'camera:type': 'fixed', 'man_made': 'surveillance', 'surveillance': 'outdoor', 'surveillance:type': 'camera', 'surveillance:zone': 'building', 'survey:date': '2022-05-10'}",5,0,1,1,0.44,Kumara Krupa Road,Bangalore
surveillance,12.9928633,77.5836205,"{'camera:mount': 'wall', 'camera:type': 'dome', 'man_made': 'surveillance', 'surveillance': 'public', 'surveillance:type': 'camera', 'surveillance:zone': 'town', 'survey:date': '2022-05-10'}",5,0,1,4,0.26,Kumara Krupa Road,Bengaluru
surveillance,13.0352535,77.590211,{'man_made': 'surveillance'},5,0,1,2,0.38,Bellary Road,Bangalore
surveillance,13.0335448,77.5883828,"{'man_made': 'surveillance', 'surveillance:type': 'camera', 'survey:date': '2022-05-13'}",5,0,1,1,0.44,Anandnagar Main Road,Bengaluru
surveillance,12.9658478,77.6094192,"{'camera:mount': 'wall', 'camera:type': 'fixed', 'man_made': 'surveillance', 'surveillance': 'outdoor', 'surveillance:type': 'camera', 'survey:date': '2022-05-14'}",5,0,1,1,0.44,,Bengaluru
surveillance,13.0350192,77.5906766,"{'camera:mount': 'pole', 'camera:type': 'fixed', 'man_made': 'surveillance', 'surveillance': 'outdoor', 'surveillance:type': 'camera', 'survey:date': '2022-05-13'}",5,0,1,3,0.32,Bellary Road,Bangalore
surveillance,12.9737616,77.6139426,"{'camera:mount': 'pole', 'camera:type': 'dome', 'man_made': 'surveillance', 'surveillance': 'public', 'surveillance:type': 'camera', 'survey:date': '2022-05-17'}",5,0,1,3,0.32,Mahatma Gandhi Road,Bengaluru
surveillance,12.9733626,77.6200295,"{'camera:mount': 'wall', 'camera:type': 'dome', 'man_made': 'surveillance', 'surveillance': 'public', 'surveillance:type': 'camera', 'survey:date': '2022-05-17'}",5,0,1,1,0.44,Bhaskaran Road,Bengaluru
surveillance,13.0290931,77.5864523,"{'camera:mount': 'pole', 'camera:type': 'panning', 'man_made': 'surveillance', 'surveillance': 'public', 'surveillance:type': 'camera', 'survey:date': '2022-05-18'}",5,0,1,1,0.44,,Bengaluru
surveillance,13.0291027,77.5864282,"{'camera:mount': 'pole', 'camera:type': 'panning', 'man_made': 'surveillance', 'surveillance': 'public', 'surveillance:type': 'camera', 'survey:date': '2022-05-18'}",5,0,1,0,0.5,,Bengaluru
surveillance,13.0290986,77.5864384,"{'camera:mount': 'ceiling', 'camera:type': 'panning', 'man_made': 'surveillance', 'surveillance': 'public', 'surveillance:type': 'camera', 'survey:date': '2022-05-18'}",5,0,1,0,0.5,,Bengaluru
surveillance,12.9991734,77.600161,"{'camera:mount': 'pole', 'camera:type': 'dome', 'man_made': 'surveillance', 'surveillance': 'public', 'surveillance:type': 'camera', 'survey:date': '2022-05-18'}",5,0,1,3,0.32,,Bengaluru
surveillance,12.9978312,77.6050344,"{'camera:direction': '135', 'camera:mount': 'pole', 'camera:type': 'panning', 'man_made': 'surveillance', 'surveillance': 'public', 'surveillance:type': 'camera', 'survey:date': '2022-05-18'}",5,0,1,2,0.38,Benson Road,Bengaluru
surveillance,12.9978312,77.6050344,"{'camera:direction': '225', 'camera:mount': 'pole', 'camera:type': 'panning', 'man_made': 'surveillance', 'surveillance': 'public', 'surveillance:type': 'camera', 'survey:date': '2022-05-18'}",5,0,1,3,0.32,Benson Road,Bengaluru
surveillance,12.9995835,77.6067154,"{'camera:direction': '180', 'camera:mount': 'pole', 'camera:type': 'panning', 'man_made': 'surveillance', 'surveillance': 'public', 'surveillance:type': 'camera', 'surveillance:zone': 'town', 'survey:date': '2022-05-18'}",5,0,1,4,0.26,Netaji Raste,Bengaluru
surveillance,12.9978312,77.6050344,"{'camera:direction': '90', 'camera:mount': 'pole', 'camera:type': 'panning', 'man_made': 'surveillance', 'surveillance': 'public', 'surveillance:type': 'camera', 'survey:date': '2022-05-18'}",5,0,1,3,0.32,Benson Road,Bengaluru
surveillance,12.9995835,77.6067154,"{'camera:direction': '0', 'camera:mount': 'pole', 'camera:type': 'panning', 'man_made': 'surveillance', 'surveillance': 'public', 'surveillance:type': 'camera', 'survey:date': '2022-05-18'}",5,0,1,2,0.38,Netaji Raste,Bengaluru
surveillance,12.9995835,77.6067154,"{'camera:direction': '90', 'camera:mount': 'pole', 'camera:type': 'panning', 'man_made': 'surveillance', 'surveillance': 'public', 'surveillance:type': 'camera', 'surveillance:zone': 'town', 'survey:date': '2022-05-18'}",5,0,1,1,0.44,Netaji Raste,Bengaluru
surveillance,13.0223803,77.6410652,"{'camera:direction': '180', 'camera:mount': 'pole', 'camera:type': 'panning', 'man_made': 'surveillance', 'surveillance': 'public', 'surveillance:type': 'camera', 'surveillance:zone': 'town', 'survey:date': '2022-05-28'}",5,0,1,4,0.26,"First Floor, CMR Road, HRBR Layout,2nd Block, Kalyan Nagar",Bangalore
surveillance,13.0223803,77.6410652,"{'camera:direction': '270', 'camera:mount': 'pole', 'camera:type': 'panning', 'man_made': 'surveillance', 'surveillance': 'public', 'surveillance:type': 'camera', 'surveillance:zone': 'town', 'survey:date': '2022-05-28'}",5,0,1,1,0.44,"First Floor, CMR Road, HRBR Layout,2nd Block, Kalyan Nagar",Bangalore
surveillance,13.022381,77.6410668,"{'camera:mount': 'pole', 'camera:type': 'panning', 'man_made': 'surveillance', 'surveillance': 'public', 'surveillance:type': 'camera', 'surveillance:zone': 'town', 'survey:date': '2022-05-28'}",5,0,1,2,0.38,"First Floor, CMR Road, HRBR Layout,2nd Block, Kalyan Nagar",Bangalore
surveillance,13.0223803,77.6410652,"{'camera:direction': '90', 'camera:mount': 'pole', 'camera:type': 'panning', 'man_made': 'surveillance', 'surveillance': 'public', 'surveillance:type': 'camera', 'surveillance:zone': 'town', 'survey:date': '2022-05-28'}",5,0,1,3,0.32,"First Floor, CMR Road, HRBR Layout,2nd Block, Kalyan Nagar",Bangalore
surveillance,13.0238096,77.6411736,"{'camera:direction': '90', 'camera:mount': 'pole', 'camera:type': 'panning', 'man_made': 'surveillance', 'surveillance': 'public', 'surveillance:type': 'camera', 'surveillance:zone': 'town', 'survey:date': '2022-05-28'}",5,0,1,0,0.5,Service Road,
surveillance,13.0238096,77.6411736,"{'camera:direction': '270', 'camera:mount': 'pole', 'camera:type': 'panning', 'man_made': 'surveillance', 'surveillance': 'public', 'surveillance:type': 'camera', 'surveillance:zone': 'town', 'survey:date': '2022-05-28'}",5,0,1,1,0.44,Service Road,
surveillance,13.0238096,77.6411736,"{'camera:direction': '180', 'camera:mount': 'pole', 'camera:type': 'panning', 'man_made': 'surveillance', 'surveillance': 'public', 'surveillance:type': 'camera', 'surveillance:zone': 'town', 'survey:date': '2022-05-28'}",5,0,1,1,0.44,Service Road,
surveillance,13.022192,77.6417748,"{'camera:direction': '45', 'camera:mount': 'pole', 'camera:type': 'panning', 'man_made': 'surveillance', 'surveillance': 'public', 'surveillance:type': 'camera', 'surveillance:zone': 'town', 'survey:date': '2022-05-28'}",5,0,1,4,0.26,CMR Road,Bengaluru
surveillance,13.022192,77.6417748,"{'camera:direction': '120', 'camera:mount': 'pole', 'camera:type': 'panning', 'man_made': 'surveillance', 'surveillance': 'public', 'surveillance:type': 'camera', 'surveillance:zone': 'town', 'survey:date': '2022-05-28'}",5,0,1,3,0.32,CMR Road,Bengaluru
surveillance,13.022192,77.6417748,"{'camera:direction': '310', 'camera:mount': 'pole', 'camera:type': 'panning', 'man_made': 'surveillance', 'surveillance': 'public', 'surveillance:type': 'camera', 'surveillance:zone': 'town', 'survey:date': '2022-05-28'}",5,0,1,0,0.5,CMR Road,Bengaluru
surveillance,13.0092866,77.6432669,"{'camera:mount': 'pole', 'camera:type': 'dome', 'man_made': 'surveillance', 'surveillance': 'public', 'surveillance:type': 'camera', 'surveillance:zone': 'town', 'survey:date': '2022-05-28'}",5,0,1,3,0.32,7th Main Road,Punjab National Bank
surveillance,13.0114884,77.6429317,"{'camera:mount': 'pole', 'camera:type': 'dome', 'man_made': 'surveillance', 'surveillance': 'public', 'surveillance:type': 'camera', 'surveillance:zone': 'town', 'survey:date': '2022-05-28'}",5,0,1,0,0.5,,7th Main Road
surveillance,13.0022351,77.6334824,"{'camera:mount': 'pole', 'camera:type': 'dome', 'man_made': 'surveillance', 'surveillance': 'public', 'surveillance:type': 'camera', 'surveillance:zone': 'town', 'survey:date': '2022-05-28'}",5,0,1,0,0.5,,Bengaluru
surveillance,13.0175044,77.6431885,"{'camera:mount': 'pole', 'camera:type': 'dome', 'man_made': 'surveillance', 'surveillance': 'public', 'surveillance:type': 'camera', 'surveillance:zone': 'town', 'survey:date': '2022-05-28'}",5,0,1,1,0.44,"Vasundara Complex, 80 Feet Road,Hrbr Layout, Kalyan Nagar, Opposite HDFC ATM And Specialist Hospital",Bangalore
surveillance,13.0124531,77.5539452,"{'camera:direction': '135', 'camera:mount': 'pole', 'camera:type': 'fixed', 'man_made': 'surveillance', 'surveillance': 'public', 'surveillance:type': 'camera', 'surveillance:zone': 'traffic', 'survey:date': '2022-05-29'}",5,0,1,4,0.26,Dr. Rajkumar Road,Bengaluru
surveillance,13.012455,77.5539389,"{'camera:direction': '315', 'camera:mount': 'pole', 'camera:type': 'fixed', 'man_made': 'surveillance', 'surveillance': 'public', 'surveillance:type': 'camera', 'surveillance:zone': 'traffic', 'survey:date': '2022-05-29'}",5,0,1,2,0.38,Dr. Rajkumar Road,Bengaluru
surveillance,13.0124584,77.5539437,"{'camera:direction': '45', 'camera:mount': 'pole', 'camera:type': 'fixed', 'man_made': 'surveillance', 'surveillance': 'public', 'surveillance:type': 'camera', 'surveillance:zone': 'traffic', 'survey:date': '2022-05-29'}",5,0,1,0,0.5,Dr. Rajkumar Road,Bengaluru
surveillance,13.0116213,77.5514679,"{'camera:direction': '225', 'camera:mount': 'pole', 'camera:type': 'fixed', 'man_made': 'surveillance', 'surveillance': 'public', 'surveillance:type': 'camera', 'surveillance:zone': 'traffic', 'survey:date': '2022-05-29'}",5,0,1,1,0.44,Dhobi Ghat Road,Bengaluru
surveillance,13.0116247,77.5514727,"{'camera:direction': '45', 'camera:mount': 'pole', 'camera:type': 'fixed', 'man_made': 'surveillance', 'surveillance': 'public', 'surveillance:type': 'camera', 'surveillance:zone': 'traffic', 'survey:date': '2022-05-29'}",5,0,1,4,0.26,Dhobi Ghat Road,Bengaluru
surveillance,13.0111526,77.5506281,"{'camera:direction': '45', 'camera:mount': 'pole', 'camera:type': 'fixed', 'man_made': 'surveillance', 'surveillance': 'public', 'surveillance:type': 'camera', 'surveillance:zone': 'traffic', 'survey:date': '2022-05-29'}",5,0,1,1,0.44,Chord Road,Bengaluru
surveillance,13.0038375,77.5483763,"{'camera:direction': '260', 'camera:mount': 'pole', 'camera:type': 'fixed', 'man_made': 'surveillance', 'surveillance': 'public', 'surveillance:type': 'camera', 'surveillance:zone': 'street', 'survey:date': '2022-05-29'}",5,0,1,0,0.5,1st Main Road,Bengaluru
surveillance,13.0038373,77.5483899,"{'camera:direction': '80', 'camera:mount': 'pole', 'camera:type': 'fixed', 'man_made': 'surveillance', 'surveillance': 'public', 'surveillance:type': 'camera', 'surveillance:zone': 'street', 'survey:date': '2022-05-29'}",5,0,1,4,0.26,1st Main Road,Bengaluru
surveillance,13.0013411,77.5479315,"{'camera:direction': '260', 'camera:mount': 'pole', 'camera:type': 'fixed', 'man_made': 'surveillance', 'surveillance': 'public', 'surveillance:type': 'camera', 'surveillance:zone': 'street', 'survey:date': '2022-05-29'}",5,0,1,2,0.38,,Bengaluru
surveillance,13.0013444,77.5479446,"{'camera:direction': '80', 'camera:mount': 'pole', 'camera:type': 'fixed', 'man_made': 'surveillance', 'surveillance': 'public', 'surveillance:type': 'camera', 'surveillance:zone': 'street', 'survey:date': '2022-05-29'}",5,0,1,4,0.26,,Bengaluru
surveillance,13.0435188,77.6001055,"{'camera:direction': '180', 'camera:mount': 'pole', 'camera:type': 'fixed', 'man_made': 'surveillance', 'surveillance': 'public', 'surveillance:type': 'camera', 'surveillance:zone': 'traffic', 'survey:date': '2022-05-29'}",5,0,1,2,0.38,Service Road,Bengaluru
surveillance,13.0435299,77.6000834,"{'camera:direction': '270', 'camera:mount': 'pole', 'camera:type': 'fixed', 'man_made': 'surveillance', 'surveillance': 'public', 'surveillance:type': 'camera', 'surveillance:zone': 'traffic', 'survey:date': '2022-05-29'}",5,0,1,0,0.5,Service Road,Bengaluru
surveillance,13.0378112,77.5895168,"{'camera:mount': 'pole', 'camera:type': 'dome', 'man_made': 'surveillance', 'surveillance': 'public', 'surveillance:type': 'camera', 'surveillance:zone': 'traffic', 'survey:date': '2022-05-29'}",5,0,1,1,0.44,Hebbal Flyover,Bengaluru
surveillance,13.0286784,77.586329,"{'camera:mount': 'pole', 'camera:type': 'dome', 'man_made': 'surveillance', 'surveillance': 'public', 'surveillance:type': 'camera', 'surveillance:zone': 'traffic', 'survey:date': '2022-05-29'}",5,0,1,2,0.38,,Bengaluru
surveillance,13.0255975,77.5854371,"{'camera:mount': 'pole', 'camera:type': 'dome', 'man_made': 'surveillance', 'surveillance': 'public', 'surveillance:type': 'camera', 'surveillance:zone': 'traffic', 'survey:date': '2022-05-29'}",5,0,1,0,0.5,Ganga Nagar Flyover,Bengaluru
surveillance,13.0225857,77.5846095,"{'camera:mount': 'pole', 'camera:type': 'dome', 'man_made': 'surveillance', 'surveillance': 'public', 'surveillance:type': 'camera', 'surveillance:zone': 'traffic', 'survey:date': '2022-05-29'}",5,0,1,1,0.44,Bellary Road,Bengaluru
surveillance,13.0221572,77.5845574,"{'camera:mount': 'pole', 'camera:type': 'dome', 'man_made': 'surveillance', 'surveillance': 'public', 'surveillance:type': 'camera', 'surveillance:zone': 'traffic', 'survey:date': '2022-05-29'}",5,0,1,3,0.32,5th Cross Road,Bengaluru
surveillance,13.0276988,77.6325066,"{'camera:mount': 'pole', 'camera:type': 'dome', 'man_made': 'surveillance', 'surveillance': 'public', 'surveillance:type': 'camera', 'surveillance:zone': 'area', 'survey:date': '2022-05-29'}",5,0,1,2,0.38,,Bengaluru
surveillance,13.0314784,77.6302059,"{'camera:mount': 'pole', 'camera:type': 'dome', 'man_made': 'surveillance', 'surveillance': 'public', 'surveillance:type': 'camera', 'surveillance:zone': 'area', 'survey:date': '2022-05-29'}",5,0,1,4,0.26,3rd Main Road,Bengaluru
surveillance,12.993391,77.5716249,"{'camera:direction': '90', 'camera:mount': 'ceiling', 'camera:type': 'fixed', 'man_made': 'surveillance', 'surveillance': 'outdoor', 'surveillance:type': 'camera', 'surveillance:zone': 'shop'}",5,0,1,4,0.26,South End Road,Bengaluru
surveillance,12.993391,77.5716182,"{'camera:direction': '0', 'camera:mount': 'ceiling', 'camera:type': 'fixed', 'man_made': 'surveillance', 'surveillance': 'outdoor', 'surveillance:type': 'camera', 'surveillance:zone': 'shop'}",5,0,1,1,0.44,South End Road,Bengaluru
surveillance,12.9933832,77.5716181,"{'camera:direction': '180', 'camera:mount': 'ceiling', 'camera:type': 'fixed', 'man_made': 'surveillance', 'surveillance': 'outdoor', 'surveillance:type': 'camera', 'surveillance:zone': 'shop'}",5,0,1,2,0.38,South End Road,Bengaluru
surveillance,13.0052614,77.5504538,"{'camera:direction': '120', 'camera:mount': 'pole', 'camera:type': 'fixed', 'man_made': 'surveillance', 'surveillance': 'public', 'surveillance:type': 'camera', 'surveillance:zone': 'traffic', 'survey:date': '2022-06-05'}",5,0,1,4,0.26,,Bengaluru
surveillance,13.0052712,77.5504444,"{'camera:direction': '30', 'camera:mount': 'pole', 'camera:type': 'fixed', 'man_made': 'surveillance', 'surveillance': 'public', 'surveillance:type': 'camera', 'surveillance:zone': 'traffic', 'survey:date': '2022-06-05'}",5,0,1,1,0.44,,Bengaluru
surveillance,13.0052594,77.5504383,"{'camera:direction': '250', 'camera:mount': 'pole', 'camera:type': 'fixed', 'man_made': 'surveillance', 'surveillance': 'public', 'surveillance:type': 'camera', 'surveillance:zone': 'traffic', 'survey:date': '2022-06-05'}",5,0,1,3,0.32,,Bengaluru
surveillance,12.9794729,77.6140228,"{'camera:direction': '20', 'camera:mount': 'pole', 'camera:type': 'fixed', 'man_made': 'surveillance', 'surveillance': 'public', 'surveillance:type': 'camera', 'surveillance:zone': 'traffic'}",5,0,1,2,0.38,Dickenson Road,Bengaluru
surveillance,12.9828589,77.6115438,"{'camera:mount': 'pole', 'camera:type': 'dome', 'man_made': 'surveillance', 'surveillance': 'public', 'surveillance:type': 'camera', 'surveillance:zone': 'traffic', 'survey:date': '2022-06-05'}",5,0,1,0,0.5,,Bengaluru
surveillance,12.9812136,77.6013809,"{'camera:direction': '315', 'camera:mount': 'pole', 'camera:type': 'fixed', 'man_made': 'surveillance', 'surveillance': 'public', 'surveillance:type': 'camera', 'surveillance:zone': 'traffic', 'survey:date': '2022-06-05'}",5,0,1,2,0.38,Union street,Bengaluru
surveillance,12.9831516,77.610729,"{'camera:mount': 'pole', 'camera:type': 'dome', 'man_made': 'surveillance', 'surveillance': 'public', 'surveillance:type': 'camera', 'surveillance:zone': 'traffic', 'survey:date': '2022-06-05'}",5,0,1,1,0.44,,Bengaluru
surveillance,12.9832516,77.6101457,"{'camera:mount': 'pole', 'camera:type': 'dome', 'man_made': 'surveillance', 'surveillance': 'public', 'surveillance:type': 'camera', 'surveillance:zone': 'traffic', 'survey:date': '2022-06-05'}",5,0,1,2,0.38,Veerapillai Street,Bengaluru
surveillance,12.9839563,77.6081216,"{'camera:mount': 'pole', 'camera:type': 'dome', 'man_made': 'surveillance', 'surveillance': 'public', 'surveillance:type': 'camera', 'surveillance:zone': 'traffic', 'survey:date': '2022-06-05'}",5,0,1,3,0.32,Jewellers Street,Bengaluru
surveillance,12.9856725,77.605378,"{'camera:mount': 'pole', 'camera:type': 'dome', 'man_made': 'surveillance', 'surveillance': 'public', 'surveillance:type': 'camera', 'surveillance:zone': 'traffic', 'survey:date': '2022-06-05'}",5,0,1,1,0.44,,Bengaluru
surveillance,12.9854373,77.6054639,"{'camera:mount': 'pole', 'camera:type': 'dome', 'man_made': 'surveillance', 'surveillance': 'public', 'surveillance:type': 'camera', 'surveillance:zone': 'traffic', 'survey:date': '2022-06-05'}",5,0,1,3,0.32,,Bengaluru
surveillance,12.9826975,77.6018764,"{'camera:direction': '290', 'camera:mount': 'pole', 'camera:type': 'fixed', 'man_made': 'surveillance', 'surveillance': 'public', 'surveillance:type': 'camera', 'surveillance:zone': 'traffic', 'survey:date': '2022-06-05'}",5,0,1,4,0.26,,Bengaluru
surveillance,12.98264,77.6020373,"{'camera:direction': '290', 'camera:mount': 'pole', 'camera:type': 'fixed', 'man_made': 'surveillance', 'surveillance': 'public', 'surveillance:type': 'camera', 'surveillance:zone': 'traffic', 'survey:date': '2022-06-05'}",5,0,1,3,0.32,Bowring Hospital Road,Bengaluru
surveillance,12.9826008,77.6021849,"{'camera:direction': '290', 'camera:mount': 'pole', 'camera:type': 'fixed', 'man_made': 'surveillance', 'surveillance': 'public', 'surveillance:type': 'camera', 'surveillance:zone': 'traffic', 'survey:date': '2022-06-05'}",5,0,1,3,0.32,Bowring Hospital Road,Bengaluru
surveillance,13.0085973,77.5691314,"{'camera:mount': 'pole', 'camera:type': 'dome', 'man_made': 'surveillance', 'surveillance': 'public', 'surveillance:type': 'camera', 'surveillance:zone': 'town', 'survey:date': '2022-06-11'}",5,0,1,3,0.32,,Bengaluru
surveillance,12.9731467,77.6468775,"{'camera:mount': 'pole', 'camera:type': 'dome', 'man_made': 'surveillance', 'surveillance': 'public', 'surveillance:type': 'camera', 'surveillance:zone': 'traffic', 'survey:date': '2022-06-11'}",5,0,1,4,0.26,,Thippasandra Main Road
surveillance,12.971684,77.6432709,"{'camera:direction': '0', 'camera:mount': 'wall', 'camera:type': 'fixed', 'man_made': 'surveillance', 'surveillance': 'public', 'surveillance:type': 'camera', 'surveillance:zone': 'traffic', 'survey:date': '2022-06-11'}",5,0,1,2,0.38,4th Cross Road,
surveillance,12.9725701,77.6432381,"{'camera:direction': '340', 'camera:mount': 'pole', 'camera:type': 'fixed', 'man_made': 'surveillance', 'surveillance': 'public', 'surveillance:type': 'camera', 'surveillance:zone': 'traffic', 'survey:date': '2022-06-11'}",5,0,1,4,0.26,8th Main Road,
surveillance,13.0048994,77.5537963,"{'camera:direction': '196', 'camera:mount': 'pole', 'camera:type': 'fixed', 'man_made': 'surveillance', 'surveillance': 'public', 'surveillance:type': 'camera', 'surveillance:zone': 'street'}",5,0,1,1,0.44,Dr. Rajkumar Road,Bengaluru
surveillance,13.0049061,77.5538074,"{'camera:direction': '15', 'camera:mount': 'pole', 'camera:type': 'fixed', 'man_made': 'surveillance', 'surveillance': 'public', 'surveillance:type': 'camera', 'surveillance:zone': 'street'}",5,0,1,4,0.26,Dr. Rajkumar Road,Bengaluru
surveillance,13.0023649,77.5532003,"{'camera:direction': '170', 'camera:mount': 'pole', 'camera:type': 'fixed', 'man_made': 'surveillance', 'surveillance': 'public', 'surveillance:type': 'camera', 'surveillance:zone': 'traffic', 'survey:date': '2022-08-21'}",5,0,1,3,0.32,,Bengaluru
surveillance,13.0023728,77.5532037,"{'camera:direction': '10', 'camera:mount': 'pole', 'camera:type': 'fixed', 'man_made': 'surveillance', 'surveillance': 'public', 'surveillance:type': 'camera', 'surveillance:zone': 'traffic', 'survey:date': '2022-08-21'}",5,0,1,0,0.5,,Bengaluru
surveillance,13.0001781,77.5527005,"{'camera:direction': '190', 'camera:mount': 'pole', 'camera:type': 'fixed', 'man_made': 'surveillance', 'surveillance': 'public', 'surveillance:type': 'camera', 'surveillance:zone': 'traffic', 'survey:date': '2022-06-11'}",5,0,1,2,0.38,Dr. Rajkumar Road,Bengaluru
surveillance,13.0001954,77.5527065,"{'camera:direction': '10', 'camera:mount': 'pole', 'camera:type': 'fixed', 'man_made': 'surveillance', 'surveillance': 'public', 'surveillance:type': 'camera', 'surveillance:zone': 'traffic', 'survey:date': '2022-06-11'}",5,0,1,0,0.5,Dr. Rajkumar Road,Bengaluru
surveillance,12.9984818,77.5528698,"{'camera:direction': '340', 'camera:mount': 'pole', 'camera:type': 'fixed', 'man_made': 'surveillance', 'surveillance': 'public', 'surveillance:type': 'camera', 'surveillance:zone': 'traffic', 'survey:date': '2022-06-11'}",5,0,1,2,0.38,Dr. Rajkumar Road,Bengaluru
surveillance,12.9984749,77.5528731,"{'camera:direction': '160', 'camera:mount': 'pole', 'camera:type': 'fixed', 'man_made': 'surveillance', 'surveillance': 'public', 'surveillance:type': 'camera', 'surveillance:zone': 'traffic', 'survey:date': '2022-06-11'}",5,0,1,4,0.26,Dr. Rajkumar Road,Bengaluru
surveillance,12.9981064,77.5530005,"{'camera:mount': 'pole', 'camera:type': 'dome', 'man_made': 'surveillance', 'surveillance': 'public', 'surveillance:type': 'camera', 'surveillance:zone': 'traffic', 'survey:date': '2022-06-12'}",5,0,1,4,0.26,,Bengaluru
surveillance,12.9979666,77.5524735,"{'camera:mount': 'pole', 'camera:type': 'dome', 'man_made': 'surveillance', 'surveillance': 'public', 'surveillance:type': 'camera', 'surveillance:zone': 'traffic', 'survey:date': '2022-06-12'}",5,0,1,1,0.44,Mahakavi Kuvempu Road,Bengaluru
surveillance,12.9979451,77.5524741,"{'camera:direction': '180', 'camera:mount': 'pole', 'camera:type': 'fixed', 'man_made': 'surveillance', 'surveillance': 'public', 'surveillance:type': 'camera', 'surveillance:zone': 'traffic', 'survey:date': '2022-06-12'}",5,0,1,2,0.38,Mahakavi Kuvempu Road,Bengaluru
surveillance,12.9993128,77.5490282,"{'camera:direction': '250', 'camera:mount': 'wall', 'camera:type': 'fixed', 'man_made': 'surveillance', 'surveillance': 'outdoor', 'surveillance:type': 'camera', 'surveillance:zone': 'building', 'survey:date': '2022-06-12'}",5,0,1,3,0.32,10th Cross Road,Bengaluru
surveillance,12.9992756,77.5500466,"{'camera:direction': '160', 'camera:mount': 'pole', 'camera:type': 'fixed', 'fixme': 'Exact location to be verified, approximately it is near the bus platform and metro station edge', 'man_made': 'surveillance', 'surveillance': 'public', 'surveillance:type': 'camera', 'surveillance:zone': 'traffic', 'survey:date': '2022-06-12'}",5,0,1,1,0.44,Star Circle Underpass,Bengaluru
surveillance,12.9992959,77.5500409,"{'camera:direction': '340', 'camera:mount': 'pole', 'camera:type': 'fixed', 'fixme': 'Exact location to be verified, approximately it is near the bus platform and metro station edge', 'man_made': 'surveillance', 'surveillance': 'public', 'surveillance:type': 'camera', 'surveillance:zone': 'traffic', 'survey:date': '2022-06-12'}",5,0,1,4,0.26,Star Circle Underpass,Bengaluru
surveillance,12.9275749,77.6210695,"{'camera:direction': '270', 'camera:mount': 'pole', 'camera:type': 'panning', 'man_made': 'surveillance', 'surveillance': 'public', 'surveillance:type': 'camera', 'survey:date': '2022-06-17'}",5,0,1,3,0.32,,Mahayogi Vemana Road
surveillance,12.9275765,77.6210612,"{'camera:direction': '90', 'camera:mount': 'pole', 'camera:type': 'panning', 'man_made': 'surveillance', 'surveillance': 'public', 'surveillance:type': 'camera', 'surveillance:zone': 'town', 'survey:date': '2022-06-17'}",5,0,1,3,0.32,,Mahayogi Vemana Road
surveillance,12.9838175,77.6060868,"{'camera:mount': 'wall', 'camera:type': 'dome', 'man_made': 'surveillance', 'surveillance': 'public', 'surveillance:type': 'camera', 'surveillance:zone': 'traffic'}",5,0,1,2,0.38,Meenakshi Kovil Street,Bengaluru
surveillance,12.9837462,77.6066179,"{'camera:mount': 'wall', 'camera:type': 'dome', 'man_made': 'surveillance', 'surveillance': 'public', 'surveillance:type': 'camera', 'surveillance:zone': 'traffic'}",5,0,1,0,0.5,Jumma Masjid Road,Bengaluru
surveillance,12.9829517,77.6063161,"{'camera:mount': 'wall', 'camera:type': 'dome', 'man_made': 'surveillance', 'surveillance': 'public', 'surveillance:type': 'camera', 'surveillance:zone': 'traffic'}",5,0,1,3,0.32,,Bengaluru
surveillance,12.9826903,77.6070397,"{'camera:mount': 'wall', 'camera:type': 'dome', 'man_made': 'surveillance', 'surveillance': 'public', 'surveillance:type': 'camera', 'surveillance:zone': 'traffic'}",5,0,1,3,0.32,Commercial Street,Bangalore
surveillance,13.0043954,77.5529267,"{'camera:direction': '260', 'camera:mount': 'pole', 'camera:type': 'fixed', 'man_made': 'surveillance', 'surveillance': 'public', 'surveillance:type': 'camera', 'surveillance:zone': 'street', 'survey:date': '2022-06-19'}",5,0,1,2,0.38,Vidhya Vardhaka Sangha Road,bangalore
surveillance,13.0044043,77.5529315,"{'camera:direction': '180', 'camera:mount': 'pole', 'camera:type': 'fixed', 'man_made': 'surveillance', 'surveillance': 'public', 'surveillance:type': 'camera', 'surveillance:zone': 'street', 'survey:date': '2022-06-19'}",5,0,1,1,0.44,Vidhya Vardhaka Sangha Road,bangalore
surveillance,13.004395,77.5529362,"{'camera:direction': '90', 'camera:mount': 'pole', 'camera:type': 'fixed', 'man_made': 'surveillance', 'surveillance': 'public', 'surveillance:type': 'camera', 'surveillance:zone': 'street', 'survey:date': '2022-06-19'}",5,0,1,0,0.5,Vidhya Vardhaka Sangha Road,bangalore
surveillance,13.0042754,77.5519631,"{'camera:direction': '0', 'camera:mount': 'pole', 'camera:type': 'fixed', 'man_made': 'surveillance', 'surveillance': 'public', 'surveillance:type': 'camera', 'surveillance:zone': 'street', 'survey:date': '2022-06-19'}",5,0,1,2,0.38,Vidhya Vardhaka Sangha Road,Bengaluru
surveillance,13.0042714,77.551969,"{'camera:direction': '240', 'camera:mount': 'pole', 'camera:type': 'fixed', 'man_made': 'surveillance', 'surveillance': 'public', 'surveillance:type': 'camera', 'surveillance:zone': 'street', 'survey:date': '2022-06-19'}",5,0,1,2,0.38,Vidhya Vardhaka Sangha Road,Bengaluru
surveillance,13.0041952,77.5511664,"{'camera:direction': '260', 'camera:mount': 'pole', 'camera:type': 'fixed', 'man_made': 'surveillance', 'surveillance': 'public', 'surveillance:type': 'camera', 'surveillance:zone': 'street', 'survey:date': '2022-06-19'}",5,0,1,1,0.44,Vidhya Vardhaka Sangha Road,Bengaluru
surveillance,13.0042041,77.5511713,"{'camera:direction': '180', 'camera:mount': 'pole', 'camera:type': 'fixed', 'man_made': 'surveillance', 'surveillance': 'public', 'surveillance:type': 'camera', 'surveillance:zone': 'street', 'survey:date': '2022-06-19'}",5,0,1,2,0.38,Vidhya Vardhaka Sangha Road,Bengaluru
surveillance,13.0041948,77.551176,"{'camera:direction': '90', 'camera:mount': 'pole', 'camera:type': 'fixed', 'man_made': 'surveillance', 'surveillance': 'public', 'surveillance:type': 'camera', 'surveillance:zone': 'street', 'survey:date': '2022-06-19'}",5,0,1,3,0.32,Vidhya Vardhaka Sangha Road,Bengaluru
surveillance,12.9998788,77.549631,"{'camera:direction': '350', 'camera:mount': 'pole', 'camera:type': 'fixed', 'man_made': 'surveillance', 'surveillance': 'public', 'surveillance:type': 'camera', 'surveillance:zone': 'street', 'survey:date': '2022-06-19'}",5,0,1,1,0.44,,Bengaluru
surveillance,12.9998695,77.5496319,"{'camera:direction': '160', 'camera:mount': 'pole', 'camera:type': 'fixed', 'man_made': 'surveillance', 'surveillance': 'public', 'surveillance:type': 'camera', 'surveillance:zone': 'street', 'survey:date': '2022-06-19'}",5,0,1,3,0.32,,Bengaluru
surveillance,12.999873,77.5496221,"{'camera:direction': '250', 'camera:mount': 'pole', 'camera:type': 'fixed', 'man_made': 'surveillance', 'surveillance': 'public', 'surveillance:type': 'camera', 'surveillance:zone': 'street', 'survey:date': '2022-06-19'}",5,0,1,1,0.44,,Bengaluru
surveillance,12.9199823,77.5760624,"{'camera:direction': '0', 'camera:mount': 'pole', 'camera:type': 'panning', 'man_made': 'surveillance', 'surveillance': 'public', 'surveillance:type': 'camera', 'survey:date': '2022-06-22'}",5,0,1,4,0.26,"40th cross, 1st Main Rd, 8th Block, Jayanagar",Bengaluru
surveillance,12.9199653,77.5760584,"{'camera:direction': '270', 'camera:mount': 'pole', 'camera:type': 'panning', 'man_made': 'surveillance', 'surveillance': 'public', 'surveillance:type': 'camera', 'survey:date': '2022-06-22'}",5,0,1,1,0.44,"40th cross, 1st Main Rd, 8th Block, Jayanagar",Bengaluru
surveillance,12.9199653,77.5760584,"{'camera:direction': '90', 'camera:mount': 'pole', 'camera:type': 'panning', 'man_made': 'surveillance', 'surveillance': 'public', 'surveillance:type': 'camera', 'surveillance:zone': 'town', 'survey:date': '2022-06-22'}",5,0,1,2,0.38,"40th cross, 1st Main Rd, 8th Block, Jayanagar",Bengaluru
surveillance,12.9207396,77.5743224,"{'camera:mount': 'pole', 'camera:type': 'dome', 'man_made': 'surveillance', 'surveillance': 'public', 'surveillance:type': 'camera', 'surveillance:zone': 'town', 'survey:date': '2022-06-22'}",5,0,1,4,0.26,,27th Cross Road
surveillance,12.9207396,77.5743224,"{'camera:direction': '0', 'camera:mount': 'pole', 'camera:type': 'panning', 'man_made': 'surveillance', 'surveillance': 'public', 'surveillance:type': 'camera', 'surveillance:zone': 'town', 'survey:date': '2022-06-22'}",5,0,1,3,0.32,,27th Cross Road
surveillance,12.9207396,77.5743224,"{'camera:direction': '270', 'camera:mount': 'pole', 'camera:type': 'panning', 'man_made': 'surveillance', 'surveillance': 'public', 'surveillance:type': 'camera', 'surveillance:zone': 'town', 'survey:date': '2022-06-22'}",5,0,1,3,0.32,,27th Cross Road
surveillance,12.927267,77.5770133,"{'camera:mount': 'pole', 'camera:type': 'dome', 'man_made': 'surveillance', 'surveillance': 'public', 'surveillance:type': 'camera', 'surveillance:zone': 'town', 'survey:date': '2022-06-22'}",5,0,1,1,0.44,4th Cross Road,Avarekalu Circle
surveillance,12.92074,77.5743292,"{'camera:direction': '180', 'camera:mount': 'pole', 'camera:type': 'panning', 'man_made': 'surveillance', 'surveillance': 'public', 'surveillance:type': 'camera', 'surveillance:zone': 'town', 'survey:date': '2022-06-22'}",5,0,1,1,0.44,,27th Cross Road
surveillance,12.9308391,77.5760839,"{'camera:mount': 'pole', 'camera:type': 'dome', 'man_made': 'surveillance', 'surveillance': 'public', 'surveillance:type': 'camera', 'surveillance:zone': 'town', 'survey:date': '2022-06-22'}",5,0,1,2,0.38,Kanakapura Road,Newspaper Stand
surveillance,12.9309644,77.576208,"{'camera:mount': 'pole', 'camera:type': 'dome', 'man_made': 'surveillance', 'surveillance': 'public', 'surveillance:type': 'camera', 'surveillance:zone': 'town', 'survey:date': '2022-06-22'}",5,0,1,4,0.26,27th Cross Road,Yediyuru Circle
surveillance,12.9330538,77.5755323,"{'camera:mount': 'pole', 'camera:type': 'dome', 'man_made': 'surveillance', 'surveillance': 'public', 'surveillance:type': 'camera', 'surveillance:zone': 'town', 'survey:date': '2022-06-22'}",5,0,1,1,0.44,Kanakapura Road,Bengaluru
surveillance,12.9405384,77.5770732,"{'camera:direction': '0', 'camera:mount': 'pole', 'camera:type': 'panning', 'man_made': 'surveillance', 'surveillance': 'public', 'surveillance:type': 'camera', 'surveillance:zone': 'town', 'survey:date': '2022-06-22'}",5,0,1,1,0.44,,Bengaluru
surveillance,12.9405384,77.5770732,"{'camera:direction': '270', 'camera:mount': 'pole', 'camera:type': 'panning', 'man_made': 'surveillance', 'surveillance': 'public', 'surveillance:type': 'camera', 'surveillance:zone': 'town', 'survey:date': '2022-06-22'}",5,0,1,1,0.44,,Bengaluru
surveillance,12.9406014,77.5793126,"{'camera:mount': 'pole', 'camera:type': 'dome', 'man_made': 'surveillance', 'surveillance': 'public', 'surveillance:type': 'camera', 'surveillance:zone': 'town', 'survey:date': '2022-06-22'}",5,0,1,4,0.26,Masjid Road,Bengaluru
surveillance,12.9405466,77.5799428,"{'camera:direction': '150', 'camera:mount': 'pole', 'camera:type': 'panning', 'man_made': 'surveillance', 'surveillance': 'public', 'surveillance:type': 'camera', 'surveillance:zone': 'town', 'survey:date': '2022-06-22'}",5,0,1,1,0.44,Rashtriya Vidyalaya Road,Bengaluru
surveillance,12.9436844,77.5799668,"{'camera:direction': '90', 'camera:mount': 'pole', 'camera:type': 'panning', 'man_made': 'surveillance', 'surveillance': 'public', 'surveillance:type': 'camera', 'surveillance:zone': 'town', 'survey:date': '2022-06-22'}",5,0,1,0,0.5,,Bengaluru
surveillance,12.9436977,77.5801373,"{'camera:mount': 'pole', 'camera:type': 'dome', 'man_made': 'surveillance', 'surveillance': 'public', 'surveillance:type': 'camera', 'surveillance:zone': 'town', 'survey:date': '2022-06-22'}",5,0,1,4,0.26,,Bengaluru
surveillance,12.9436336,77.5814628,"{'camera:mount': 'pole', 'camera:type': 'dome', 'man_made': 'surveillance', 'surveillance': 'public', 'surveillance:type': 'camera', 'surveillance:zone': 'town', 'survey:date': '2022-06-22'}",5,0,1,2,0.38,,Bengaluru
surveillance,12.9435523,77.5827638,"{'camera:direction': '180', 'camera:mount': 'pole', 'camera:type': 'panning', 'man_made': 'surveillance', 'surveillance': 'public', 'surveillance:type': 'camera', 'surveillance:zone': 'town', 'survey:date': '2022-06-22'}",5,0,1,4,0.26,,Bengaluru
surveillance,12.9435523,77.5827638,"{'camera:direction': '0', 'camera:mount': 'pole', 'camera:type': 'panning', 'man_made': 'surveillance', 'surveillance': 'public', 'surveillance:type': 'camera', 'surveillance:zone': 'town', 'survey:date': '2022-06-22'}",5,0,1,3,0.32,,Bengaluru
surveillance,12.9461288,77.5879585,"{'camera:mount': 'pole', 'camera:type': 'dome', 'man_made': 'surveillance', 'surveillance': 'public', 'surveillance:type': 'camera', 'surveillance:zone': 'town', 'survey:date': '2022-06-22'}",5,0,1,1,0.44,Siddapura Main Road,Bengaluru
surveillance,12.9552545,77.5918935,"{'camera:direction': '0', 'camera:mount': 'pole', 'camera:type': 'panning', 'man_made': 'surveillance', 'surveillance': 'public', 'surveillance:type': 'camera', 'survey:date': '2022-06-22'}",5,0,1,1,0.44,KH Road (Double Road),Bengaluru
surveillance,12.9600483,77.5935968,"{'camera:direction': '270', 'camera:mount': 'pole', 'camera:type': 'panning', 'man_made': 'surveillance', 'surveillance': 'public', 'surveillance:type': 'camera', 'surveillance:zone': 'town', 'survey:date': '2022-06-22'}",5,0,1,1,0.44,Kengal Hanumanthaiah Road,Bengaluru
surveillance,12.9719464,77.6069888,"{'camera:direction': '0', 'camera:mount': 'pole', 'camera:type': 'panning', 'man_made': 'surveillance', 'surveillance': 'public', 'surveillance:type': 'camera', 'surveillance:zone': 'town', 'survey:date': '2022-06-22'}",5,0,1,1,0.44,Brigade Road,Bengaluru
surveillance,12.9719516,77.607035,"{'camera:direction': '270', 'camera:mount': 'pole', 'camera:type': 'panning', 'man_made': 'surveillance', 'surveillance': 'public', 'surveillance:type': 'camera', 'surveillance:zone': 'town', 'survey:date': '2022-06-22'}",5,0,1,3,0.32,Brigade Road,Bengaluru
surveillance,12.9118138,77.6497237,"{'camera:mount': 'wall', 'camera:type': 'dome', 'man_made': 'surveillance', 'surveillance': 'outdoor', 'surveillance:type': 'camera', 'surveillance:zone': 'building', 'survey:date': '2022-06-26'}",5,0,1,4,0.26,17th Cross Road,
surveillance,12.906568,77.629479,"{'camera:mount': 'pole', 'camera:type': 'dome', 'man_made': 'surveillance', 'surveillance': 'public', 'surveillance:type': 'camera', 'surveillance:zone': 'traffic', 'survey:date': '2022-06-26'}",5,0,1,0,0.5,,GKHPS Bommanahalli
surveillance,12.9198808,77.5757076,"{'camera:direction': '0', 'camera:mount': 'wall', 'camera:type': 'panning', 'man_made': 'surveillance', 'surveillance': 'outdoor', 'surveillance:type': 'camera', 'survey:date': '2022-07-01'}",5,0,1,4,0.26,"40th cross, 1st Main Rd, 8th Block, Jayanagar",Bengaluru
surveillance,12.9217866,77.5760904,"{'camera:direction': '0', 'camera:mount': 'pole', 'camera:type': 'panning', 'man_made': 'surveillance', 'surveillance': 'public', 'surveillance:type': 'camera', 'surveillance:zone': 'town', 'survey:date': '2022-07-01'}",5,0,1,0,0.5,,1st Main Road
surveillance,12.9217907,77.5760827,"{'camera:direction': '270', 'camera:mount': 'pole', 'camera:type': 'panning', 'man_made': 'surveillance', 'surveillance': 'public', 'surveillance:type': 'camera', 'surveillance:zone': 'town', 'survey:date': '2022-07-01'}",5,0,1,4,0.26,,1st Main Road
surveillance,12.9217907,77.5760827,"{'camera:direction': '180', 'camera:mount': 'pole', 'camera:type': 'panning', 'man_made': 'surveillance', 'surveillance': 'public', 'surveillance:type': 'camera', 'surveillance:zone': 'town', 'survey:date': '2022-07-01'}",5,0,1,4,0.26,,1st Main Road
surveillance,12.9876707,77.618715,"{'camera:mount': 'wall', 'camera:type': 'panning', 'man_made': 'surveillance', 'surveillance': 'outdoor', 'surveillance:type': 'camera', 'surveillance:zone': 'town', 'survey:date': '2022-07-02'}",5,0,1,1,0.44,,Bengaluru
surveillance,12.9876345,77.6187845,"{'camera:mount': 'wall', 'camera:type': 'panning', 'man_made': 'surveillance', 'surveillance': 'outdoor', 'surveillance:type': 'camera', 'surveillance:zone': 'town', 'survey:date': '2022-07-02'}",5,0,1,0,0.5,,Bengaluru
surveillance,12.978171,77.5842762,"{'camera:mount': 'pole', 'camera:type': 'dome', 'man_made': 'surveillance', 'surveillance': 'public', 'surveillance:type': 'camera', 'survey:date': '2022-07-06'}",5,0,1,3,0.32,,Bengaluru
surveillance,12.9759536,77.5874152,"{'camera:mount': 'pole', 'camera:type': 'dome', 'man_made': 'surveillance', 'surveillance': 'public', 'surveillance:type': 'camera', 'survey:date': '2022-07-06'}",5,0,1,1,0.44,,Bengaluru
surveillance,12.9657684,77.5925435,"{'camera:direction': '180', 'camera:mount': 'pole', 'camera:type': 'fixed', 'man_made': 'surveillance', 'surveillance': 'public', 'surveillance:type': 'camera', 'surveillance:zone': 'traffic', 'survey:date': '2022-07-05'}",5,0,1,0,0.5,Chidananda Maharashi Ashram Road,Bangalore
surveillance,12.9821003,77.5666107,"{'camera:direction': '280', 'camera:mount': 'wall', 'camera:type': 'fixed', 'man_made': 'surveillance', 'surveillance': 'outdoor', 'surveillance:type': 'camera', 'surveillance:zone': 'shop', 'survey:date': '2022-07-05'}",5,0,1,2,0.38,5th Cross Road,Bengaluru
surveillance,12.9685723,77.6142722,"{'camera:mount': 'pole', 'camera:type': 'dome', 'man_made': 'surveillance', 'surveillance': 'public', 'surveillance:type': 'camera', 'survey:date': '2022-07-05'}",5,0,1,3,0.32,Richmond Road,Bengaluru
surveillance,12.9874778,77.5559798,"{'camera:direction': '180', 'camera:mount': 'pole', 'camera:type': 'fixed', 'man_made': 'surveillance', 'surveillance': 'public', 'surveillance:type': 'camera', 'surveillance:zone': 'traffic', 'survey:date': '2022-07-05'}",5,0,1,3,0.32,10th Main Road,Bengaluru
surveillance,12.9874929,77.5559818,"{'camera:mount': 'pole', 'camera:type': 'dome', 'man_made': 'surveillance', 'surveillance': 'public', 'surveillance:type': 'camera', 'survey:date': '2022-07-05'}",5,0,1,3,0.32,10th Main Road,Bengaluru
surveillance,12.9901835,77.5508273,"{'camera:direction': '260', 'camera:mount': 'pole', 'camera:type': 'fixed', 'man_made': 'surveillance', 'surveillance': 'public', 'surveillance:type': 'camera', 'survey:date': '2022-07-05'}",5,0,1,1,0.44,Chord Road,Bengaluru
surveillance,12.9901848,77.5508407,"{'camera:mount': 'pole', 'camera:type': 'dome', 'man_made': 'surveillance', 'surveillance': 'public', 'surveillance:type': 'camera', 'survey:date': '2022-07-05'}",5,0,1,1,0.44,Chord Road,Bengaluru
surveillance,12.9961359,77.5508581,"{'camera:mount': 'pole', 'camera:type': 'dome', 'man_made': 'surveillance', 'surveillance': 'public', 'surveillance:type': 'camera', 'survey:date': '2022-07-05'}",5,0,1,0,0.5,25th Cross Road,Bengaluru
surveillance,12.9394523,77.6226073,"{'man_made': 'surveillance', 'surveillance:type': 'camera', 'survey:date': '2022-07-10'}",5,0,1,4,0.26,6th Cross Road,The boutique
surveillance,13.0181207,77.5627091,"{'camera:direction': '45', 'camera:mount': 'pole', 'camera:type': 'fixed', 'man_made': 'surveillance', 'surveillance': 'public', 'surveillance:type': 'camera', 'surveillance:zone': 'traffic'}",5,0,1,2,0.38,Arjuna Marg,Bengaluru
surveillance,13.016619,77.5662895,"{'camera:direction': '270', 'camera:mount': 'pole', 'camera:type': 'fixed', 'man_made': 'surveillance', 'surveillance': 'public', 'surveillance:type': 'camera', 'surveillance:zone': 'traffic'}",5,0,1,4,0.26,,Bengaluru
surveillance,13.0166177,77.5663003,"{'camera:direction': '90', 'camera:mount': 'pole', 'camera:type': 'fixed', 'man_made': 'surveillance', 'surveillance': 'public', 'surveillance:type': 'camera', 'surveillance:zone': 'traffic'}",5,0,1,0,0.5,,Bengaluru
surveillance,12.9594985,77.5871448,"{'camera:mount': 'pole', 'camera:type': 'dome', 'man_made': 'surveillance', 'surveillance': 'public', 'surveillance:type': 'camera', 'surveillance:zone': 'town', 'survey:date': '2022-07-13'}",5,0,1,2,0.38,,Bengaluru
surveillance,12.9819079,77.594574,"{'camera:mount': 'pole', 'camera:type': 'dome', 'man_made': 'surveillance', 'surveillance': 'public', 'surveillance:type': 'camera', 'surveillance:zone': 'town', 'survey:date': '2022-07-13'}",5,0,1,2,0.38,Raj Bhavan Road,Bengaluru
surveillance,12.9819079,77.594574,"{'camera:direction': '270', 'camera:mount': 'pole', 'camera:type': 'panning', 'man_made': 'surveillance', 'surveillance': 'public', 'surveillance:type': 'camera', 'surveillance:zone': 'town', 'survey:date': '2022-07-13'}",5,0,1,2,0.38,Raj Bhavan Road,Bengaluru
surveillance,12.9668452,77.6369939,"{'camera:mount': 'pole', 'camera:type': 'dome', 'man_made': 'surveillance', 'surveillance': 'public', 'surveillance:type': 'camera', 'surveillance:zone': 'area', 'survey:date': '2022-07-17'}",5,0,1,2,0.38,3rd Cross Road,Bengaluru
surveillance,12.9168243,77.6030874,"{'camera:mount': 'pole', 'camera:type': 'dome', 'man_made': 'surveillance', 'surveillance': 'public', 'surveillance:type': 'camera', 'surveillance:zone': 'town', 'survey:date': '2022-07-20'}",5,0,1,3,0.32,Outer Ring Road,MICO Layout
surveillance,12.9167772,77.5950086,"{'camera:direction': '10', 'camera:mount': 'pole', 'camera:type': 'fixed', 'man_made': 'surveillance', 'surveillance': 'public', 'surveillance:type': 'camera', 'surveillance:zone': 'town', 'survey:date': '2022-07-20'}",5,0,1,4,0.26,,8th Main Road
surveillance,12.9167537,77.5950167,"{'camera:direction': '180', 'camera:mount': 'pole', 'camera:type': 'fixed', 'man_made': 'surveillance', 'surveillance': 'public', 'surveillance:type': 'camera', 'surveillance:zone': 'town', 'survey:date': '2022-07-20'}",5,0,1,4,0.26,,8th Main Road
surveillance,12.9167713,77.5950146,"{'camera:mount': 'pole', 'camera:type': 'dome', 'man_made': 'surveillance', 'surveillance': 'public', 'surveillance:type': 'camera', 'surveillance:zone': 'town', 'survey:date': '2022-07-20'}",5,0,1,0,0.5,,8th Main Road
surveillance,12.920602,77.5895946,"{'camera:mount': 'pole', 'camera:type': 'dome', 'man_made': 'surveillance', 'surveillance': 'public', 'surveillance:type': 'camera', 'surveillance:zone': 'town', 'survey:date': '2022-07-20'}",5,0,1,0,0.5,18th Main Road,Just Coffee
surveillance,12.9216424,77.5859367,"{'camera:mount': 'pole', 'camera:type': 'dome', 'man_made': 'surveillance', 'surveillance': 'public', 'surveillance:type': 'camera', 'surveillance:zone': 'town', 'survey:date': '2022-07-20'}",5,0,1,0,0.5,37C Cross,Cycle World
surveillance,13.0160814,77.6292835,"{'camera:direction': '0', 'camera:mount': 'pole', 'camera:type': 'fixed', 'man_made': 'surveillance', 'surveillance': 'public', 'surveillance:type': 'camera', 'surveillance:zone': 'town', 'survey:date': '2022-07-22'}",5,0,1,0,0.5,,Bengaluru
surveillance,12.945515,77.5861466,"{'camera:direction': '315', 'camera:mount': 'pole', 'camera:type': 'fixed', 'man_made': 'surveillance', 'surveillance': 'public', 'surveillance:type': 'camera', 'surveillance:zone': 'traffic', 'survey:date': '2022-07-23'}",5,0,1,1,0.44,Siddapura Road,Bengaluru
surveillance,12.9435819,77.5827563,"{'camera:direction': '270', 'camera:mount': 'pole', 'camera:type': 'fixed', 'man_made': 'surveillance', 'surveillance': 'public', 'surveillance:type': 'camera', 'surveillance:zone': 'town', 'survey:date': '2022-07-23'}",5,0,1,1,0.44,,Bengaluru
surveillance,12.9432055,77.5972778,"{'camera:mount': 'pole', 'camera:type': 'dome', 'man_made': 'surveillance', 'surveillance': 'public', 'surveillance:type': 'camera', 'surveillance:zone': 'town', 'survey:date': '2022-07-23'}",5,0,1,1,0.44,Dr. M H Marigowda Road,Bengaluru
surveillance,12.9429558,77.597316,"{'camera:mount': 'pole', 'camera:type': 'dome', 'man_made': 'surveillance', 'surveillance': 'public', 'surveillance:type': 'camera', 'surveillance:zone': 'town', 'survey:date': '2022-07-23'}",5,0,1,4,0.26,Dr. M H Marigowda Road,Bengaluru
surveillance,12.9895132,77.5556876,"{'camera:mount': 'pole', 'camera:type': 'dome', 'man_made': 'surveillance', 'surveillance': 'public', 'surveillance:type': 'camera', 'surveillance:zone': 'traffic', 'survey:date': '2022-07-23'}",5,0,1,1,0.44,44th Cross Road,Bengaluru
surveillance,12.9900855,77.5524627,"{'camera:mount': 'pole', 'camera:type': 'dome', 'man_made': 'surveillance', 'surveillance': 'public', 'surveillance:type': 'camera', 'surveillance:zone': 'traffic', 'survey:date': '2022-07-23'}",5,0,1,0,0.5,41st Cross Road,Bengaluru
surveillance,12.9888421,77.574076,"{'camera:mount': 'pole', 'camera:type': 'dome', 'man_made': 'surveillance', 'surveillance': 'public', 'surveillance:type': 'camera', 'surveillance:zone': 'traffic', 'survey:date': '2022-07-23'}",5,0,1,1,0.44,,Bengaluru
surveillance,12.9882051,77.5769962,"{'camera:mount': 'pole', 'camera:type': 'dome', 'man_made': 'surveillance', 'surveillance': 'public', 'surveillance:type': 'camera', 'surveillance:zone': 'traffic', 'survey:date': '2022-07-23'}",5,0,1,4,0.26,,Bengaluru
surveillance,12.9844624,77.5822413,"{'camera:mount': 'pole', 'camera:type': 'dome', 'man_made': 'surveillance', 'surveillance': 'public', 'surveillance:type': 'camera', 'surveillance:zone': 'traffic', 'survey:date': '2022-07-23'}",5,0,1,0,0.5,,Bengaluru
surveillance,12.9683345,77.594794,"{'camera:mount': 'pole', 'camera:type': 'dome', 'man_made': 'surveillance', 'surveillance': 'public', 'surveillance:type': 'camera', 'surveillance:zone': 'traffic', 'survey:date': '2022-07-23'}",5,0,1,3,0.32,Vittal Mallya Road,Bengaluru
surveillance,13.0285451,77.5401729,"{'camera:mount': 'pole', 'camera:type': 'dome', 'man_made': 'surveillance', 'surveillance': 'public', 'surveillance:type': 'camera', 'surveillance:zone': 'area', 'survey:date': '2022-07-23'}",5,0,1,3,0.32,,Bengaluru
surveillance,13.0263043,77.5440399,"{'camera:mount': 'pole', 'camera:type': 'dome', 'man_made': 'surveillance', 'surveillance': 'public', 'surveillance:type': 'camera', 'surveillance:zone': 'area', 'survey:date': '2022-07-23'}",5,0,1,2,0.38,,Bengaluru
surveillance,13.0077747,77.5484371,"{'camera:direction': '10', 'camera:mount': 'pole', 'camera:type': 'fixed', 'man_made': 'surveillance', 'surveillance': 'public', 'surveillance:type': 'camera', 'surveillance:zone': 'traffic', 'survey:date': '2022-07-23'}",5,0,1,3,0.32,1st Main Road,Bengaluru
surveillance,13.0077737,77.5484411,"{'camera:direction': '120', 'camera:mount': 'pole', 'camera:type': 'fixed', 'man_made': 'surveillance', 'surveillance': 'public', 'surveillance:type': 'camera', 'surveillance:zone': 'traffic', 'survey:date': '2022-07-23'}",5,0,1,1,0.44,1st Main Road,Bengaluru
surveillance,13.0077542,77.5484352,"{'camera:direction': '300', 'camera:mount': 'pole', 'camera:type': 'fixed', 'man_made': 'surveillance', 'surveillance': 'public', 'surveillance:type': 'camera', 'surveillance:zone': 'traffic', 'survey:date': '2022-07-23'}",5,0,1,4,0.26,,Bengaluru
surveillance,13.007754,77.5484376,"{'camera:direction': '120', 'camera:mount': 'pole', 'camera:type': 'fixed', 'man_made': 'surveillance', 'surveillance': 'public', 'surveillance:type': 'camera', 'surveillance:zone': 'traffic', 'survey:date': '2022-07-23'}",5,0,1,3,0.32,,Bengaluru
surveillance,13.0437872,77.6007539,"{'camera:mount': 'pole', 'camera:type': 'dome', 'man_made': 'surveillance', 'surveillance': 'public', 'surveillance:type': 'camera', 'surveillance:zone': 'area', 'survey:date': '2022-07-23'}",5,0,1,1,0.44,"Outer Ring Rd, Yogesh Nagar, Hebbal Kempapura",Bengaluru
surveillance,13.0437768,77.6004709,"{'camera:direction': '90', 'camera:mount': 'pole', 'camera:type': 'fixed', 'man_made': 'surveillance', 'surveillance': 'public', 'surveillance:type': 'camera', 'surveillance:zone': 'area', 'survey:date': '2022-07-23'}",5,0,1,0,0.5,,Bengaluru
surveillance,13.0429086,77.5906688,"{'camera:mount': 'pole', 'camera:type': 'dome', 'man_made': 'surveillance', 'surveillance': 'public', 'surveillance:type': 'camera', 'surveillance:zone': 'area', 'survey:date': '2022-07-23'}",5,0,1,2,0.38,,Bengaluru
surveillance,13.0429792,77.5902772,"{'camera:direction': '270', 'camera:mount': 'pole', 'camera:type': 'fixed', 'man_made': 'surveillance', 'surveillance': 'public', 'surveillance:type': 'camera', 'surveillance:zone': 'area', 'survey:date': '2022-07-23'}",5,0,1,3,0.32,,Bengaluru
surveillance,13.0427368,77.5900841,"{'camera:mount': 'pole', 'camera:type': 'dome', 'man_made': 'surveillance', 'surveillance': 'public', 'surveillance:type': 'camera', 'surveillance:zone': 'area', 'survey:date': '2022-07-23'}",5,0,1,1,0.44,,Bengaluru
surveillance,13.04703,77.5686184,"{'camera:direction': '20', 'camera:mount': 'pole', 'camera:type': 'fixed', 'man_made': 'surveillance', 'surveillance': 'public', 'surveillance:type': 'camera', 'surveillance:zone': 'traffic', 'survey:date': '2022-07-23'}",5,0,1,3,0.32,Outer Ring Road,Bengaluru
surveillance,13.0470012,77.568617,"{'camera:direction': '160', 'camera:mount': 'pole', 'camera:type': 'fixed', 'man_made': 'surveillance', 'surveillance': 'public', 'surveillance:type': 'camera', 'surveillance:zone': 'traffic', 'survey:date': '2022-07-23'}",5,0,1,0,0.5,Outer Ring Road,Bengaluru
surveillance,13.0417687,77.5471774,"{'camera:direction': '240', 'camera:mount': 'pole', 'camera:type': 'fixed', 'man_made': 'surveillance', 'surveillance': 'public', 'surveillance:type': 'camera', 'surveillance:zone': 'traffic', 'survey:date': '2022-07-23'}",5,0,1,4,0.26,,Bengaluru
surveillance,13.0417889,77.5471962,"{'camera:direction': '10', 'camera:mount': 'pole', 'camera:type': 'fixed', 'man_made': 'surveillance', 'surveillance': 'public', 'surveillance:type': 'camera', 'surveillance:zone': 'traffic', 'survey:date': '2022-07-23'}",5,0,1,1,0.44,,Bengaluru
surveillance,13.0417811,77.5472043,"{'camera:direction': '70', 'camera:mount': 'pole', 'camera:type': 'fixed', 'man_made': 'surveillance', 'surveillance': 'public', 'surveillance:type': 'camera', 'surveillance:zone': 'traffic', 'survey:date': '2022-07-23'}",5,0,1,0,0.5,,Bengaluru
surveillance,12.9493778,77.5883173,"{'camera:direction': '190', 'camera:mount': 'pole', 'camera:type': 'fixed', 'man_made': 'surveillance', 'surveillance': 'public', 'surveillance:type': 'camera', 'surveillance:zone': 'traffic', 'survey:date': '2022-07-31'}",5,0,1,2,0.38,,Bengaluru
surveillance,12.9493827,77.5883217,"{'camera:direction': '100', 'camera:mount': 'pole', 'camera:type': 'fixed', 'man_made': 'surveillance', 'surveillance': 'public', 'surveillance:type': 'camera', 'surveillance:zone': 'traffic', 'survey:date': '2022-07-31'}",5,0,1,3,0.32,,Bengaluru
surveillance,12.9493875,77.5883172,"{'camera:direction': '10', 'camera:mount': 'pole', 'camera:type': 'fixed', 'man_made': 'surveillance', 'surveillance': 'public', 'surveillance:type': 'camera', 'surveillance:zone': 'traffic', 'survey:date': '2022-07-31'}",5,0,1,0,0.5,,Bengaluru
surveillance,12.9493826,77.5883145,"{'camera:direction': '280', 'camera:mount': 'pole', 'camera:type': 'fixed', 'man_made': 'surveillance', 'surveillance': 'public', 'surveillance:type': 'camera', 'surveillance:zone': 'traffic', 'survey:date': '2022-07-31'}",5,0,1,3,0.32,,Bengaluru
surveillance,12.9498333,77.5863766,"{'camera:mount': 'pole', 'camera:type': 'dome', 'man_made': 'surveillance', 'surveillance': 'public', 'surveillance:type': 'camera', 'surveillance:zone': 'traffic', 'survey:date': '2022-07-31'}",5,0,1,4,0.26,,Bengaluru
surveillance,12.9506626,77.5833102,"{'camera:direction': '30', 'camera:mount': 'pole', 'camera:type': 'fixed', 'man_made': 'surveillance', 'surveillance': 'public', 'surveillance:type': 'camera', 'surveillance:zone': 'traffic', 'survey:date': '2022-07-31'}",5,0,1,1,0.44,,Bengaluru
surveillance,12.950645,77.5833061,"{'camera:mount': 'pole', 'camera:type': 'dome', 'man_made': 'surveillance', 'surveillance': 'public', 'surveillance:type': 'camera', 'surveillance:zone': 'traffic', 'survey:date': '2022-07-31'}",5,0,1,2,0.38,,Bengaluru
surveillance,12.9642373,77.5941268,"{'camera:mount': 'pole', 'camera:type': 'dome', 'man_made': 'surveillance', 'surveillance': 'public', 'surveillance:type': 'camera', 'surveillance:zone': 'traffic', 'survey:date': '2022-07-31'}",5,0,1,2,0.38,,Bengaluru
surveillance,12.9494164,77.5830004,"{'camera:mount': 'pole', 'camera:type': 'dome', 'man_made': 'surveillance', 'surveillance': 'public', 'surveillance:type': 'camera', 'surveillance:zone': 'traffic', 'survey:date': '2022-07-31'}",5,0,1,0,0.5,,Bengaluru
surveillance,12.9483407,77.5808103,"{'camera:mount': 'pole', 'camera:type': 'dome', 'man_made': 'surveillance', 'surveillance': 'public', 'surveillance:type': 'camera', 'surveillance:zone': 'traffic', 'survey:date': '2022-07-31'}",5,0,1,1,0.44,Krumbiegal Road,Bengaluru
surveillance,12.9483446,77.5806051,"{'camera:direction': '270', 'camera:mount': 'pole', 'camera:type': 'fixed', 'man_made': 'surveillance', 'surveillance': 'public', 'surveillance:type': 'camera', 'surveillance:zone': 'traffic', 'survey:date': '2022-07-31'}",5,0,1,0,0.5,,Bengaluru
surveillance,12.9645693,77.6132805,"{'camera:direction': '280', 'camera:mount': 'pole', 'camera:type': 'fixed', 'man_made': 'surveillance', 'surveillance': 'public', 'surveillance:type': 'camera', 'surveillance:zone': 'traffic', 'survey:date': '2022-08-03'}",5,0,1,4,0.26,Anjaneya Temple Street,Bengaluru
surveillance,12.964568,77.6132986,"{'camera:direction': '80', 'camera:mount': 'pole', 'camera:type': 'fixed', 'man_made': 'surveillance', 'surveillance': 'public', 'surveillance:type': 'camera', 'surveillance:zone': 'traffic', 'survey:date': '2022-08-03'}",5,0,1,2,0.38,Anjaneya Temple Street,Bengaluru
surveillance,12.9614705,77.6148295,"{'camera:mount': 'pole', 'camera:type': 'panning', 'man_made': 'surveillance', 'surveillance': 'public', 'surveillance:type': 'camera', 'surveillance:zone': 'traffic', 'survey:date': '2022-08-03'}",5,0,1,4,0.26,Palm Grove Road,Bengaluru
surveillance,12.9614764,77.6148529,"{'camera:mount': 'pole', 'camera:type': 'panning', 'man_made': 'surveillance', 'surveillance': 'public', 'surveillance:type': 'camera', 'surveillance:zone': 'traffic', 'survey:date': '2022-08-03'}",5,0,1,4,0.26,Palm Grove Road,Bengaluru
surveillance,12.9585031,77.612154,"{'camera:mount': 'pole', 'camera:type': 'panning', 'man_made': 'surveillance', 'surveillance': 'public', 'surveillance:type': 'camera', 'surveillance:zone': 'traffic', 'survey:date': '2022-08-03'}",5,0,1,3,0.32,,Bengaluru
surveillance,12.9663503,77.6124175,"{'camera:direction': '240', 'camera:mount': 'pole', 'camera:type': 'fixed', 'man_made': 'surveillance', 'surveillance': 'public', 'surveillance:type': 'camera', 'surveillance:zone': 'traffic', 'survey:date': '2022-08-03'}",5,0,1,1,0.44,3rd Cross Road,Bengaluru
surveillance,12.9663542,77.6124255,"{'camera:direction': '60', 'camera:mount': 'pole', 'camera:type': 'fixed', 'man_made': 'surveillance', 'surveillance': 'public', 'surveillance:type': 'camera', 'surveillance:zone': 'traffic', 'survey:date': '2022-08-03'}",5,0,1,0,0.5,3rd Cross Road,Bengaluru
surveillance,13.0146822,77.567754,"{'camera:direction': '180', 'camera:mount': 'pole', 'camera:type': 'fixed', 'man_made': 'surveillance', 'surveillance': 'public', 'surveillance:type': 'camera', 'surveillance:zone': 'traffic', 'survey:date': '2022-08-06'}",5,0,1,4,0.26,CV Raman Road,Bengaluru
surveillance,13.0146956,77.5677557,"{'camera:direction': '0', 'camera:mount': 'pole', 'camera:type': 'fixed', 'man_made': 'surveillance', 'surveillance': 'public', 'surveillance:type': 'camera', 'surveillance:zone': 'traffic', 'survey:date': '2022-08-06'}",5,0,1,3,0.32,CV Raman Road,Bengaluru
surveillance,13.0135157,77.5689577,"{'camera:direction': '270', 'camera:mount': 'pole', 'camera:type': 'fixed', 'man_made': 'surveillance', 'surveillance': 'public', 'surveillance:type': 'camera', 'surveillance:zone': 'traffic', 'survey:date': '2022-08-06'}",5,0,1,2,0.38,CV Raman Road,Bengaluru
surveillance,13.0135125,77.5689737,"{'camera:direction': '90', 'camera:mount': 'pole', 'camera:type': 'fixed', 'man_made': 'surveillance', 'surveillance': 'public', 'surveillance:type': 'camera', 'surveillance:zone': 'traffic', 'survey:date': '2022-08-06'}",5,0,1,3,0.32,,Bengaluru
surveillance,13.005545,77.5692252,"{'camera:mount': 'pole', 'camera:type': 'panning', 'man_made': 'surveillance', 'surveillance': 'public', 'surveillance:type': 'camera', 'surveillance:zone': 'traffic', 'survey:date': '2022-08-06'}",5,0,1,1,0.44,Margosa Road,Bengaluru
surveillance,13.0068784,77.5495475,"{'camera:direction': '240', 'camera:mount': 'pole', 'camera:type': 'fixed', 'man_made': 'surveillance', 'surveillance': 'public', 'surveillance:type': 'camera', 'surveillance:zone': 'street', 'survey:date': '2022-08-07'}",5,0,1,4,0.26,,Bengaluru
surveillance,13.0068837,77.5495666,"{'camera:direction': '70', 'camera:mount': 'pole', 'camera:type': 'fixed', 'man_made': 'surveillance', 'surveillance': 'public', 'surveillance:type': 'camera', 'surveillance:zone': 'street', 'survey:date': '2022-08-07'}",5,0,1,4,0.26,,Bengaluru
surveillance,13.006883,77.5495582,"{'camera:direction': '10', 'camera:mount': 'pole', 'camera:type': 'fixed', 'man_made': 'surveillance', 'surveillance': 'public', 'surveillance:type': 'camera', 'surveillance:zone': 'street', 'survey:date': '2022-08-07'}",5,0,1,2,0.38,,Bengaluru
surveillance,13.0042853,77.5499576,"{'camera:direction': '170', 'camera:mount': 'pole', 'camera:type': 'fixed', 'man_made': 'surveillance', 'surveillance': 'public', 'surveillance:type': 'camera', 'surveillance:zone': 'street', 'survey:date': '2022-08-07'}",5,0,1,1,0.44,19th Main Road,Bengaluru
surveillance,13.004301,77.5499542,"{'camera:direction': '350', 'camera:mount': 'pole', 'camera:type': 'fixed', 'man_made': 'surveillance', 'surveillance': 'public', 'surveillance:type': 'camera', 'surveillance:zone': 'street', 'survey:date': '2022-08-07'}",5,0,1,3,0.32,19th Main Road,Bengaluru
surveillance,12.9833414,77.549816,"{'camera:direction': '270', 'camera:mount': 'pole', 'camera:type': 'fixed', 'man_made': 'surveillance', 'surveillance': 'public', 'surveillance:type': 'camera', 'surveillance:zone': 'street', 'survey:date': '2022-08-07'}",5,0,1,3,0.32,,Bengaluru
surveillance,12.9833359,77.5498208,"{'camera:direction': '180', 'camera:mount': 'pole', 'camera:type': 'fixed', 'man_made': 'surveillance', 'surveillance': 'public', 'surveillance:type': 'camera', 'surveillance:zone': 'street', 'survey:date': '2022-08-07'}",5,0,1,4,0.26,,Bengaluru
surveillance,12.9833444,77.5498315,"{'camera:direction': '90', 'camera:mount': 'pole', 'camera:type': 'fixed', 'man_made': 'surveillance', 'surveillance': 'public', 'surveillance:type': 'camera', 'surveillance:zone': 'street', 'survey:date': '2022-08-07'}",5,0,1,0,0.5,,Bengaluru
surveillance,12.9518278,77.6052734,"{'camera:direction': '180', 'camera:mount': 'pole', 'camera:type': 'fixed', 'man_made': 'surveillance', 'surveillance': 'public', 'surveillance:type': 'camera', 'surveillance:zone': 'traffic', 'survey:date': '2022-08-13'}",5,0,1,2,0.38,,Bengaluru
surveillance,12.9518578,77.6052721,"{'camera:direction': '10', 'camera:mount': 'pole', 'camera:type': 'fixed', 'man_made': 'surveillance', 'surveillance': 'public', 'surveillance:type': 'camera', 'surveillance:zone': 'traffic', 'survey:date': '2022-08-13'}",5,0,1,0,0.5,,Bengaluru
surveillance,12.9518683,77.6053056,"{'camera:direction': '100', 'camera:mount': 'pole', 'camera:type': 'fixed', 'man_made': 'surveillance', 'surveillance': 'public', 'surveillance:type': 'camera', 'surveillance:zone': 'traffic', 'survey:date': '2022-08-13'}",5,0,1,1,0.44,,Bengaluru
surveillance,12.9550211,77.6142156,"{'camera:direction': '280', 'camera:mount': 'pole', 'camera:type': 'fixed', 'man_made': 'surveillance', 'surveillance': 'public', 'surveillance:type': 'camera', 'surveillance:zone': 'traffic', 'survey:date': '2022-08-13'}",5,0,1,3,0.32,,Bengaluru
surveillance,12.9550214,77.614224,"{'camera:direction': '100', 'camera:mount': 'pole', 'camera:type': 'fixed', 'man_made': 'surveillance', 'surveillance': 'public', 'surveillance:type': 'camera', 'surveillance:zone': 'traffic', 'survey:date': '2022-08-13'}",5,0,1,3,0.32,,Bengaluru
surveillance,12.955024,77.6142196,"{'camera:direction': '0', 'camera:mount': 'pole', 'camera:type': 'fixed', 'man_made': 'surveillance', 'surveillance': 'public', 'surveillance:type': 'camera', 'surveillance:zone': 'traffic', 'survey:date': '2022-08-13'}",5,0,1,3,0.32,,Bengaluru
surveillance,12.9975976,77.5504371,"{'camera:mount': 'pole', 'camera:type': 'dome', 'man_made': 'surveillance', 'surveillance': 'public', 'surveillance:type': 'camera', 'surveillance:zone': 'area', 'survey:date': '2022-08-14'}",5,0,1,2,0.38,,Bengaluru
surveillance,12.930633,77.6338179,"{'camera:mount': 'pole', 'camera:type': 'fixed', 'man_made': 'surveillance', 'surveillance': 'public', 'surveillance:type': 'camera', 'surveillance:zone': 'town', 'survey:date': '2022-08-17'}",5,0,1,1,0.44,1st Main Road,Nuts Corner
surveillance,12.9308913,77.6241742,"{'camera:mount': 'pole', 'camera:type': 'fixed', 'man_made': 'surveillance', 'surveillance': 'public', 'surveillance:type': 'camera', 'surveillance:zone': 'town', 'survey:date': '2022-08-17'}",5,0,1,3,0.32,7th A Cross Road,
surveillance,12.9342439,77.6260045,"{'camera:mount': 'pole', 'camera:type': 'dome', 'man_made': 'surveillance', 'surveillance': 'public', 'surveillance:type': 'camera', 'surveillance:zone': 'town', 'survey:date': '2022-08-17'}",5,0,1,4,0.26,"8th Main, 4th Block, Koramangala",Bengaluru
surveillance,12.9304322,77.6267949,"{'camera:mount': 'pole', 'camera:type': 'dome', 'man_made': 'surveillance', 'surveillance': 'public', 'surveillance:type': 'camera', 'surveillance:zone': 'town', 'survey:date': '2022-08-17'}",5,0,1,2,0.38,13th Main Road,
surveillance,12.9306306,77.6290299,"{'camera:mount': 'pole', 'camera:type': 'dome', 'man_made': 'surveillance', 'surveillance': 'public', 'surveillance:type': 'camera', 'surveillance:zone': 'town', 'survey:date': '2022-08-17'}",5,0,1,1,0.44,,8th Main Road
surveillance,12.9348902,77.6249929,"{'camera:mount': 'pole', 'camera:type': 'dome', 'man_made': 'surveillance', 'surveillance': 'public', 'surveillance:type': 'camera', 'surveillance:zone': 'town', 'survey:date': '2022-08-17'}",5,0,1,3,0.32,8th Main Road,Coorg Fresh Vegetables and Fruits
surveillance,12.942132,77.6230456,"{'camera:mount': 'ceiling', 'camera:type': 'panning', 'man_made': 'surveillance', 'surveillance': 'public', 'surveillance:type': 'camera', 'surveillance:zone': 'traffic', 'survey:date': '2022-08-17'}",5,0,1,0,0.5,18th Main Road,HDFC Bank
surveillance,12.942132,77.6230456,"{'camera:mount': 'ceiling', 'camera:type': 'fixed', 'man_made': 'surveillance', 'surveillance': 'public', 'surveillance:type': 'camera', 'surveillance:zone': 'traffic', 'survey:date': '2022-08-17'}",5,0,1,1,0.44,18th Main Road,HDFC Bank
surveillance,12.942132,77.6230456,"{'camera:mount': 'pole', 'camera:type': 'panning', 'man_made': 'surveillance', 'surveillance': 'public', 'surveillance:type': 'camera', 'surveillance:zone': 'traffic', 'survey:date': '2022-08-17'}",5,0,1,1,0.44,18th Main Road,HDFC Bank
surveillance,13.0385324,77.5046162,"{'camera:mount': 'pole', 'camera:type': 'dome', 'man_made': 'surveillance', 'surveillance': 'public', 'surveillance:type': 'camera', 'surveillance:zone': 'traffic'}",5,0,1,3,0.32,Andrahalli Main Road,Bengaluru
surveillance,13.0023644,77.553193,"{'camera:direction': '260', 'camera:mount': 'pole', 'camera:type': 'fixed', 'man_made': 'surveillance', 'surveillance': 'public', 'surveillance:type': 'camera', 'surveillance:zone': 'traffic', 'survey:date': '2022-08-21'}",5,0,1,2,0.38,,Bengaluru
surveillance,12.943651,77.6076654,"{'camera:mount': 'ceiling', 'camera:type': 'panning', 'man_made': 'surveillance', 'operator': 'BTP', 'surveillance': 'public', 'surveillance:type': 'camera', 'surveillance:zone': 'traffic', 'survey:date': '2022-08-21'}",5,0,1,0,0.5,Hosur Road,Domino's
surveillance,13.0019559,77.6120305,"{'camera:mount': 'pole', 'camera:type': 'fixed', 'man_made': 'surveillance', 'surveillance': 'public', 'surveillance:type': 'camera', 'surveillance:zone': 'town', 'survey:date': '2022-08-26'}",5,0,1,1,0.44,Haines Road,Bengaluru
surveillance,13.0139833,77.5656022,"{'camera:mount': 'pole', 'camera:type': 'fixed', 'man_made': 'surveillance', 'surveillance': 'public', 'surveillance:type': 'camera', 'surveillance:zone': 'town', 'survey:date': '2022-08-26'}",5,0,1,3,0.32,,Bengaluru
surveillance,13.0019559,77.6120305,"{'camera:mount': 'pole', 'camera:type': 'dome', 'man_made': 'surveillance', 'surveillance': 'public', 'surveillance:type': 'camera', 'surveillance:zone': 'town', 'survey:date': '2022-08-26'}",5,0,1,4,0.26,Haines Road,Bengaluru
surveillance,13.014601,77.5728034,"{'camera:mount': 'pole', 'camera:type': 'dome', 'man_made': 'surveillance', 'surveillance': 'public', 'surveillance:type': 'camera', 'surveillance:zone': 'town', 'survey:date': '2022-08-26'}",5,0,1,0,0.5,,Bengaluru
surveillance,13.014601,77.5728034,"{'camera:mount': 'pole', 'camera:type': 'fixed', 'man_made': 'surveillance', 'surveillance': 'public', 'surveillance:type': 'camera', 'surveillance:zone': 'town', 'survey:date': '2022-08-26'}",5,0,1,3,0.32,,Bengaluru
surveillance,13.0145515,77.584028,"{'camera:mount': 'pole', 'camera:type': 'dome', 'man_made': 'surveillance', 'surveillance': 'public', 'surveillance:type': 'camera', 'surveillance:zone': 'town', 'survey:date': '2022-08-26'}",5,0,1,4,0.26,,Bengaluru
surveillance,13.0126394,77.5690565,"{'camera:mount': 'pole', 'camera:type': 'fixed', 'man_made': 'surveillance', 'surveillance': 'public', 'surveillance:type': 'camera', 'surveillance:zone': 'entrance', 'survey:date': '2022-08-26'}",5,0,1,0,0.5,CV Raman Road,Bengaluru
surveillance,13.0139833,77.5656022,"{'camera:mount': 'pole', 'camera:type': 'dome', 'man_made': 'surveillance', 'surveillance': 'public', 'surveillance:type': 'camera', 'surveillance:zone': 'town', 'survey:date': '2022-08-26'}",5,0,1,2,0.38,,Bengaluru
surveillance,13.0145515,77.584028,"{'camera:mount': 'pole', 'camera:type': 'fixed', 'man_made': 'surveillance', 'surveillance': 'public', 'surveillance:type': 'camera', 'surveillance:zone': 'town', 'survey:date': '2022-08-26'}",5,0,1,3,0.32,,Bengaluru
surveillance,12.9767599,77.6393702,"{'camera:direction': '10', 'camera:mount': 'wall', 'camera:type': 'fixed', 'man_made': 'surveillance', 'surveillance': 'outdoor', 'surveillance:type': 'camera', 'surveillance:zone': 'traffic'}",5,0,1,0,0.5,3rd Cross Road,Bengaluru
surveillance,12.9588867,77.6355696,"{'camera:mount': 'pole', 'camera:type': 'dome', 'man_made': 'surveillance', 'surveillance': 'public', 'surveillance:type': 'camera', 'surveillance:zone': 'traffic'}",5,0,1,0,0.5,,Bengaluru
surveillance,12.9900333,77.5524567,"{'camera:direction': '270', 'camera:mount': 'pole', 'camera:type': 'fixed', 'man_made': 'surveillance', 'surveillance': 'public', 'surveillance:type': 'camera', 'surveillance:zone': 'traffic'}",5,0,1,3,0.32,41st Cross Road,Bengaluru
surveillance,12.9875066,77.5543222,"{'camera:mount': 'pole', 'camera:type': 'dome', 'man_made': 'surveillance', 'surveillance': 'public', 'surveillance:type': 'camera', 'surveillance:zone': 'traffic'}",5,0,1,1,0.44,12th Main Road,Bengaluru
surveillance,12.9751227,77.5758389,"{'camera:direction': '225', 'camera:mount': 'pole', 'camera:type': 'fixed', 'man_made': 'surveillance', 'surveillance': 'public', 'surveillance:type': 'camera', 'surveillance:zone': 'traffic'}",5,0,1,4,0.26,Tank Bund Road,Bengaluru
surveillance,12.9751286,77.5758429,"{'camera:direction': '45', 'camera:mount': 'pole', 'camera:type': 'fixed', 'man_made': 'surveillance', 'surveillance': 'public', 'surveillance:type': 'camera', 'surveillance:zone': 'traffic'}",5,0,1,3,0.32,Tank Bund Road,Bengaluru
surveillance,12.9712015,77.5835599,"{'camera:mount': 'pole', 'camera:type': 'dome', 'man_made': 'surveillance', 'surveillance': 'public', 'surveillance:type': 'camera', 'surveillance:zone': 'traffic'}",5,0,1,1,0.44,Kempegowda Road,Bengaluru
surveillance,12.971191,77.5835747,"{'camera:direction': '135', 'camera:mount': 'pole', 'camera:type': 'fixed', 'man_made': 'surveillance', 'surveillance': 'public', 'surveillance:type': 'camera', 'surveillance:zone': 'traffic'}",5,0,1,1,0.44,Kempegowda Road,Bengaluru
surveillance,12.9669001,77.5874475,"{'camera:mount': 'pole', 'camera:type': 'dome', 'man_made': 'surveillance', 'surveillance': 'public', 'surveillance:type': 'camera', 'surveillance:zone': 'traffic'}",5,0,1,0,0.5,,Bengaluru
surveillance,12.9665989,77.6087201,"{'camera:direction': '135', 'camera:mount': 'pole', 'camera:type': 'fixed', 'man_made': 'surveillance', 'surveillance': 'public', 'surveillance:type': 'camera', 'surveillance:zone': 'traffic'}",5,0,1,2,0.38,Mother Teresa Road,Bengaluru
surveillance,12.9670605,77.6111645,"{'camera:direction': '45', 'camera:mount': 'pole', 'camera:type': 'fixed', 'man_made': 'surveillance', 'surveillance': 'public', 'surveillance:type': 'camera', 'surveillance:zone': 'traffic'}",5,0,1,0,0.5,,Bengaluru
surveillance,12.9670613,77.6111767,"{'camera:mount': 'pole', 'camera:type': 'dome', 'man_made': 'surveillance', 'surveillance': 'public', 'surveillance:type': 'camera', 'surveillance:zone': 'traffic'}",5,0,1,2,0.38,,Bengaluru
surveillance,12.9512739,77.5951856,"{'camera:direction': '120', 'camera:mount': 'pole', 'camera:type': 'fixed', 'man_made': 'surveillance', 'surveillance': 'public', 'surveillance:type': 'camera', 'surveillance:zone': 'traffic'}",5,0,1,1,0.44,Siddaiah Road,Bengaluru
surveillance,12.9512723,77.5951665,"{'camera:direction': '240', 'camera:mount': 'pole', 'camera:type': 'fixed', 'man_made': 'surveillance', 'surveillance': 'public', 'surveillance:type': 'camera', 'surveillance:zone': 'traffic'}",5,0,1,3,0.32,Siddaiah Road,Bengaluru
surveillance,12.9512851,77.5951722,"{'camera:direction': '305', 'camera:mount': 'pole', 'camera:type': 'fixed', 'man_made': 'surveillance', 'surveillance': 'public', 'surveillance:type': 'camera', 'surveillance:zone': 'traffic'}",5,0,1,1,0.44,Siddaiah Road,Bengaluru
surveillance,12.9549423,77.605323,"{'camera:direction': '280', 'camera:mount': 'pole', 'camera:type': 'fixed', 'man_made': 'surveillance', 'surveillance': 'public', 'surveillance:type': 'camera', 'surveillance:zone': 'traffic'}",5,0,1,3,0.32,Hosur Road,Bengaluru
surveillance,12.9573968,77.6050736,"{'camera:direction': '290', 'camera:mount': 'pole', 'camera:type': 'fixed', 'man_made': 'surveillance', 'surveillance': 'public', 'surveillance:type': 'camera', 'surveillance:zone': 'traffic'}",5,0,1,2,0.38,Berlie Street,Bengaluru
surveillance,12.9573367,77.6051179,"{'camera:direction': '110', 'camera:mount': 'pole', 'camera:type': 'fixed', 'man_made': 'surveillance', 'surveillance': 'public', 'surveillance:type': 'camera', 'surveillance:zone': 'traffic'}",5,0,1,3,0.32,Berlie Street,Bengaluru
surveillance,12.9591945,77.6054679,"{'camera:mount': 'pole', 'camera:type': 'dome', 'man_made': 'surveillance', 'surveillance': 'public', 'surveillance:type': 'camera', 'surveillance:zone': 'traffic'}",5,0,1,0,0.5,Curley Street,Bengaluru
surveillance,12.9584502,77.6037389,"{'camera:direction': '290', 'camera:mount': 'pole', 'camera:type': 'fixed', 'man_made': 'surveillance', 'surveillance': 'public', 'surveillance:type': 'camera', 'surveillance:zone': 'traffic'}",5,0,1,2,0.38,,Bengaluru
surveillance,12.9584231,77.6037298,"{'camera:direction': '200', 'camera:mount': 'pole', 'camera:type': 'fixed', 'man_made': 'surveillance', 'surveillance': 'public', 'surveillance:type': 'camera', 'surveillance:zone': 'traffic'}",5,0,1,0,0.5,,Bengaluru
surveillance,12.9584162,77.6037536,"{'camera:direction': '110', 'camera:mount': 'pole', 'camera:type': 'fixed', 'man_made': 'surveillance', 'surveillance': 'public', 'surveillance:type': 'camera', 'surveillance:zone': 'traffic'}",5,0,1,4,0.26,,Bengaluru
surveillance,12.9584476,77.6037647,"{'camera:direction': '20', 'camera:mount': 'pole', 'camera:type': 'fixed', 'man_made': 'surveillance', 'surveillance': 'public', 'surveillance:type': 'camera', 'surveillance:zone': 'traffic'}",5,0,1,0,0.5,,Bengaluru
surveillance,12.9645523,77.6057629,"{'camera:mount': 'pole', 'camera:type': 'dome', 'man_made': 'surveillance', 'surveillance': 'public', 'surveillance:type': 'camera', 'surveillance:zone': 'traffic'}",5,0,1,2,0.38,,Bengaluru
surveillance,13.0080264,77.5561494,"{'camera:direction': '305', 'camera:mount': 'pole', 'camera:type': 'fixed', 'man_made': 'surveillance', 'surveillance': 'public', 'surveillance:type': 'camera', 'surveillance:zone': 'street', 'survey:date': '2022-10-22'}",5,0,1,2,0.38,,Bengaluru
surveillance,13.0080238,77.5561642,"{'camera:direction': '45', 'camera:mount': 'pole', 'camera:type': 'fixed', 'man_made': 'surveillance', 'surveillance': 'public', 'surveillance:type': 'camera', 'surveillance:zone': 'street', 'survey:date': '2022-10-22'}",5,0,1,0,0.5,,Bengaluru
surveillance,13.0145931,77.5837554,"{'camera:direction': '0', 'camera:mount': 'pole', 'camera:type': 'fixed', 'man_made': 'surveillance', 'surveillance': 'public', 'surveillance:type': 'camera', 'surveillance:zone': 'street', 'survey:date': '2022-10-22'}",5,0,1,0,0.5,Dr. CV Raman Road,Bengaluru
surveillance,13.0145931,77.5837447,"{'camera:direction': '180', 'camera:mount': 'pole', 'camera:type': 'fixed', 'man_made': 'surveillance', 'surveillance': 'public', 'surveillance:type': 'camera', 'surveillance:zone': 'street', 'survey:date': '2022-10-22'}",5,0,1,4,0.26,Dr. CV Raman Road,Bengaluru
surveillance,13.0146084,77.5728029,"{'camera:direction': '0', 'camera:mount': 'pole', 'camera:type': 'fixed', 'man_made': 'surveillance', 'surveillance': 'public', 'surveillance:type': 'camera', 'surveillance:zone': 'area', 'survey:date': '2022-10-22'}",5,0,1,1,0.44,,Bengaluru
surveillance,13.0146102,77.5727977,"{'camera:direction': '270', 'camera:mount': 'pole', 'camera:type': 'fixed', 'man_made': 'surveillance', 'surveillance': 'public', 'surveillance:type': 'camera', 'surveillance:zone': 'area', 'survey:date': '2022-10-22'}",5,0,1,4,0.26,,Bengaluru
surveillance,13.0146109,77.5728078,"{'camera:direction': '90', 'camera:mount': 'pole', 'camera:type': 'fixed', 'man_made': 'surveillance', 'surveillance': 'public', 'surveillance:type': 'camera', 'surveillance:zone': 'area', 'survey:date': '2022-10-22'}",5,0,1,4,0.26,,Bengaluru
surveillance,13.0140534,77.5655214,"{'camera:direction': '125', 'camera:mount': 'pole', 'camera:type': 'fixed', 'man_made': 'surveillance', 'surveillance': 'public', 'surveillance:type': 'camera', 'surveillance:zone': 'area', 'survey:date': '2022-10-22'}",5,0,1,3,0.32,,Bengaluru
surveillance,13.0140564,77.5655137,"{'camera:direction': '305', 'camera:mount': 'pole', 'camera:type': 'fixed', 'man_made': 'surveillance', 'surveillance': 'public', 'surveillance:type': 'camera', 'surveillance:zone': 'area', 'survey:date': '2022-10-22'}",5,0,1,4,0.26,,Bengaluru
surveillance,13.0041102,77.5499488,"{'camera:direction': '100', 'camera:mount': 'pole', 'camera:type': 'fixed', 'man_made': 'surveillance', 'surveillance': 'public', 'surveillance:type': 'camera', 'surveillance:zone': 'street', 'survey:date': '2022-10-22'}",5,0,1,4,0.26,,Bengaluru
surveillance,13.0040991,77.5499348,"{'camera:direction': '180', 'camera:mount': 'pole', 'camera:type': 'fixed', 'man_made': 'surveillance', 'surveillance': 'public', 'surveillance:type': 'camera', 'surveillance:zone': 'street', 'survey:date': '2022-10-22'}",5,0,1,2,0.38,19th Main Road,Bengaluru
surveillance,12.9796696,77.5819483,"{'camera:mount': 'pole', 'camera:type': 'dome', 'man_made': 'surveillance', 'surveillance': 'public', 'surveillance:type': 'camera', 'surveillance:zone': 'traffic', 'survey:date': '2022-10-23'}",5,0,1,0,0.5,,Bengaluru
surveillance,13.0120268,77.5689764,"{'camera:direction': '210', 'camera:mount': 'pole', 'camera:type': 'fixed', 'man_made': 'surveillance', 'surveillance': 'public', 'surveillance:type': 'camera', 'surveillance:zone': 'area', 'survey:date': '2022-10-23'}",5,0,1,0,0.5,,Bengaluru
surveillance,13.0120555,77.5689711,"{'camera:direction': '240', 'camera:mount': 'pole', 'camera:type': 'fixed', 'man_made': 'surveillance', 'surveillance': 'public', 'surveillance:type': 'camera', 'surveillance:zone': 'area', 'survey:date': '2022-10-23'}",5,0,1,1,0.44,,Bengaluru
surveillance,12.9877063,77.5507406,"{'camera:direction': '100', 'camera:mount': 'pole', 'camera:type': 'fixed', 'man_made': 'surveillance', 'surveillance': 'public', 'surveillance:type': 'camera', 'surveillance:zone': 'street', 'survey:date': '2022-10-23'}",5,0,1,2,0.38,,Bengaluru
surveillance,12.9877035,77.5507197,"{'camera:direction': '160', 'camera:mount': 'pole', 'camera:type': 'fixed', 'man_made': 'surveillance', 'surveillance': 'public', 'surveillance:type': 'camera', 'surveillance:zone': 'street', 'survey:date': '2022-10-23'}",5,0,1,0,0.5,,Bengaluru
surveillance,12.9877091,77.5507046,"{'camera:direction': '220', 'camera:mount': 'pole', 'camera:type': 'fixed', 'man_made': 'surveillance', 'surveillance': 'public', 'surveillance:type': 'camera', 'surveillance:zone': 'street', 'survey:date': '2022-10-23'}",5,0,1,3,0.32,,Bengaluru
surveillance,12.9877133,77.5507284,"{'camera:mount': 'pole', 'camera:type': 'dome', 'man_made': 'surveillance', 'surveillance': 'public', 'surveillance:type': 'camera', 'surveillance:zone': 'street', 'survey:date': '2022-10-23'}",5,0,1,1,0.44,,Bengaluru
surveillance,12.9961473,77.5508624,"{'camera:direction': '80', 'camera:mount': 'pole', 'camera:type': 'fixed', 'man_made': 'surveillance', 'surveillance': 'public', 'surveillance:type': 'camera', 'surveillance:zone': 'traffic', 'survey:date': '2022-10-23'}",5,0,1,3,0.32,25th Cross Road,Bengaluru
surveillance,13.0099524,77.5905759,"{'camera:direction': '140', 'camera:mount': 'pole', 'camera:type': 'fixed', 'man_made': 'surveillance', 'surveillance': 'public', 'surveillance:type': 'camera', 'surveillance:zone': 'traffic', 'survey:date': '2022-10-23'}",5,0,1,3,0.32,,Bengaluru
surveillance,13.0099639,77.5905759,"{'camera:direction': '320', 'camera:mount': 'pole', 'camera:type': 'fixed', 'man_made': 'surveillance', 'surveillance': 'public', 'surveillance:type': 'camera', 'surveillance:zone': 'traffic', 'survey:date': '2022-10-23'}",5,0,1,0,0.5,,Bengaluru
surveillance,13.0099583,77.5905685,"{'camera:direction': '320', 'camera:mount': 'pole', 'camera:type': 'fixed', 'man_made': 'surveillance', 'surveillance': 'public', 'surveillance:type': 'camera', 'surveillance:zone': 'traffic', 'survey:date': '2022-10-23'}",5,0,1,4,0.26,,Bengaluru
surveillance,12.9709103,77.6047055,"{'camera:direction': '240', 'camera:mount': 'pole', 'camera:type': 'fixed', 'man_made': 'surveillance', 'surveillance': 'public', 'surveillance:type': 'camera', 'surveillance:zone': 'area', 'survey:date': '2022-10-23'}",5,0,1,0,0.5,Field Marshall Cariappa Cycle Path,Bengaluru
surveillance,12.9680692,77.6002369,"{'camera:direction': '10', 'camera:mount': 'pole', 'camera:type': 'fixed', 'man_made': 'surveillance', 'surveillance': 'public', 'surveillance:type': 'camera', 'surveillance:zone': 'area', 'survey:date': '2022-10-23'}",5,0,1,1,0.44,Field Marshall Cariappa Cycle Path,Bengaluru
surveillance,12.9680509,77.6002423,"{'camera:direction': '150', 'camera:mount': 'pole', 'camera:type': 'fixed', 'man_made': 'surveillance', 'surveillance': 'public', 'surveillance:type': 'camera', 'surveillance:zone': 'area', 'survey:date': '2022-10-23'}",5,0,1,3,0.32,Field Marshall Cariappa Cycle Path,Bengaluru
surveillance,12.9680607,77.6002423,"{'camera:direction': '60', 'camera:mount': 'pole', 'camera:type': 'fixed', 'man_made': 'surveillance', 'surveillance': 'public', 'surveillance:type': 'camera', 'surveillance:zone': 'area', 'survey:date': '2022-10-23'}",5,0,1,0,0.5,Field Marshall Cariappa Cycle Path,Bengaluru
surveillance,12.9679973,77.6001766,"{'camera:direction': '210', 'camera:mount': 'pole', 'camera:type': 'fixed', 'man_made': 'surveillance', 'surveillance': 'public', 'surveillance:type': 'camera', 'surveillance:zone': 'area', 'survey:date': '2022-10-23'}",5,0,1,2,0.38,Field Marshall Cariappa Cycle Path,Bengaluru
surveillance,12.9679947,77.6001618,"{'camera:mount': 'pole', 'camera:type': 'dome', 'man_made': 'surveillance', 'surveillance': 'public', 'surveillance:type': 'camera', 'surveillance:zone': 'area', 'survey:date': '2022-10-23'}",5,0,1,4,0.26,Field Marshall Cariappa Cycle Path,Bengaluru
surveillance,12.9706464,77.5920206,"{'camera:mount': 'pole', 'camera:type': 'dome', 'man_made': 'surveillance', 'surveillance': 'public', 'surveillance:type': 'camera', 'surveillance:zone': 'traffic', 'survey:date': '2022-10-23'}",5,0,1,4,0.26,,Bengaluru
surveillance,12.9683436,77.5894256,"{'camera:mount': 'pole', 'camera:type': 'dome', 'man_made': 'surveillance', 'surveillance': 'public', 'surveillance:type': 'camera', 'surveillance:zone': 'traffic', 'survey:date': '2022-10-23'}",5,0,1,0,0.5,Kasturba Road,Bengaluru
surveillance,13.0280414,77.6330598,"{'camera:direction': '45', 'camera:mount': 'pole', 'camera:type': 'fixed', 'man_made': 'surveillance', 'surveillance': 'public', 'surveillance:type': 'camera', 'surveillance:zone': 'traffic', 'survey:date': '2022-10-23'}",5,0,1,1,0.44,,Bengaluru
surveillance,13.0435991,77.6040228,"{'camera:direction': '270', 'camera:mount': 'pole', 'camera:type': 'fixed', 'man_made': 'surveillance', 'surveillance': 'public', 'surveillance:type': 'camera', 'surveillance:zone': 'traffic', 'survey:date': '2022-10-23'}",5,0,1,0,0.5,,Bengaluru
surveillance,13.0435873,77.6040416,"{'camera:direction': '180', 'camera:mount': 'pole', 'camera:type': 'fixed', 'man_made': 'surveillance', 'surveillance': 'public', 'surveillance:type': 'camera', 'surveillance:zone': 'traffic', 'survey:date': '2022-10-23'}",5,0,1,4,0.26,,Bengaluru
surveillance,13.0435952,77.6040597,"{'camera:direction': '90', 'camera:mount': 'pole', 'camera:type': 'fixed', 'man_made': 'surveillance', 'surveillance': 'public', 'surveillance:type': 'camera', 'surveillance:zone': 'traffic', 'survey:date': '2022-10-23'}",5,0,1,4,0.26,,Bengaluru
surveillance,13.0232168,77.5848015,"{'camera:direction': '190', 'camera:mount': 'pole', 'camera:type': 'fixed', 'man_made': 'surveillance', 'surveillance': 'public', 'surveillance:type': 'camera', 'surveillance:zone': 'traffic', 'survey:date': '2022-10-23'}",5,0,1,3,0.32,Bellary Road,Bengaluru
surveillance,13.023239,77.5848109,"{'camera:direction': '10', 'camera:mount': 'pole', 'camera:type': 'fixed', 'man_made': 'surveillance', 'surveillance': 'public', 'surveillance:type': 'camera', 'surveillance:zone': 'traffic', 'survey:date': '2022-10-23'}",5,0,1,0,0.5,Bellary Road,Bengaluru
surveillance,12.9932269,77.5697727,"{'camera:direction': '90', 'camera:mount': 'pole', 'camera:type': 'fixed', 'man_made': 'surveillance', 'surveillance': 'public', 'surveillance:type': 'camera', 'surveillance:zone': 'traffic', 'survey:date': '2022-10-29'}",5,0,1,4,0.26,Mill Corner Road,Bengaluru
surveillance,12.9932278,77.5697653,"{'camera:direction': '270', 'camera:mount': 'pole', 'camera:type': 'fixed', 'man_made': 'surveillance', 'surveillance': 'public', 'surveillance:type': 'camera', 'surveillance:zone': 'traffic', 'survey:date': '2022-10-29'}",5,0,1,0,0.5,Mill Corner Road,Bengaluru
surveillance,12.9932051,77.5693566,"{'camera:direction': '90', 'camera:mount': 'pole', 'camera:type': 'fixed', 'man_made': 'surveillance', 'surveillance': 'public', 'surveillance:type': 'camera', 'surveillance:zone': 'traffic', 'survey:date': '2022-10-29'}",5,0,1,3,0.32,,Bengaluru
surveillance,12.9932061,77.5693493,"{'camera:direction': '270', 'camera:mount': 'pole', 'camera:type': 'fixed', 'man_made': 'surveillance', 'surveillance': 'public', 'surveillance:type': 'camera', 'surveillance:zone': 'traffic', 'survey:date': '2022-10-29'}",5,0,1,3,0.32,,Bengaluru
surveillance,12.989947,77.5721602,"{'camera:mount': 'pole', 'camera:type': 'dome', 'man_made': 'surveillance', 'surveillance': 'public', 'surveillance:type': 'camera', 'surveillance:zone': 'traffic', 'survey:date': '2022-11-13'}",5,0,1,4,0.26,Subedar Chatram Road,Bengaluru
surveillance,12.984201,77.5878625,"{'camera:mount': 'pole', 'camera:type': 'dome', 'man_made': 'surveillance', 'surveillance': 'public', 'surveillance:type': 'camera', 'surveillance:zone': 'street', 'survey:date': '2022-11-13'}",5,0,1,4,0.26,,Bengaluru
surveillance,12.9842056,77.5878478,"{'camera:direction': '270', 'camera:mount': 'pole', 'camera:type': 'fixed', 'man_made': 'surveillance', 'surveillance': 'public', 'surveillance:type': 'camera', 'surveillance:zone': 'street', 'survey:date': '2022-11-13'}",5,0,1,3,0.32,,Bengaluru
surveillance,12.9841893,77.5878451,"{'camera:direction': '210', 'camera:mount': 'pole', 'camera:type': 'fixed', 'man_made': 'surveillance', 'surveillance': 'public', 'surveillance:type': 'camera', 'surveillance:zone': 'street', 'survey:date': '2022-11-13'}",5,0,1,2,0.38,,Bengaluru
surveillance,12.9842154,77.5878605,"{'camera:direction': '30', 'camera:mount': 'pole', 'camera:type': 'fixed', 'man_made': 'surveillance', 'surveillance': 'public', 'surveillance:type': 'camera', 'surveillance:zone': 'street', 'survey:date': '2022-11-13'}",5,0,1,4,0.26,,Bengaluru
surveillance,12.991851,77.5753976,"{'camera:direction': '315', 'camera:mount': 'pole', 'camera:type': 'fixed', 'man_made': 'surveillance', 'surveillance': 'public', 'surveillance:type': 'camera', 'surveillance:zone': 'traffic', 'survey:date': '2022-11-13'}",5,0,1,2,0.38,Link Road,Bengaluru
surveillance,12.9918516,77.575409,"{'camera:direction': '45', 'camera:mount': 'pole', 'camera:type': 'fixed', 'man_made': 'surveillance', 'surveillance': 'public', 'surveillance:type': 'camera', 'surveillance:zone': 'traffic', 'survey:date': '2022-11-13'}",5,0,1,4,0.26,Link Road,Bengaluru
surveillance,12.9969304,77.5693546,"{'camera:mount': 'pole', 'camera:type': 'dome', 'man_made': 'surveillance', 'surveillance': 'public', 'surveillance:type': 'camera', 'surveillance:zone': 'traffic', 'survey:date': '2022-11-13'}",5,0,1,3,0.32,,Bengaluru
surveillance,12.9969539,77.5667589,"{'camera:direction': '100', 'camera:mount': 'pole', 'camera:type': 'fixed', 'man_made': 'surveillance', 'surveillance': 'public', 'surveillance:type': 'camera', 'surveillance:zone': 'traffic', 'survey:date': '2022-11-13'}",5,0,1,3,0.32,11th Main Road,Bengaluru
surveillance,12.9969519,77.5667435,"{'camera:direction': '250', 'camera:mount': 'pole', 'camera:type': 'fixed', 'man_made': 'surveillance', 'surveillance': 'public', 'surveillance:type': 'camera', 'surveillance:zone': 'traffic', 'survey:date': '2022-11-13'}",5,0,1,1,0.44,11th Main Road,Bengaluru
surveillance,12.9842232,77.5926577,"{'camera:mount': 'pole', 'camera:type': 'dome', 'check_date': '2022-11-13', 'man_made': 'surveillance', 'surveillance': 'public', 'surveillance:type': 'camera', 'surveillance:zone': 'area'}",5,0,1,3,0.32,Ali Asker Road,Bengaluru
surveillance,12.9725973,77.6198741,"{'camera:mount': 'roof', 'camera:type': 'panning', 'man_made': 'surveillance', 'surveillance': 'public', 'surveillance:type': 'camera', 'surveillance:zone': 'traffic', 'survey:date': '2022-11-19'}",5,0,1,2,0.38,Swamy Vivekananda Road,Bengaluru
surveillance,13.0249675,77.5929603,"{'camera:mount': 'pole', 'camera:type': 'panning', 'man_made': 'surveillance', 'surveillance': 'traffic', 'surveillance:type': 'camera', 'survey:date': '2022-11-22'}",5,0,1,1,0.44,,Bengaluru
surveillance,12.9726479,77.6193852,"{'camera:mount': 'roof', 'camera:type': 'panning', 'man_made': 'surveillance', 'surveillance': 'public', 'surveillance:type': 'camera', 'survey:date': '2022-11-19'}",5,0,1,1,0.44,,Bengaluru
surveillance,13.0249673,77.5929602,"{'camera:mount': 'pole', 'camera:type': 'panning', 'man_made': 'surveillance', 'surveillance': 'traffic', 'surveillance:type': 'camera', 'surveillance:zone': 'traffic', 'survey:date': '2022-11-22'}",5,0,1,2,0.38,,Bengaluru
surveillance,13.0171473,77.5704789,"{'camera:direction': '270', 'camera:mount': 'pole', 'camera:type': 'fixed', 'man_made': 'surveillance', 'surveillance': 'public', 'surveillance:type': 'camera', 'surveillance:zone': 'traffic'}",5,0,1,3,0.32,,Bengaluru
surveillance,13.0171489,77.5705084,"{'camera:direction': '90', 'camera:mount': 'pole', 'camera:type': 'fixed', 'man_made': 'surveillance', 'surveillance': 'public', 'surveillance:type': 'camera', 'surveillance:zone': 'traffic'}",5,0,1,2,0.38,Nilagiri Marg,Bengaluru
surveillance,13.0159923,77.5662576,"{'camera:direction': '270', 'camera:mount': 'pole', 'camera:type': 'fixed', 'man_made': 'surveillance', 'surveillance': 'public', 'surveillance:type': 'camera', 'surveillance:zone': 'traffic'}",5,0,1,0,0.5,Madhuka Marg,Bengaluru
surveillance,13.0159938,77.5662871,"{'camera:direction': '90', 'camera:mount': 'pole', 'camera:type': 'fixed', 'man_made': 'surveillance', 'surveillance': 'public', 'surveillance:type': 'camera', 'surveillance:zone': 'traffic'}",5,0,1,1,0.44,Madhuka Marg,Bengaluru
surveillance,13.0073423,77.5924044,"{'camera:mount': 'pole', 'camera:type': 'panning', 'man_made': 'surveillance', 'surveillance': 'traffic', 'surveillance:type': 'camera', 'surveillance:zone': 'traffic', 'survey:date': '2022-11-22'}",5,0,1,2,0.38,,Bengaluru
surveillance,12.9254712,77.6200735,"{'camera:mount': 'pole', 'camera:type': 'panning', 'man_made': 'surveillance', 'surveillance': 'traffic', 'surveillance:type': 'camera', 'surveillance:zone': 'traffic', 'survey:date': '2022-11-23'}",5,0,1,2,0.38,,Mahayogi Vemana Road
surveillance,12.9255298,77.6200433,"{'camera:mount': 'pole', 'camera:type': 'panning', 'man_made': 'surveillance', 'surveillance': 'traffic', 'surveillance:type': 'camera', 'surveillance:zone': 'traffic', 'survey:date': '2022-11-23'}",5,0,1,3,0.32,,Mahayogi Vemana Road
surveillance,12.9348325,77.6301956,"{'camera:mount': 'pole', 'camera:type': 'dome', 'man_made': 'surveillance', 'surveillance': 'public', 'surveillance:type': 'camera', 'surveillance:zone': 'town', 'survey:date': '2022-11-27'}",5,0,1,0,0.5,1st Main Road Chandra Reddy Layout,Indian Bank
surveillance,12.9295957,77.6330623,"{'camera:mount': 'gantry', 'camera:type': 'panning', 'man_made': 'surveillance', 'surveillance': 'traffic', 'surveillance:type': 'camera', 'surveillance:zone': 'traffic', 'survey:date': '2022-11-27'}",5,0,1,0,0.5,,7th Cross Road
surveillance,12.9295957,77.6330623,"{'camera:mount': 'pole', 'camera:type': 'panning', 'man_made': 'surveillance', 'surveillance': 'traffic', 'surveillance:type': 'camera', 'surveillance:zone': 'traffic', 'survey:date': '2022-11-27'}",5,0,1,2,0.38,,7th Cross Road
surveillance,12.9348334,77.6301977,"{'camera:mount': 'pole', 'camera:type': 'panning', 'man_made': 'surveillance', 'surveillance': 'traffic', 'surveillance:type': 'camera', 'surveillance:zone': 'traffic', 'survey:date': '2022-11-27'}",5,0,1,4,0.26,1st Main Road Chandra Reddy Layout,Indian Bank
surveillance,12.929584,77.6331776,"{'camera:mount': 'gantry', 'camera:type': 'panning', 'man_made': 'surveillance', 'surveillance': 'traffic', 'surveillance:type': 'camera', 'surveillance:zone': 'traffic', 'survey:date': '2022-11-27'}",5,0,1,3,0.32,,1st Main Road
surveillance,12.9300004,77.6330246,"{'camera:mount': 'gantry', 'camera:type': 'panning', 'man_made': 'surveillance', 'surveillance': 'traffic', 'surveillance:type': 'camera', 'surveillance:zone': 'traffic', 'survey:date': '2022-11-27'}",5,0,1,3,0.32,,80 Feet Road
surveillance,12.9251595,77.6336448,"{'camera:mount': 'gantry', 'camera:type': 'panning', 'man_made': 'surveillance', 'surveillance': 'traffic', 'surveillance:type': 'camera', 'surveillance:zone': 'traffic', 'survey:date': '2022-11-27'}",5,0,1,3,0.32,80 Feet Road,
surveillance,12.9422878,77.622876,"{'camera:mount': 'pole', 'camera:type': 'panning', 'man_made': 'surveillance', 'surveillance': 'traffic', 'surveillance:type': 'camera', 'surveillance:zone': 'traffic', 'survey:date': '2022-11-27'}",5,0,1,2,0.38,Srinivagilu Main Road,RBL Bank
surveillance,12.9426113,77.6225341,"{'camera:mount': 'pole', 'camera:type': 'panning', 'man_made': 'surveillance', 'surveillance': 'traffic', 'surveillance:type': 'camera', 'surveillance:zone': 'traffic', 'survey:date': '2022-11-27'}",5,0,1,4,0.26,80 Feet Road,Dell
surveillance,12.9492212,77.6202345,"{'camera:mount': 'pole', 'camera:type': 'panning', 'man_made': 'surveillance', 'surveillance': 'traffic', 'surveillance:type': 'camera', 'surveillance:zone': 'traffic', 'survey:date': '2022-11-27'}",5,0,1,3,0.32,,National Games Village Road
surveillance,12.9653079,77.6177688,"{'camera:mount': 'pole', 'camera:type': 'panning', 'man_made': 'surveillance', 'surveillance': 'traffic', 'surveillance:type': 'camera', 'surveillance:zone': 'traffic', 'survey:date': '2022-11-27'}",5,0,1,1,0.44,Lower Agaram Road,Bengaluru
surveillance,13.0029074,77.5961625,"{'camera:mount': 'pole', 'camera:type': 'dome', 'man_made': 'surveillance', 'surveillance': 'traffic', 'surveillance:type': 'camera', 'surveillance:zone': 'traffic', 'survey:date': '2022-11-30'}",5,0,1,4,0.26,13th Cross Road,Bengaluru
surveillance,12.9998155,77.5999124,"{'camera:mount': 'pole', 'camera:type': 'panning', 'man_made': 'surveillance', 'surveillance': 'traffic', 'surveillance:type': 'camera', 'surveillance:zone': 'traffic', 'survey:date': '2022-11-30'}",5,0,1,0,0.5,Nandi Durga Road,Bengaluru
surveillance,12.980586,77.5964912,"{'camera:mount': 'wall', 'camera:type': 'fixed', 'man_made': 'surveillance', 'surveillance': 'indoor', 'surveillance:type': 'camera', 'surveillance:zone': 'entrance', 'survey:date': '2022-11-28'}",5,0,1,4,0.26,King's Road,Bengaluru
surveillance,12.9997829,77.5998802,"{'camera:mount': 'pole', 'camera:type': 'dome', 'man_made': 'surveillance', 'surveillance': 'traffic', 'surveillance:type': 'camera', 'surveillance:zone': 'traffic', 'survey:date': '2022-11-30'}",5,0,1,3,0.32,Nandi Durg Road,Bengaluru
surveillance,12.9199166,77.5800976,"{'camera:direction': '180', 'camera:mount': 'pole', 'camera:type': 'fixed', 'check_date': '2022-12-29', 'man_made': 'surveillance', 'surveillance': 'public', 'surveillance:type': 'camera', 'surveillance:zone': 'traffic', 'survey:date': '2022-11-30'}",5,0,1,2,0.38,,40th Cross Road
surveillance,13.012407,77.5479754,"{'camera:direction': '180', 'camera:mount': 'pole', 'camera:type': 'fixed', 'man_made': 'surveillance', 'surveillance': 'public', 'surveillance:type': 'camera', 'surveillance:zone': 'traffic'}",5,0,1,0,0.5,Yeshwantpur Industrial Suburb,Bangalore
surveillance,13.0124253,77.5479727,"{'camera:direction': '0', 'camera:mount': 'pole', 'camera:type': 'fixed', 'man_made': 'surveillance', 'surveillance': 'public', 'surveillance:type': 'camera', 'surveillance:zone': 'traffic'}",5,0,1,0,0.5,Yeshwantpur Industrial Suburb,Bangalore
surveillance,13.0149668,77.5484709,"{'camera:direction': '210', 'camera:mount': 'pole', 'camera:type': 'fixed', 'man_made': 'surveillance', 'surveillance': 'public', 'surveillance:type': 'camera', 'surveillance:zone': 'traffic'}",5,0,1,1,0.44,30th Feet Road,Bengaluru
surveillance,13.015002,77.5484884,"{'camera:direction': '30', 'camera:mount': 'pole', 'camera:type': 'fixed', 'man_made': 'surveillance', 'surveillance': 'public', 'surveillance:type': 'camera', 'surveillance:zone': 'traffic'}",5,0,1,1,0.44,30th Feet Road,Bengaluru
surveillance,12.9820545,77.594918,"{'camera:direction': '200', 'camera:type': 'panning', 'man_made': 'surveillance', 'surveillance': 'traffic', 'surveillance:type': 'camera', 'surveillance:zone': 'traffic', 'survey:date': '2022-12-04'}",5,0,1,1,0.44,,Bengaluru
surveillance,12.9830786,77.5956072,"{'camera:direction': '30', 'camera:mount': 'grantry', 'camera:type': 'panning', 'man_made': 'surveillance', 'surveillance': 'traffic', 'surveillance:type': 'camera', 'surveillance:zone': 'traffic', 'survey:date': '2022-12-04'}",5,0,1,1,0.44,,Bengaluru
surveillance,12.9887281,77.5935834,"{'camera:mount': 'pole', 'camera:type': 'panning', 'man_made': 'surveillance', 'surveillance': 'traffic', 'surveillance:type': 'camera', 'surveillance:zone': 'traffic', 'survey:date': '2022-12-04'}",5,0,1,1,0.44,Cunningham Road,Bengaluru
surveillance,12.9820576,77.5949127,"{'camera:direction': '200', 'camera:mount': 'gantry', 'camera:type': 'panning', 'man_made': 'surveillance', 'surveillance': 'traffic', 'surveillance:type': 'camera', 'surveillance:zone': 'traffic', 'survey:date': '2022-12-04'}",5,0,1,1,0.44,,Bengaluru
surveillance,12.9843779,77.597102,"{'camera:direction': '230', 'camera:mount': 'pole', 'camera:type': 'panning', 'man_made': 'surveillance', 'surveillance': 'traffic', 'surveillance:type': 'camera', 'surveillance:zone': 'traffic', 'survey:date': '2022-12-04'}",5,0,1,2,0.38,,Bengaluru
surveillance,12.9830797,77.5955898,"{'camera:direction': '30', 'camera:mount': 'gantry', 'camera:type': 'panning', 'man_made': 'surveillance', 'surveillance': 'traffic', 'surveillance:type': 'camera', 'surveillance:zone': 'traffic', 'survey:date': '2022-12-04'}",5,0,1,3,0.32,,Bengaluru
surveillance,12.9830726,77.5955999,"{'camera:direction': '30', 'camera:mount': 'gantry', 'camera:type': 'panning', 'man_made': 'surveillance', 'surveillance': 'traffic', 'surveillance:type': 'camera', 'surveillance:zone': 'traffic', 'survey:date': '2022-12-04'}",5,0,1,2,0.38,,Bengaluru
surveillance,12.9843791,77.5971055,"{'camera:direction': '350', 'camera:mount': 'pole', 'camera:type': 'panning', 'man_made': 'surveillance', 'surveillance': 'traffic', 'surveillance:type': 'camera', 'surveillance:zone': 'traffic', 'survey:date': '2022-12-04'}",5,0,1,1,0.44,,Bengaluru
surveillance,12.9934814,77.5981797,"{'camera:direction': '0', 'camera:mount': 'pole', 'camera:type': 'dome', 'man_made': 'surveillance', 'surveillance': 'public', 'surveillance:type': 'camera', 'surveillance:zone': 'entrance', 'survey:date': '2022-12-04'}",5,0,1,4,0.26,,Bengaluru
surveillance,12.9892476,77.5931166,"{'camera:direction': '330', 'camera:mount': 'gantry', 'camera:type': 'panning', 'man_made': 'surveillance', 'surveillance': 'traffic', 'surveillance:type': 'camera', 'surveillance:zone': 'traffic', 'survey:date': '2022-12-04'}",5,0,1,3,0.32,Cunningham Road,Bengaluru
surveillance,12.9892509,77.5931227,"{'camera:direction': '330', 'camera:mount': 'gantry', 'camera:type': 'panning', 'man_made': 'surveillance', 'surveillance': 'traffic', 'surveillance:type': 'camera', 'surveillance:zone': 'traffic', 'survey:date': '2022-12-04'}",5,0,1,3,0.32,Cunningham Road,Bengaluru
surveillance,12.9892243,77.5930616,"{'camera:mount': 'wall', 'camera:type': 'fixed', 'man_made': 'surveillance', 'surveillance': 'outdoor', 'surveillance:type': 'camera', 'surveillance:zone': 'entrance', 'survey:date': '2022-12-04'}",5,0,1,4,0.26,Cunningham Road,Bengaluru
surveillance,12.9918326,77.5943175,"{'camera:type': 'panning', 'man_made': 'surveillance', 'surveillance': 'traffic', 'surveillance:type': 'camera', 'surveillance:zone': 'traffic', 'survey:date': '2022-12-04'}",5,0,1,1,0.44,Millers Road,Bengaluru
surveillance,12.9896925,77.5927288,"{'camera:direction': '330', 'camera:mount': 'gantry', 'camera:type': 'panning', 'man_made': 'surveillance', 'surveillance': 'traffic', 'surveillance:type': 'camera', 'surveillance:zone': 'traffic', 'survey:date': '2022-12-04'}",5,0,1,1,0.44,Millers Road,Bengaluru
surveillance,12.9934814,77.5981797,"{'camera:direction': '90', 'camera:mount': 'pole', 'camera:type': 'panning', 'man_made': 'surveillance', 'surveillance': 'public', 'surveillance:type': 'camera', 'surveillance:zone': 'town', 'survey:date': '2022-12-04'}",5,0,1,0,0.5,,Bengaluru
surveillance,12.9934814,77.5981797,"{'camera:direction': '180', 'camera:mount': 'pole', 'camera:type': 'panning', 'man_made': 'surveillance', 'surveillance': 'public', 'surveillance:type': 'camera', 'surveillance:zone': 'town', 'survey:date': '2022-12-04'}",5,0,1,0,0.5,,Bengaluru
surveillance,12.981017,77.5970268,"{'camera:direction': '350', 'camera:mount': 'pole', 'camera:type': 'panning', 'man_made': 'surveillance', 'surveillance': 'traffic', 'surveillance:type': 'camera', 'surveillance:zone': 'traffic', 'survey:date': '2022-12-07'}",5,0,1,4,0.26,"Cubbon Rd, Ambedkar Veedhi, Shivaji Nagar",Bengaluru
surveillance,12.9806783,77.5972575,"{'camera:direction': '143', 'camera:mount': 'pole', 'camera:type': 'fixed', 'man_made': 'surveillance', 'surveillance': 'traffic', 'surveillance:type': 'camera', 'surveillance:zone': 'traffic', 'survey:date': '2022-12-07'}",5,0,1,2,0.38,,Bengaluru
surveillance,12.9936497,77.5957793,"{'camera:mount': 'pole', 'camera:type': 'panning', 'man_made': 'surveillance', 'surveillance': 'traffic', 'surveillance:type': 'camera', 'surveillance:zone': 'traffic', 'survey:date': '2022-12-14'}",5,0,1,3,0.32,,Bengaluru
surveillance,12.9935933,77.5955787,"{'camera:direction': '315', 'camera:mount': 'pole', 'camera:type': 'fixed', 'man_made': 'surveillance', 'surveillance': 'traffic', 'surveillance:type': 'camera', 'surveillance:zone': 'traffic', 'survey:date': '2022-12-14'}",5,0,1,4,0.26,,Bengaluru
surveillance,12.9752442,77.6040584,"{'camera:mount': 'pole', 'camera:type': 'panning', 'man_made': 'surveillance', 'surveillance': 'traffic', 'surveillance:type': 'camera', 'surveillance:zone': 'traffic', 'survey:date': '2022-12-14'}",5,0,1,4,0.26,Church Street,Bengaluru
surveillance,12.9722891,77.6010738,"{'camera:direction': '120', 'camera:mount': 'wall', 'camera:type': 'fixed', 'man_made': 'surveillance', 'surveillance': 'outdoor', 'surveillance:type': 'camera', 'surveillance:zone': 'building'}",5,0,1,0,0.5,Saint Mark's Road,Bengaluru
surveillance,12.9722898,77.6010637,"{'camera:direction': '210', 'camera:mount': 'wall', 'camera:type': 'fixed', 'man_made': 'surveillance', 'surveillance': 'outdoor', 'surveillance:type': 'camera', 'surveillance:zone': 'building'}",5,0,1,2,0.38,Saint Mark's Road,Bengaluru
surveillance,13.0030204,77.5501976,"{'camera:direction': '170', 'camera:mount': 'pole', 'camera:type': 'fixed', 'man_made': 'surveillance', 'surveillance': 'public', 'surveillance:type': 'camera', 'surveillance:zone': 'traffic'}",5,0,1,1,0.44,19th Main Road,Bengaluru
surveillance,13.0030295,77.5501969,"{'camera:direction': '350', 'camera:mount': 'pole', 'camera:type': 'fixed', 'man_made': 'surveillance', 'surveillance': 'public', 'surveillance:type': 'camera', 'surveillance:zone': 'traffic'}",5,0,1,4,0.26,19th Main Road,Bengaluru
surveillance,13.0042637,77.5529066,"{'camera:direction': '280', 'camera:mount': 'pole', 'camera:type': 'fixed', 'man_made': 'surveillance', 'surveillance': 'public', 'surveillance:type': 'camera', 'surveillance:zone': 'traffic'}",5,0,1,0,0.5,1st B Main Road,Bengaluru
surveillance,13.0042592,77.5529167,"{'camera:direction': '200', 'camera:mount': 'pole', 'camera:type': 'fixed', 'man_made': 'surveillance', 'surveillance': 'public', 'surveillance:type': 'camera', 'surveillance:zone': 'traffic'}",5,0,1,3,0.32,1st B Main Road,Bengaluru
surveillance,13.0042624,77.5529308,"{'camera:direction': '90', 'camera:mount': 'pole', 'camera:type': 'fixed', 'man_made': 'surveillance', 'surveillance': 'public', 'surveillance:type': 'camera', 'surveillance:zone': 'traffic'}",5,0,1,3,0.32,1st B Main Road,Bengaluru
surveillance,12.9818533,77.5944527,"{'camera:mount': 'pole', 'camera:type': 'dome', 'man_made': 'surveillance', 'surveillance': 'public', 'surveillance:type': 'camera', 'surveillance:zone': 'traffic'}",5,0,1,1,0.44,Raj Bhavan Road,Bengaluru
surveillance,12.9701948,77.5943911,"{'camera:direction': '350', 'camera:mount': 'pole', 'camera:type': 'fixed', 'man_made': 'surveillance', 'surveillance': 'public', 'surveillance:type': 'camera', 'surveillance:zone': 'traffic'}",5,0,1,2,0.38,Vittal Mallya Road,Bengaluru
surveillance,12.9679306,77.5887275,"{'camera:direction': '270', 'camera:mount': 'pole', 'camera:type': 'fixed', 'man_made': 'surveillance', 'surveillance': 'public', 'surveillance:type': 'camera', 'surveillance:zone': 'traffic'}",5,0,1,0,0.5,Kasturba Road,Bengaluru
surveillance,12.9679417,77.5887289,"{'camera:direction': '0', 'camera:mount': 'pole', 'camera:type': 'fixed', 'man_made': 'surveillance', 'surveillance': 'public', 'surveillance:type': 'camera', 'surveillance:zone': 'traffic'}",5,0,1,1,0.44,Kasturba Road,Bengaluru
surveillance,12.9804511,77.5724408,"{'camera:direction': '0', 'camera:mount': 'pole', 'camera:type': 'fixed', 'man_made': 'surveillance', 'surveillance': 'public', 'surveillance:type': 'camera', 'surveillance:zone': 'area'}",5,0,1,2,0.38,,Bengaluru
surveillance,12.9804442,77.5724422,"{'camera:direction': '90', 'camera:mount': 'pole', 'camera:type': 'fixed', 'man_made': 'surveillance', 'surveillance': 'public', 'surveillance:type': 'camera', 'surveillance:zone': 'area'}",5,0,1,0,0.5,,Bengaluru
surveillance,12.9804449,77.5724372,"{'camera:mount': 'pole', 'camera:type': 'dome', 'man_made': 'surveillance', 'surveillance': 'public', 'surveillance:type': 'camera', 'surveillance:zone': 'area'}",5,0,1,3,0.32,,Bengaluru
surveillance,12.9802851,77.5711953,"{'camera:direction': '215', 'camera:mount': 'pole', 'camera:type': 'fixed', 'man_made': 'surveillance', 'surveillance': 'public', 'surveillance:type': 'camera', 'surveillance:zone': 'area'}",5,0,1,4,0.26,Khodays Circle,Bengaluru
surveillance,12.9802828,77.571202,"{'camera:direction': '135', 'camera:mount': 'pole', 'camera:type': 'fixed', 'man_made': 'surveillance', 'surveillance': 'public', 'surveillance:type': 'camera', 'surveillance:zone': 'area'}",5,0,1,2,0.38,Khodays Circle,Bengaluru
surveillance,12.9802913,77.5711953,"{'camera:direction': '315', 'camera:mount': 'pole', 'camera:type': 'fixed', 'man_made': 'surveillance', 'surveillance': 'public', 'surveillance:type': 'camera', 'surveillance:zone': 'area'}",5,0,1,1,0.44,Khodays Circle,Bengaluru
surveillance,12.9826023,77.5681143,"{'camera:direction': '0', 'camera:mount': 'pole', 'camera:type': 'fixed', 'man_made': 'surveillance', 'surveillance': 'public', 'surveillance:type': 'camera', 'surveillance:zone': 'traffic'}",5,0,1,2,0.38,,Bengaluru
surveillance,12.9825902,77.5681086,"{'camera:direction': '270', 'camera:mount': 'pole', 'camera:type': 'fixed', 'man_made': 'surveillance', 'surveillance': 'public', 'surveillance:type': 'camera', 'surveillance:zone': 'traffic'}",5,0,1,1,0.44,Old Mysuru Road,Bengaluru
surveillance,12.9820748,77.5666365,"{'camera:direction': '0', 'camera:mount': 'pole', 'camera:type': 'fixed', 'man_made': 'surveillance', 'surveillance': 'public', 'surveillance:type': 'camera', 'surveillance:zone': 'traffic'}",5,0,1,2,0.38,5th Cross Road,Bengaluru
surveillance,12.9820627,77.5666308,"{'camera:direction': '270', 'camera:mount': 'pole', 'camera:type': 'fixed', 'man_made': 'surveillance', 'surveillance': 'public', 'surveillance:type': 'camera', 'surveillance:zone': 'traffic'}",5,0,1,0,0.5,5th Cross Road,Bengaluru
surveillance,12.9820562,77.5666322,"{'camera:direction': '270', 'camera:mount': 'pole', 'camera:type': 'fixed', 'man_made': 'surveillance', 'surveillance': 'public', 'surveillance:type': 'camera', 'surveillance:zone': 'traffic'}",5,0,1,4,0.26,5th Cross Road,Bengaluru
surveillance,12.9823656,77.5646963,"{'camera:direction': '270', 'camera:mount': 'pole', 'camera:type': 'fixed', 'man_made': 'surveillance', 'surveillance': 'public', 'surveillance:type': 'camera', 'surveillance:zone': 'traffic'}",5,0,1,3,0.32,,Bengaluru
surveillance,12.9823741,77.5646976,"{'camera:direction': '270', 'camera:mount': 'pole', 'camera:type': 'fixed', 'man_made': 'surveillance', 'surveillance': 'public', 'surveillance:type': 'camera', 'surveillance:zone': 'traffic'}",5,0,1,3,0.32,,Bengaluru
surveillance,12.9933597,77.5713717,"{'camera:mount': 'pole', 'camera:type': 'dome', 'man_made': 'surveillance', 'surveillance': 'public', 'surveillance:type': 'camera', 'surveillance:zone': 'traffic'}",5,0,1,1,0.44,Mill Corner Road,Bengaluru
surveillance,12.9933594,77.5713633,"{'camera:direction': '270', 'camera:mount': 'pole', 'camera:type': 'fixed', 'man_made': 'surveillance', 'surveillance': 'public', 'surveillance:type': 'camera', 'surveillance:zone': 'traffic'}",5,0,1,4,0.26,Mill Corner Road,Bengaluru
surveillance,12.9933544,77.571378,"{'camera:direction': '180', 'camera:mount': 'pole', 'camera:type': 'fixed', 'man_made': 'surveillance', 'surveillance': 'public', 'surveillance:type': 'camera', 'surveillance:zone': 'traffic'}",5,0,1,3,0.32,Sampige Road,Bengaluru
surveillance,12.9933553,77.571372,"{'camera:direction': '180', 'camera:mount': 'pole', 'camera:type': 'fixed', 'man_made': 'surveillance', 'surveillance': 'public', 'surveillance:type': 'camera', 'surveillance:zone': 'traffic'}",5,0,1,0,0.5,Mill Corner Road,Bengaluru
surveillance,12.9963117,77.5639749,"{'camera:direction': '270', 'camera:mount': 'pole', 'camera:type': 'fixed', 'man_made': 'surveillance', 'surveillance': 'public', 'surveillance:type': 'camera', 'surveillance:zone': 'traffic'}",5,0,1,2,0.38,Mahakavi Kuvempu Road,Bengaluru
surveillance,12.9962984,77.5639846,"{'camera:direction': '180', 'camera:mount': 'pole', 'camera:type': 'fixed', 'man_made': 'surveillance', 'surveillance': 'public', 'surveillance:type': 'camera', 'surveillance:zone': 'traffic'}",5,0,1,2,0.38,Mahakavi Kuvempu Road,Bengaluru
surveillance,12.9963141,77.563991,"{'camera:direction': '90', 'camera:mount': 'pole', 'camera:type': 'fixed', 'man_made': 'surveillance', 'surveillance': 'public', 'surveillance:type': 'camera', 'surveillance:zone': 'traffic'}",5,0,1,3,0.32,Mahakavi Kuvempu Road,Bengaluru
surveillance,12.9980449,77.5530523,"{'camera:direction': '330', 'camera:mount': 'pole', 'camera:type': 'fixed', 'man_made': 'surveillance', 'surveillance': 'public', 'surveillance:type': 'camera', 'surveillance:zone': 'traffic'}",5,0,1,3,0.32,,Bengaluru
surveillance,12.9980423,77.553048,"{'camera:direction': '330', 'camera:mount': 'pole', 'camera:type': 'fixed', 'man_made': 'surveillance', 'surveillance': 'public', 'surveillance:type': 'camera', 'surveillance:zone': 'traffic'}",5,0,1,0,0.5,,Bengaluru
surveillance,12.9975566,77.5501406,"{'camera:direction': '270', 'camera:mount': 'pole', 'camera:type': 'fixed', 'man_made': 'surveillance', 'surveillance': 'public', 'surveillance:type': 'camera', 'surveillance:zone': 'traffic'}",5,0,1,4,0.26,Modi Hospital Main Road,Bangalore
surveillance,12.9975565,77.5501457,"{'camera:direction': '90', 'camera:mount': 'pole', 'camera:type': 'fixed', 'man_made': 'surveillance', 'surveillance': 'public', 'surveillance:type': 'camera', 'surveillance:zone': 'traffic'}",5,0,1,1,0.44,Modi Hospital Main Road,Bangalore
surveillance,12.9876752,77.577882,"{'camera:direction': '225', 'camera:mount': 'pole', 'camera:type': 'fixed', 'man_made': 'surveillance', 'surveillance': 'public', 'surveillance:type': 'camera', 'surveillance:zone': 'traffic'}",5,0,1,2,0.38,Hare Krishna Road,Bengaluru
surveillance,12.9876882,77.5778928,"{'camera:direction': '135', 'camera:mount': 'pole', 'camera:type': 'fixed', 'man_made': 'surveillance', 'surveillance': 'public', 'surveillance:type': 'camera', 'surveillance:zone': 'traffic'}",5,0,1,0,0.5,Hare Krishna Road,Bengaluru
surveillance,12.99759,77.5594643,"{'camera:direction': '180', 'camera:mount': 'pole', 'camera:type': 'fixed', 'man_made': 'surveillance', 'surveillance': 'public', 'surveillance:type': 'camera', 'surveillance:zone': 'traffic'}",5,0,1,2,0.38,,Bengaluru
surveillance,12.9975994,77.5594657,"{'camera:direction': '0', 'camera:mount': 'pole', 'camera:type': 'fixed', 'man_made': 'surveillance', 'surveillance': 'public', 'surveillance:type': 'camera', 'surveillance:zone': 'traffic'}",5,0,1,3,0.32,,Bengaluru
surveillance,12.997832,77.5587773,"{'camera:direction': '20', 'camera:mount': 'pole', 'camera:type': 'fixed', 'man_made': 'surveillance', 'surveillance': 'public', 'surveillance:type': 'camera', 'surveillance:zone': 'traffic'}",5,0,1,0,0.5,,Bengaluru
surveillance,12.9707823,77.6047662,"{'camera:direction': '160', 'camera:mount': 'pole', 'camera:type': 'fixed', 'man_made': 'surveillance', 'surveillance': 'public', 'surveillance:type': 'camera', 'surveillance:zone': 'traffic'}",5,0,1,3,0.32,Field Marshall Cariappa Cycle Path,Bengaluru
surveillance,12.9665747,77.5983634,"{'camera:direction': '315', 'camera:mount': 'pole', 'camera:type': 'fixed', 'man_made': 'surveillance', 'surveillance': 'public', 'surveillance:type': 'camera', 'surveillance:zone': 'traffic'}",5,0,1,1,0.44,Residency Road,Bengaluru
surveillance,12.9199288,77.5800861,"{'camera:direction': '90', 'camera:mount': 'pole', 'camera:type': 'fixed', 'man_made': 'surveillance', 'surveillance': 'public', 'surveillance:type': 'camera', 'surveillance:zone': 'traffic', 'survey:date': '2022-12-29'}",5,0,1,0,0.5,,40th Cross Road
surveillance,12.9437492,77.5805515,"{'camera:direction': '270', 'camera:mount': 'pole', 'camera:type': 'fixed', 'man_made': 'surveillance', 'surveillance': 'public', 'surveillance:type': 'camera', 'surveillance:zone': 'traffic'}",5,0,1,1,0.44,,Bengaluru
surveillance,13.0020608,77.5486934,"{'camera:direction': '260', 'camera:mount': 'pole', 'camera:type': 'fixed', 'man_made': 'surveillance', 'surveillance': 'public', 'surveillance:type': 'camera', 'surveillance:zone': 'traffic'}",5,0,1,3,0.32,,Bengaluru
surveillance,13.0020529,77.5487075,"{'camera:direction': '170', 'camera:mount': 'pole', 'camera:type': 'fixed', 'man_made': 'surveillance', 'surveillance': 'public', 'surveillance:type': 'camera', 'surveillance:zone': 'traffic'}",5,0,1,2,0.38,,Bengaluru
surveillance,13.0020637,77.5487048,"{'camera:direction': '80', 'camera:mount': 'pole', 'camera:type': 'fixed', 'man_made': 'surveillance', 'surveillance': 'public', 'surveillance:type': 'camera', 'surveillance:zone': 'traffic'}",5,0,1,3,0.32,,Bengaluru
surveillance,12.9996059,77.5486409,"{'camera:direction': '170', 'camera:mount': 'pole', 'camera:type': 'fixed', 'man_made': 'surveillance', 'surveillance': 'public', 'surveillance:type': 'camera', 'surveillance:zone': 'traffic'}",5,0,1,2,0.38,10th A Cross Road,Bangalore
surveillance,12.9996161,77.5486386,"{'camera:direction': '350', 'camera:mount': 'pole', 'camera:type': 'fixed', 'man_made': 'surveillance', 'surveillance': 'public', 'surveillance:type': 'camera', 'surveillance:zone': 'traffic'}",5,0,1,0,0.5,10th A Cross Road,Bangalore
surveillance,13.0232678,77.5841869,"{'camera:direction': '315', 'camera:mount': 'pole', 'camera:type': 'fixed', 'man_made': 'surveillance', 'surveillance': 'public', 'surveillance:type': 'camera', 'surveillance:zone': 'traffic'}",5,0,1,4,0.26,Sanjaynagar Main Road,Bengaluru
surveillance,13.0232577,77.5841983,"{'camera:direction': '135', 'camera:mount': 'pole', 'camera:type': 'fixed', 'man_made': 'surveillance', 'surveillance': 'public', 'surveillance:type': 'camera', 'surveillance:zone': 'traffic'}",5,0,1,2,0.38,,Bengaluru
surveillance,13.0148786,77.5758623,"{'camera:direction': '270', 'camera:mount': 'pole', 'camera:type': 'fixed', 'man_made': 'surveillance', 'surveillance': 'public', 'surveillance:type': 'camera', 'surveillance:zone': 'traffic'}",5,0,1,1,0.44,,Bengaluru
surveillance,13.0148786,77.5758791,"{'camera:direction': '90', 'camera:mount': 'pole', 'camera:type': 'fixed', 'man_made': 'surveillance', 'surveillance': 'public', 'surveillance:type': 'camera', 'surveillance:zone': 'traffic'}",5,0,1,4,0.26,,Bengaluru
surveillance,13.0151223,77.5727992,"{'camera:direction': '0', 'camera:mount': 'pole', 'camera:type': 'fixed', 'man_made': 'surveillance', 'surveillance': 'public', 'surveillance:type': 'camera', 'surveillance:zone': 'traffic'}",5,0,1,1,0.44,New BEL Road,Bengaluru
surveillance,13.0151223,77.5727785,"{'camera:direction': '0', 'camera:mount': 'pole', 'camera:type': 'fixed', 'man_made': 'surveillance', 'surveillance': 'public', 'surveillance:type': 'camera', 'surveillance:zone': 'traffic'}",5,0,1,4,0.26,New BEL Road,Bengaluru
surveillance,13.0413366,77.6222977,"{'camera:mount': 'pole', 'camera:type': 'dome', 'man_made': 'surveillance', 'surveillance': 'public', 'surveillance:type': 'camera', 'surveillance:zone': 'traffic'}",5,0,1,0,0.5,TMR Road,Bengaluru
surveillance,13.0413545,77.6223055,"{'camera:direction': '270', 'camera:mount': 'pole', 'camera:type': 'fixed', 'man_made': 'surveillance', 'surveillance': 'public', 'surveillance:type': 'camera', 'surveillance:zone': 'traffic'}",5,0,1,0,0.5,TMR Road,Bengaluru
surveillance,13.0123147,77.6477234,"{'camera:mount': 'pole', 'camera:type': 'dome', 'man_made': 'surveillance', 'surveillance': 'public', 'surveillance:type': 'camera', 'survey:date': '2023-02-04'}",5,0,1,3,0.32,Banaswadi Main Road,Nainda Advanced Eye Care Centre
surveillance,12.9565816,77.6211012,"{'camera:mount': 'pole', 'camera:type': 'fixed', 'man_made': 'surveillance', 'surveillance': 'public', 'surveillance:type': 'camera', 'survey:date': '2023-02-04'}",5,0,1,2,0.38,Lower Agaram Road,Bengaluru
surveillance,12.9565816,77.6211012,"{'camera:mount': 'pole', 'camera:type': 'dome', 'man_made': 'surveillance', 'surveillance': 'public', 'surveillance:type': 'camera', 'survey:date': '2023-02-04'}",5,0,1,4,0.26,Lower Agaram Road,Bengaluru
surveillance,12.9717963,77.60445,"{'camera:mount': 'pole', 'camera:type': 'panning', 'man_made': 'surveillance', 'surveillance': 'public', 'surveillance:type': 'camera', 'survey:date': '2023-02-05'}",5,0,1,4,0.26,Rest House Road,Bengaluru
surveillance,12.975455,77.6026578,"{'camera:mount': 'pole', 'camera:type': 'dome', 'man_made': 'surveillance', 'surveillance': 'public', 'surveillance:type': 'camera', 'survey:date': '2023-02-05'}",5,0,1,1,0.44,,Bengaluru
surveillance,12.975455,77.6026578,"{'camera:mount': 'pole', 'camera:type': 'panning', 'man_made': 'surveillance', 'surveillance': 'public', 'surveillance:type': 'camera', 'survey:date': '2023-02-05'}",5,0,1,1,0.44,,Bengaluru
surveillance,13.0066794,77.578469,"{'camera:mount': 'pole', 'camera:type': 'panning', 'man_made': 'surveillance', 'surveillance': 'public', 'surveillance:type': 'camera', 'survey:date': '2023-02-06'}",5,0,1,3,0.32,Jeevaraj Alva Road,Bengaluru
surveillance,13.0064602,77.5788819,"{'camera:mount': 'pole', 'camera:type': 'dome', 'man_made': 'surveillance', 'surveillance': 'public', 'surveillance:type': 'camera', 'survey:date': '2023-02-06'}",5,0,1,2,0.38,,Bengaluru
surveillance,13.0064602,77.5788819,"{'camera:mount': 'pole', 'camera:type': 'panning', 'man_made': 'surveillance', 'surveillance': 'public', 'surveillance:type': 'camera', 'survey:date': '2023-02-06'}",5,0,1,3,0.32,,Bengaluru
surveillance,13.0063158,77.5788034,"{'camera:mount': 'pole', 'camera:type': 'panning', 'man_made': 'surveillance', 'surveillance': 'public', 'surveillance:type': 'camera', 'survey:date': '2023-02-06'}",5,0,1,2,0.38,Vyalikaval Main Road,Bengaluru
surveillance,13.0065724,77.5784155,"{'camera:mount': 'pole', 'camera:type': 'panning', 'man_made': 'surveillance', 'surveillance': 'public', 'surveillance:type': 'camera', 'survey:date': '2023-02-06'}",5,0,1,0,0.5,Jeevaraj Alva Road,Bengaluru
surveillance,12.9668876,77.6208666,"{'camera:direction': '245', 'camera:mount': 'pole', 'camera:type': 'fixed', 'man_made': 'surveillance', 'surveillance': 'traffic', 'surveillance:type': 'camera', 'surveillance:zone': 'traffic'}",5,0,1,2,0.38,HAL Old Airport Road,Bengaluru
surveillance,12.9353689,77.6314556,"{'camera:mount': 'pole', 'camera:type': 'dome', 'man_made': 'surveillance', 'surveillance': 'public', 'surveillance:type': 'camera'}",5,0,1,1,0.44,1st Cross Road,Supriya Stores
surveillance,12.9353701,77.631441,"{'camera:direction': '300', 'camera:mount': 'pole', 'camera:type': 'fixed', 'man_made': 'surveillance', 'surveillance': 'public', 'surveillance:type': 'camera'}",5,0,1,1,0.44,1st Cross Road,Supriya Stores
surveillance,12.9335106,77.6226015,"{'camera:mount': 'pole', 'camera:type': 'dome', 'man_made': 'surveillance', 'surveillance': 'public', 'surveillance:type': 'camera', 'survey:date': '2023-02-25'}",5,0,1,4,0.26,1st A Cross Road,The Filter Coffee
surveillance,12.9335106,77.6226015,"{'camera:mount': 'pole', 'camera:type': 'fixed', 'man_made': 'surveillance', 'surveillance': 'public', 'surveillance:type': 'camera', 'survey:date': '2023-02-25'}",5,0,1,1,0.44,1st A Cross Road,The Filter Coffee
surveillance,13.0061715,77.5485849,"{'camera:direction': '360', 'camera:mount': 'pole', 'camera:type': 'fixed', 'man_made': 'surveillance', 'surveillance': 'public', 'surveillance:type': 'camera', 'surveillance:zone': 'traffic'}",5,0,1,2,0.38,Pipeline Road,Bengaluru
surveillance,13.0061598,77.5485856,"{'camera:direction': '0', 'camera:mount': 'pole', 'camera:type': 'fixed', 'man_made': 'surveillance', 'surveillance': 'public', 'surveillance:type': 'camera', 'surveillance:zone': 'traffic'}",5,0,1,1,0.44,Pipeline Road,Bengaluru
surveillance,13.0017359,77.547736,"{'camera:direction': '160', 'camera:mount': 'pole', 'camera:type': 'fixed', 'man_made': 'surveillance', 'surveillance': 'public', 'surveillance:type': 'camera', 'surveillance:zone': 'traffic'}",5,0,1,4,0.26,,Bengaluru
surveillance,13.0017444,77.5477327,"{'camera:direction': '340', 'camera:mount': 'pole', 'camera:type': 'fixed', 'man_made': 'surveillance', 'surveillance': 'public', 'surveillance:type': 'camera', 'surveillance:zone': 'traffic'}",5,0,1,3,0.32,,Bengaluru
surveillance,13.0475467,77.6285805,"{'camera:mount': 'pole', 'camera:type': 'dome', 'man_made': 'surveillance', 'surveillance': 'public', 'surveillance:type': 'camera', 'surveillance:zone': 'traffic'}",5,0,1,3,0.32,Thanisandra Main Road,Sarai Palya
surveillance,12.9517352,77.6214956,"{'camera:mount': 'pole', 'camera:type': 'panning', 'man_made': 'surveillance', 'surveillance': 'public', 'surveillance:type': 'camera', 'survey:date': '2023-03-05'}",5,0,1,2,0.38,,Bengaluru
surveillance,12.9969946,77.5713643,"{'camera:mount': 'pole', 'camera:type': 'panning', 'man_made': 'surveillance', 'surveillance': 'public', 'surveillance:type': 'camera', 'surveillance:zone': 'town', 'survey:date': '2023-03-20'}",5,0,1,4,0.26,,Bengaluru
surveillance,12.9976625,77.5863047,"{'camera:type': 'panning', 'man_made': 'surveillance', 'surveillance': 'public', 'surveillance:type': 'camera', 'surveillance:zone': 'town', 'survey:date': '2023-03-20'}",5,0,1,2,0.38,Palace Cross Road,Bengaluru
surveillance,12.9975456,77.586268,"{'camera:mount': 'pole', 'camera:type': 'panning', 'man_made': 'surveillance', 'surveillance': 'public', 'surveillance:type': 'camera', 'surveillance:zone': 'town', 'survey:date': '2023-03-20'}",5,0,1,1,0.44,Palace Cross Road,Bengaluru
surveillance,13.0045563,77.6122444,"{'camera:mount': 'pole', 'camera:type': 'panning', 'man_made': 'surveillance', 'surveillance': 'public', 'surveillance:type': 'camera', 'survey:date': '2023-03-20'}",5,0,1,3,0.32,,Bengaluru
surveillance,12.9918586,77.5713164,"{'addr:city': 'Bengaluru', 'addr:postcode': '560003', 'addr:street': 'Sampige Road', 'air_conditioning': 'yes', 'camera:mount': 'building', 'camera:type': 'dome', 'man_made': 'surveillance', 'surveillance': 'public', 'surveillance:type': 'camera', 'survey:date': '2023-03-20'}",5,0,1,0,0.5,,
surveillance,12.9902706,77.5718161,"{'camera:mount': 'pole', 'camera:type': 'dome', 'man_made': 'surveillance', 'surveillance': 'public', 'surveillance:type': 'camera', 'surveillance:zone': 'town', 'survey:date': '2023-03-20'}",5,0,1,0,0.5,,Bengaluru
surveillance,12.9969946,77.5713643,"{'camera:mount': 'pole', 'camera:type': 'dome', 'man_made': 'surveillance', 'surveillance': 'public', 'surveillance:type': 'camera', 'surveillance:zone': 'town', 'survey:date': '2023-03-20'}",5,0,1,3,0.32,,Bengaluru
surveillance,12.9899841,77.5721382,"{'camera:mount': 'pole', 'camera:type': 'dome', 'man_made': 'surveillance', 'surveillance': 'public', 'surveillance:type': 'camera', 'surveillance:zone': 'town', 'survey:date': '2023-03-20'}",5,0,1,4,0.26,Subedar Chatram Road,Bengaluru
surveillance,12.9635028,77.6010389,"{'camera:direction': '260', 'camera:mount': 'pole', 'camera:type': 'fixed', 'man_made': 'surveillance', 'surveillance': 'public', 'surveillance:type': 'camera', 'surveillance:zone': 'traffic'}",5,0,1,2,0.38,,Bengaluru
surveillance,12.9635172,77.6010369,"{'camera:mount': 'dom', 'camera:type': 'fixed', 'man_made': 'surveillance', 'surveillance': 'public', 'surveillance:type': 'camera', 'surveillance:zone': 'traffic'}",5,0,1,1,0.44,,Bengaluru
surveillance,12.9631624,77.601337,"{'camera:direction': '105', 'camera:mount': 'pole', 'camera:type': 'fixed', 'man_made': 'surveillance', 'surveillance': 'public', 'surveillance:type': 'camera', 'surveillance:zone': 'traffic'}",5,0,1,3,0.32,,Bengaluru
surveillance,12.991538,77.6146329,"{'camera:mount': 'pole', 'camera:type': 'panning', 'man_made': 'surveillance', 'surveillance': 'public', 'surveillance:type': 'camera', 'surveillance:zone': 'town', 'survey:date': '2023-03-24'}",5,0,1,4,0.26,,Bengaluru
surveillance,12.9451582,77.6289206,"{'camera:mount': 'pole', 'camera:type': 'dome', 'man_made': 'surveillance', 'surveillance': 'public', 'surveillance:type': 'camera', 'surveillance:zone': 'traffic', 'survey:date': '2023-03-18'}",5,0,1,1,0.44,Sri Rama Temple Road,Public Distribution Shop
surveillance,12.9451557,77.6289154,"{'camera:direction': '0', 'camera:mount': 'pole', 'camera:type': 'fixed', 'man_made': 'surveillance', 'surveillance': 'public', 'surveillance:type': 'camera', 'surveillance:zone': 'traffic', 'survey:date': '2023-03-18'}",5,0,1,0,0.5,Sri Rama Temple Road,Public Distribution Shop
surveillance,12.9451678,77.6289166,"{'camera:direction': '0', 'camera:mount': 'pole', 'camera:type': 'fixed', 'man_made': 'surveillance', 'surveillance': 'public', 'surveillance:type': 'camera', 'surveillance:zone': 'traffic', 'survey:date': '2023-03-18'}",5,0,1,3,0.32,Sri Rama Temple Road,Public Distribution Shop
surveillance,12.9451521,77.6289158,"{'camera:direction': '270', 'camera:mount': 'pole', 'camera:type': 'fixed', 'man_made': 'surveillance', 'surveillance': 'public', 'surveillance:type': 'camera', 'surveillance:zone': 'traffic', 'survey:date': '2023-03-18'}",5,0,1,4,0.26,Sri Rama Temple Road,Public Distribution Shop
surveillance,12.9451644,77.6289164,"{'camera:direction': '270', 'camera:mount': 'pole', 'camera:type': 'fixed', 'man_made': 'surveillance', 'surveillance': 'public', 'surveillance:type': 'camera', 'surveillance:zone': 'traffic', 'survey:date': '2023-03-18'}",5,0,1,2,0.38,Sri Rama Temple Road,Public Distribution Shop
surveillance,12.9867349,77.5961204,"{'camera:direction': '135', 'camera:mount': 'pole', 'camera:type': 'fixed', 'man_made': 'surveillance', 'surveillance': 'public', 'surveillance:type': 'camera', 'surveillance:zone': 'traffic', 'survey:date': '2023-03-24'}",5,0,1,4,0.26,,Bengaluru
surveillance,12.9867408,77.5961137,"{'camera:direction': '215', 'camera:mount': 'pole', 'camera:type': 'fixed', 'man_made': 'surveillance', 'surveillance': 'public', 'surveillance:type': 'camera', 'surveillance:zone': 'traffic', 'survey:date': '2023-03-24'}",5,0,1,2,0.38,,Bengaluru
surveillance,12.9867526,77.5961036,"{'camera:direction': '305', 'camera:mount': 'pole', 'camera:type': 'fixed', 'man_made': 'surveillance', 'surveillance': 'public', 'surveillance:type': 'camera', 'surveillance:zone': 'traffic', 'survey:date': '2023-03-24'}",5,0,1,0,0.5,,Bengaluru
surveillance,12.9862736,77.5965609,"{'camera:direction': '215', 'camera:mount': 'pole', 'camera:type': 'fixed', 'man_made': 'surveillance', 'surveillance': 'public', 'surveillance:type': 'camera', 'surveillance:zone': 'traffic', 'survey:date': '2023-03-24'}",5,0,1,2,0.38,,Bengaluru
surveillance,12.9855986,77.5971376,"{'camera:direction': '315', 'camera:mount': 'pole', 'camera:type': 'fixed', 'man_made': 'surveillance', 'surveillance': 'public', 'surveillance:type': 'camera', 'surveillance:zone': 'traffic', 'survey:date': '2023-03-24'}",5,0,1,4,0.26,Edward Road,Bengaluru
surveillance,12.9855882,77.5971504,"{'camera:direction': '135', 'camera:mount': 'pole', 'camera:type': 'fixed', 'man_made': 'surveillance', 'surveillance': 'public', 'surveillance:type': 'camera', 'surveillance:zone': 'traffic', 'survey:date': '2023-03-24'}",5,0,1,0,0.5,Edward Road,Bengaluru
surveillance,12.9811169,77.5985169,"{'camera:mount': 'pole', 'camera:type': 'dome', 'man_made': 'surveillance', 'surveillance': 'public', 'surveillance:type': 'camera', 'surveillance:zone': 'traffic', 'survey:date': '2023-03-24'}",5,0,1,2,0.38,,Bengaluru
surveillance,12.9810725,77.5984968,"{'camera:direction': '290', 'camera:mount': 'pole', 'camera:type': 'fixed', 'man_made': 'surveillance', 'surveillance': 'public', 'surveillance:type': 'camera', 'surveillance:zone': 'traffic', 'survey:date': '2023-03-24'}",5,0,1,4,0.26,Cunningham Road,Bengaluru
surveillance,12.9810614,77.5985096,"{'camera:direction': '200', 'camera:mount': 'pole', 'camera:type': 'fixed', 'man_made': 'surveillance', 'surveillance': 'public', 'surveillance:type': 'camera', 'surveillance:zone': 'traffic', 'survey:date': '2023-03-24'}",5,0,1,0,0.5,Cunningham Road,Bengaluru
surveillance,13.0004684,77.5483114,"{'camera:direction': '170', 'camera:mount': 'pole', 'camera:type': 'fixed', 'man_made': 'surveillance', 'surveillance': 'public', 'surveillance:type': 'camera', 'surveillance:zone': 'traffic', 'survey:date': '2023-03-24'}",5,0,1,1,0.44,2nd Main Road,Bangalore
surveillance,13.0004762,77.5483103,"{'camera:direction': '350', 'camera:mount': 'pole', 'camera:type': 'fixed', 'man_made': 'surveillance', 'surveillance': 'public', 'surveillance:type': 'camera', 'surveillance:zone': 'traffic', 'survey:date': '2023-03-24'}",5,0,1,1,0.44,2nd Main Road,Bangalore
surveillance,13.0004739,77.5483026,"{'camera:direction': '260', 'camera:mount': 'pole', 'camera:type': 'fixed', 'man_made': 'surveillance', 'surveillance': 'public', 'surveillance:type': 'camera', 'surveillance:zone': 'traffic', 'survey:date': '2023-03-24'}",5,0,1,2,0.38,2nd Main Road,Bangalore
surveillance,13.001818,77.5785208,"{'camera:mount': 'pole', 'camera:type': 'dome', 'man_made': 'surveillance', 'surveillance': 'public', 'surveillance:type': 'camera', 'surveillance:zone': 'town', 'survey:date': '2023-03-29'}",5,0,1,4,0.26,,Bengaluru
surveillance,13.0083865,77.5430778,"{'camera:direction': '100', 'camera:mount': 'pole', 'camera:type': 'fixed', 'man_made': 'surveillance', 'surveillance': 'public', 'surveillance:type': 'camera', 'surveillance:zone': 'traffic'}",5,0,1,3,0.32,,Bengaluru
surveillance,13.0083763,77.5430841,"{'camera:direction': '10', 'camera:mount': 'pole', 'camera:type': 'fixed', 'man_made': 'surveillance', 'surveillance': 'public', 'surveillance:type': 'camera', 'surveillance:zone': 'traffic'}",5,0,1,2,0.38,,Bengaluru
surveillance,13.0006977,77.5474564,"{'camera:direction': '170', 'camera:mount': 'pole', 'camera:type': 'fixed', 'man_made': 'surveillance', 'surveillance': 'public', 'surveillance:type': 'camera', 'surveillance:zone': 'traffic'}",5,0,1,1,0.44,10th D Cross Road,Bengaluru
surveillance,13.000699,77.5474648,"{'camera:direction': '80', 'camera:mount': 'pole', 'camera:type': 'fixed', 'man_made': 'surveillance', 'surveillance': 'public', 'surveillance:type': 'camera', 'surveillance:zone': 'traffic'}",5,0,1,3,0.32,10th D Cross Road,Bengaluru
surveillance,13.0006925,77.547443,"{'camera:direction': '260', 'camera:mount': 'pole', 'camera:type': 'fixed', 'man_made': 'surveillance', 'surveillance': 'public', 'surveillance:type': 'camera', 'surveillance:zone': 'traffic'}",5,0,1,2,0.38,10th D Cross Road,Bengaluru
surveillance,13.0008519,77.5477823,"{'camera:direction': '350', 'camera:mount': 'pole', 'camera:type': 'fixed', 'man_made': 'surveillance', 'surveillance': 'public', 'surveillance:type': 'camera', 'surveillance:zone': 'traffic'}",5,0,1,2,0.38,10th D Cross Road,Bengaluru
surveillance,13.000831,77.5477756,"{'camera:direction': '260', 'camera:mount': 'pole', 'camera:type': 'fixed', 'man_made': 'surveillance', 'surveillance': 'public', 'surveillance:type': 'camera', 'surveillance:zone': 'traffic'}",5,0,1,3,0.32,10th D Cross Road,Bengaluru
surveillance,13.0012495,77.5475972,"{'camera:direction': '260', 'camera:mount': 'pole', 'camera:type': 'fixed', 'man_made': 'surveillance', 'surveillance': 'public', 'surveillance:type': 'camera', 'surveillance:zone': 'traffic'}",5,0,1,2,0.38,12th Main Road,Bengaluru
surveillance,13.0012504,77.5476093,"{'camera:direction': '170', 'camera:mount': 'pole', 'camera:type': 'fixed', 'man_made': 'surveillance', 'surveillance': 'public', 'surveillance:type': 'camera', 'surveillance:zone': 'traffic'}",5,0,1,3,0.32,12th Main Road,Bengaluru
surveillance,13.0012619,77.547613,"{'camera:direction': '80', 'camera:mount': 'pole', 'camera:type': 'fixed', 'man_made': 'surveillance', 'surveillance': 'public', 'surveillance:type': 'camera', 'surveillance:zone': 'traffic'}",5,0,1,4,0.26,12th Main Road,Bengaluru
surveillance,13.0024366,77.5466004,"{'camera:direction': '60', 'camera:mount': 'pole', 'camera:type': 'fixed', 'man_made': 'surveillance', 'surveillance': 'public', 'surveillance:type': 'camera', 'surveillance:zone': 'traffic'}",5,0,1,4,0.26,12th Cross Road,Bengaluru
surveillance,13.0024219,77.546578,"{'camera:direction': '240', 'camera:mount': 'pole', 'camera:type': 'fixed', 'man_made': 'surveillance', 'surveillance': 'public', 'surveillance:type': 'camera', 'surveillance:zone': 'traffic'}",5,0,1,3,0.32,,Bengaluru
surveillance,13.0026434,77.5469002,"{'camera:direction': '240', 'camera:mount': 'pole', 'camera:type': 'fixed', 'man_made': 'surveillance', 'surveillance': 'public', 'surveillance:type': 'camera', 'surveillance:zone': 'traffic'}",5,0,1,2,0.38,12th Cross Road,Bengaluru
surveillance,13.0026434,77.5469119,"{'camera:direction': '160', 'camera:mount': 'pole', 'camera:type': 'fixed', 'man_made': 'surveillance', 'surveillance': 'public', 'surveillance:type': 'camera', 'surveillance:zone': 'traffic'}",5,0,1,1,0.44,12th Cross Road,Bengaluru
surveillance,13.0026545,77.5469032,"{'camera:direction': '340', 'camera:mount': 'pole', 'camera:type': 'fixed', 'man_made': 'surveillance', 'surveillance': 'public', 'surveillance:type': 'camera', 'surveillance:zone': 'traffic'}",5,0,1,3,0.32,12th Cross Road,Bengaluru
surveillance,13.0030191,77.5467211,"{'camera:direction': '70', 'camera:mount': 'pole', 'camera:type': 'fixed', 'man_made': 'surveillance', 'surveillance': 'public', 'surveillance:type': 'camera', 'surveillance:zone': 'traffic'}",5,0,1,3,0.32,12th Cross Road,Bengaluru
surveillance,13.0030152,77.5467141,"{'camera:direction': '250', 'camera:mount': 'pole', 'camera:type': 'fixed', 'man_made': 'surveillance', 'surveillance': 'public', 'surveillance:type': 'camera', 'surveillance:zone': 'traffic'}",5,0,1,1,0.44,12th Cross Road,Bengaluru
surveillance,13.0042307,77.54612,"{'camera:direction': '250', 'camera:mount': 'pole', 'camera:type': 'fixed', 'man_made': 'surveillance', 'surveillance': 'public', 'surveillance:type': 'camera', 'surveillance:zone': 'traffic'}",5,0,1,3,0.32,,Bengaluru
surveillance,13.0042371,77.5461212,"{'camera:direction': '340', 'camera:mount': 'pole', 'camera:type': 'fixed', 'man_made': 'surveillance', 'surveillance': 'public', 'surveillance:type': 'camera', 'surveillance:zone': 'traffic'}",5,0,1,0,0.5,,Bengaluru
surveillance,13.0042294,77.5461255,"{'camera:direction': '160', 'camera:mount': 'pole', 'camera:type': 'fixed', 'man_made': 'surveillance', 'surveillance': 'public', 'surveillance:type': 'camera', 'surveillance:zone': 'traffic'}",5,0,1,1,0.44,,Bengaluru
surveillance,13.0046489,77.5459289,"{'camera:direction': '160', 'camera:mount': 'pole', 'camera:type': 'fixed', 'man_made': 'surveillance', 'surveillance': 'public', 'surveillance:type': 'camera', 'surveillance:zone': 'traffic'}",5,0,1,0,0.5,,Bengaluru
surveillance,13.0046574,77.5459332,"{'camera:direction': '70', 'camera:mount': 'pole', 'camera:type': 'fixed', 'man_made': 'surveillance', 'surveillance': 'public', 'surveillance:type': 'camera', 'surveillance:zone': 'traffic'}",5,0,1,0,0.5,,Bengaluru
surveillance,13.0048789,77.5458555,"{'camera:direction': '160', 'camera:mount': 'pole', 'camera:type': 'fixed', 'man_made': 'surveillance', 'surveillance': 'public', 'surveillance:type': 'camera', 'surveillance:zone': 'traffic'}",5,0,1,2,0.38,,Bengaluru
surveillance,13.0048753,77.5458454,"{'camera:direction': '150', 'camera:mount': 'pole', 'camera:type': 'fixed', 'man_made': 'surveillance', 'surveillance': 'public', 'surveillance:type': 'camera', 'surveillance:zone': 'traffic'}",5,0,1,4,0.26,,Bengaluru
surveillance,13.0048854,77.5458414,"{'camera:direction': '340', 'camera:mount': 'pole', 'camera:type': 'fixed', 'man_made': 'surveillance', 'surveillance': 'public', 'surveillance:type': 'camera', 'surveillance:zone': 'traffic'}",5,0,1,3,0.32,,Bengaluru
surveillance,13.0048602,77.5458001,"{'camera:direction': '160', 'camera:mount': 'pole', 'camera:type': 'fixed', 'man_made': 'surveillance', 'surveillance': 'public', 'surveillance:type': 'camera', 'surveillance:zone': 'traffic'}",5,0,1,1,0.44,,Bengaluru
surveillance,13.004874,77.5457961,"{'camera:direction': '340', 'camera:mount': 'pole', 'camera:type': 'fixed', 'man_made': 'surveillance', 'surveillance': 'public', 'surveillance:type': 'camera', 'surveillance:zone': 'traffic'}",5,0,1,3,0.32,,Bengaluru
surveillance,13.0054437,77.5455212,"{'camera:direction': '160', 'camera:mount': 'pole', 'camera:type': 'fixed', 'man_made': 'surveillance', 'surveillance': 'public', 'surveillance:type': 'camera', 'surveillance:zone': 'traffic'}",5,0,1,3,0.32,,Bengaluru
surveillance,13.0054607,77.5455151,"{'camera:direction': '340', 'camera:mount': 'pole', 'camera:type': 'fixed', 'man_made': 'surveillance', 'surveillance': 'public', 'surveillance:type': 'camera', 'surveillance:zone': 'traffic'}",5,0,1,1,0.44,,Bengaluru
surveillance,13.006228,77.5451681,"{'camera:direction': '250', 'camera:mount': 'pole', 'camera:type': 'fixed', 'man_made': 'surveillance', 'surveillance': 'public', 'surveillance:type': 'camera', 'surveillance:zone': 'traffic'}",5,0,1,3,0.32,,Bengaluru
surveillance,13.0062375,77.5451759,"{'camera:direction': '160', 'camera:mount': 'pole', 'camera:type': 'fixed', 'man_made': 'surveillance', 'surveillance': 'public', 'surveillance:type': 'camera', 'surveillance:zone': 'traffic'}",5,0,1,3,0.32,,Bengaluru
surveillance,13.0071462,77.5447789,"{'camera:direction': '100', 'camera:mount': 'pole', 'camera:type': 'fixed', 'man_made': 'surveillance', 'surveillance': 'public', 'surveillance:type': 'camera', 'surveillance:zone': 'traffic'}",5,0,1,2,0.38,,Bengaluru
surveillance,13.0071476,77.5447742,"{'camera:direction': '160', 'camera:mount': 'pole', 'camera:type': 'fixed', 'man_made': 'surveillance', 'surveillance': 'public', 'surveillance:type': 'camera', 'surveillance:zone': 'traffic'}",5,0,1,4,0.26,,Bengaluru
surveillance,13.0074309,77.5445955,"{'camera:direction': '160', 'camera:mount': 'pole', 'camera:type': 'fixed', 'man_made': 'surveillance', 'surveillance': 'public', 'surveillance:type': 'camera', 'surveillance:zone': 'traffic'}",5,0,1,3,0.32,,Bengaluru
surveillance,13.0074393,77.5445827,"{'camera:direction': '300', 'camera:mount': 'pole', 'camera:type': 'fixed', 'man_made': 'surveillance', 'surveillance': 'public', 'surveillance:type': 'camera', 'surveillance:zone': 'traffic'}",5,0,1,2,0.38,,Bengaluru
surveillance,13.0078699,77.5441462,"{'camera:direction': '10', 'camera:mount': 'pole', 'camera:type': 'fixed', 'man_made': 'surveillance', 'surveillance': 'public', 'surveillance:type': 'camera', 'surveillance:zone': 'traffic'}",5,0,1,3,0.32,"6th A Main, Mahalakshmi Layout, 2nd Stage",bangalore
surveillance,13.0078709,77.5441385,"{'camera:direction': '280', 'camera:mount': 'pole', 'camera:type': 'fixed', 'man_made': 'surveillance', 'surveillance': 'public', 'surveillance:type': 'camera', 'surveillance:zone': 'traffic'}",5,0,1,3,0.32,"6th A Main, Mahalakshmi Layout, 2nd Stage",bangalore
surveillance,13.0081397,77.5441925,"{'camera:direction': '280', 'camera:mount': 'pole', 'camera:type': 'fixed', 'man_made': 'surveillance', 'surveillance': 'public', 'surveillance:type': 'camera', 'surveillance:zone': 'traffic'}",5,0,1,3,0.32,"6th A Main, Mahalakshmi Layout, 2nd Stage",bangalore
surveillance,13.0081374,77.5442002,"{'camera:direction': '100', 'camera:mount': 'pole', 'camera:type': 'fixed', 'man_made': 'surveillance', 'surveillance': 'public', 'surveillance:type': 'camera', 'surveillance:zone': 'traffic'}",5,0,1,0,0.5,"6th A Main, Mahalakshmi Layout, 2nd Stage",bangalore
surveillance,13.0084105,77.5429795,"{'camera:mount': 'pole', 'camera:type': 'dome', 'man_made': 'surveillance', 'surveillance': 'public', 'surveillance:type': 'camera', 'surveillance:zone': 'traffic'}",5,0,1,0,0.5,,Bengaluru
surveillance,13.0081577,77.5458652,"{'camera:direction': '190', 'camera:mount': 'pole', 'camera:type': 'fixed', 'man_made': 'surveillance', 'surveillance': 'public', 'surveillance:type': 'camera', 'surveillance:zone': 'traffic'}",5,0,1,4,0.26,,Bengaluru
surveillance,13.0081708,77.5458933,"{'camera:direction': '100', 'camera:mount': 'pole', 'camera:type': 'fixed', 'man_made': 'surveillance', 'surveillance': 'public', 'surveillance:type': 'camera', 'surveillance:zone': 'traffic'}",5,0,1,1,0.44,,Bengaluru
surveillance,13.0064874,77.5494882,"{'camera:direction': '70', 'camera:mount': 'pole', 'camera:type': 'fixed', 'man_made': 'surveillance', 'surveillance': 'public', 'surveillance:type': 'camera', 'surveillance:zone': 'traffic'}",5,0,1,4,0.26,19th Main Road,Bengaluru
surveillance,13.0064779,77.5494932,"{'camera:direction': '160', 'camera:mount': 'pole', 'camera:type': 'fixed', 'man_made': 'surveillance', 'surveillance': 'public', 'surveillance:type': 'camera', 'surveillance:zone': 'traffic'}",5,0,1,2,0.38,19th Main Road,Bengaluru
surveillance,13.0064766,77.5494784,"{'camera:direction': '250', 'camera:mount': 'pole', 'camera:type': 'fixed', 'man_made': 'surveillance', 'surveillance': 'public', 'surveillance:type': 'camera', 'surveillance:zone': 'traffic'}",5,0,1,4,0.26,19th Main Road,Bengaluru
surveillance,13.0062695,77.5495059,"{'camera:direction': '45', 'camera:mount': 'pole', 'camera:type': 'fixed', 'man_made': 'surveillance', 'surveillance': 'public', 'surveillance:type': 'camera', 'surveillance:zone': 'traffic'}",5,0,1,0,0.5,19th Main Road,Bengaluru
surveillance,13.006264,77.5495036,"{'camera:direction': '225', 'camera:mount': 'pole', 'camera:type': 'fixed', 'man_made': 'surveillance', 'surveillance': 'public', 'surveillance:type': 'camera', 'surveillance:zone': 'traffic'}",5,0,1,3,0.32,19th Main Road,Bengaluru
surveillance,13.0055561,77.5497732,"{'camera:direction': '80', 'camera:mount': 'pole', 'camera:type': 'fixed', 'man_made': 'surveillance', 'surveillance': 'public', 'surveillance:type': 'camera', 'surveillance:zone': 'traffic'}",5,0,1,1,0.44,,Bengaluru
surveillance,13.0055535,77.5497618,"{'camera:direction': '170', 'camera:mount': 'pole', 'camera:type': 'fixed', 'man_made': 'surveillance', 'surveillance': 'public', 'surveillance:type': 'camera', 'surveillance:zone': 'traffic'}",5,0,1,0,0.5,,Bengaluru
surveillance,13.005251,77.5497745,"{'camera:direction': '350', 'camera:mount': 'pole', 'camera:type': 'fixed', 'man_made': 'surveillance', 'surveillance': 'public', 'surveillance:type': 'camera', 'surveillance:zone': 'traffic'}",5,0,1,4,0.26,,Bengaluru
surveillance,13.0052372,77.5497772,"{'camera:direction': '170', 'camera:mount': 'pole', 'camera:type': 'fixed', 'man_made': 'surveillance', 'surveillance': 'public', 'surveillance:type': 'camera', 'surveillance:zone': 'traffic'}",5,0,1,3,0.32,7th Cross Road,Bengaluru
surveillance,12.9399366,77.572991,"{'camera:direction': '135', 'camera:mount': 'pole', 'camera:type': 'fixed', 'man_made': 'surveillance', 'surveillance': 'public', 'surveillance:type': 'camera', 'surveillance:zone': 'traffic'}",5,0,1,0,0.5,,Bengaluru
surveillance,12.9399588,77.5729763,"{'camera:mount': 'pole', 'camera:type': 'dome', 'man_made': 'surveillance', 'surveillance': 'public', 'surveillance:type': 'camera', 'surveillance:zone': 'traffic'}",5,0,1,2,0.38,,Bengaluru
surveillance,12.9376623,77.5718036,"{'camera:direction': '180', 'camera:mount': 'pole', 'camera:type': 'fixed', 'man_made': 'surveillance', 'surveillance': 'public', 'surveillance:type': 'camera', 'surveillance:zone': 'traffic'}",5,0,1,2,0.38,,Bengaluru
surveillance,12.9376695,77.5718001,"{'camera:direction': '270', 'camera:mount': 'pole', 'camera:type': 'fixed', 'man_made': 'surveillance', 'surveillance': 'public', 'surveillance:type': 'camera', 'surveillance:zone': 'traffic'}",5,0,1,4,0.26,,Bengaluru
surveillance,12.938025,77.5784312,"{'camera:direction': '320', 'camera:mount': 'pole', 'camera:type': 'fixed', 'man_made': 'surveillance', 'surveillance': 'public', 'surveillance:type': 'camera', 'surveillance:zone': 'traffic'}",5,0,1,2,0.38,Model House Street,Bengaluru
surveillance,12.9379985,77.5784181,"{'camera:direction': '225', 'camera:mount': 'pole', 'camera:type': 'fixed', 'man_made': 'surveillance', 'surveillance': 'public', 'surveillance:type': 'camera', 'surveillance:zone': 'traffic'}",5,0,1,1,0.44,Model House Street,Bengaluru
surveillance,12.9380175,77.5784366,"{'camera:direction': '45', 'camera:mount': 'pole', 'camera:type': 'fixed', 'man_made': 'surveillance', 'surveillance': 'public', 'surveillance:type': 'camera', 'surveillance:zone': 'traffic'}",5,0,1,4,0.26,Model House Street,Bengaluru
surveillance,12.9380067,77.5784238,"{'camera:mount': 'pole', 'camera:type': 'dome', 'man_made': 'surveillance', 'surveillance': 'public', 'surveillance:type': 'camera', 'surveillance:zone': 'traffic'}",5,0,1,1,0.44,Model House Street,Bengaluru
surveillance,12.9382243,77.5787142,"{'camera:direction': '305', 'camera:mount': 'pole', 'camera:type': 'fixed', 'man_made': 'surveillance', 'surveillance': 'public', 'surveillance:type': 'camera', 'surveillance:zone': 'traffic'}",5,0,1,4,0.26,,Bengaluru
surveillance,12.938224,77.5787229,"{'camera:direction': '215', 'camera:mount': 'pole', 'camera:type': 'fixed', 'man_made': 'surveillance', 'surveillance': 'public', 'surveillance:type': 'camera', 'surveillance:zone': 'traffic'}",5,0,1,2,0.38,,Bengaluru
surveillance,12.9382289,77.5787253,"{'camera:direction': '135', 'camera:mount': 'pole', 'camera:type': 'fixed', 'man_made': 'surveillance', 'surveillance': 'public', 'surveillance:type': 'camera', 'surveillance:zone': 'traffic'}",5,0,1,3,0.32,,Bengaluru
surveillance,12.9382315,77.5787175,"{'camera:direction': '45', 'camera:mount': 'pole', 'camera:type': 'fixed', 'man_made': 'surveillance', 'surveillance': 'public', 'surveillance:type': 'camera', 'surveillance:zone': 'traffic'}",5,0,1,3,0.32,,Bengaluru
surveillance,12.996984,77.5713807,"{'camera:direction': '180', 'camera:mount': 'pole', 'camera:type': 'fixed', 'man_made': 'surveillance', 'surveillance': 'public', 'surveillance:type': 'camera', 'surveillance:zone': 'traffic'}",5,0,1,3,0.32,,Bengaluru
surveillance,12.9969833,77.5713455,"{'camera:direction': '270', 'camera:mount': 'pole', 'camera:type': 'fixed', 'man_made': 'surveillance', 'surveillance': 'public', 'surveillance:type': 'camera', 'surveillance:zone': 'traffic'}",5,0,1,4,0.26,,Bengaluru
surveillance,12.9993256,77.5713877,"{'camera:direction': '270', 'camera:mount': 'pole', 'camera:type': 'fixed', 'man_made': 'surveillance', 'surveillance': 'public', 'surveillance:type': 'camera', 'surveillance:zone': 'traffic'}",5,0,1,0,0.5,8th Cross Road,Bengaluru
surveillance,12.9993191,77.5713958,"{'camera:direction': '180', 'camera:mount': 'pole', 'camera:type': 'fixed', 'man_made': 'surveillance', 'surveillance': 'public', 'surveillance:type': 'camera', 'surveillance:zone': 'traffic'}",5,0,1,1,0.44,8th Cross Road,Bengaluru
surveillance,12.9993263,77.5714028,"{'camera:direction': '90', 'camera:mount': 'pole', 'camera:type': 'fixed', 'man_made': 'surveillance', 'surveillance': 'public', 'surveillance:type': 'camera', 'surveillance:zone': 'traffic'}",5,0,1,3,0.32,8th Cross Road,Bengaluru
surveillance,12.9993322,77.5713958,"{'camera:direction': '0', 'camera:mount': 'pole', 'camera:type': 'fixed', 'man_made': 'surveillance', 'surveillance': 'public', 'surveillance:type': 'camera', 'surveillance:zone': 'traffic'}",5,0,1,3,0.32,8th Cross Road,Bengaluru
surveillance,12.9669857,77.6113486,"{'camera:direction': '200', 'camera:mount': 'pole', 'camera:type': 'fixed', 'man_made': 'surveillance', 'surveillance': 'public', 'surveillance:type': 'camera', 'surveillance:zone': 'traffic'}",5,0,1,4,0.26,Philomena's Hospital Road,Bengaluru
surveillance,12.9684821,77.6145083,"{'camera:direction': '45', 'camera:mount': 'pole', 'camera:type': 'fixed', 'man_made': 'surveillance', 'surveillance': 'public', 'surveillance:type': 'camera', 'surveillance:zone': 'traffic'}",5,0,1,4,0.26,,Bengaluru
surveillance,12.9987778,77.5489246,"{'camera:direction': '80', 'camera:mount': 'pole', 'camera:type': 'fixed', 'man_made': 'surveillance', 'surveillance': 'public', 'surveillance:type': 'camera', 'surveillance:zone': 'traffic'}",5,0,1,3,0.32,9th B Cross Road,Bengaluru
surveillance,12.9987732,77.5489205,"{'camera:direction': '170', 'camera:mount': 'pole', 'camera:type': 'fixed', 'man_made': 'surveillance', 'surveillance': 'public', 'surveillance:type': 'camera', 'surveillance:zone': 'traffic'}",5,0,1,4,0.26,9th B Cross Road,Bengaluru
surveillance,12.9987788,77.5489192,"{'camera:direction': '350', 'camera:mount': 'pole', 'camera:type': 'fixed', 'man_made': 'surveillance', 'surveillance': 'public', 'surveillance:type': 'camera', 'surveillance:zone': 'traffic'}",5,0,1,0,0.5,9th B Cross Road,Bengaluru
surveillance,12.9975955,77.5504759,"{'camera:direction': '180', 'camera:mount': 'pole', 'camera:type': 'fixed', 'man_made': 'surveillance', 'surveillance': 'public', 'surveillance:type': 'camera', 'surveillance:zone': 'traffic'}",5,0,1,3,0.32,Mahakavi Kuvempu Road,Bengaluru
surveillance,12.9976024,77.5504682,"{'camera:direction': '305', 'camera:mount': 'pole', 'camera:type': 'fixed', 'man_made': 'surveillance', 'surveillance': 'public', 'surveillance:type': 'camera', 'surveillance:zone': 'traffic'}",5,0,1,4,0.26,Mahakavi Kuvempu Road,Bengaluru
surveillance,12.9976037,77.5504799,"{'camera:direction': '80', 'camera:mount': 'pole', 'camera:type': 'fixed', 'man_made': 'surveillance', 'surveillance': 'public', 'surveillance:type': 'camera', 'surveillance:zone': 'traffic'}",5,0,1,2,0.38,Mahakavi Kuvempu Road,Bengaluru
surveillance,12.9981105,77.5529906,"{'camera:direction': '270', 'camera:mount': 'pole', 'camera:type': 'fixed', 'man_made': 'surveillance', 'surveillance': 'public', 'surveillance:type': 'camera', 'surveillance:zone': 'traffic'}",5,0,1,0,0.5,,Bengaluru
surveillance,12.9981128,77.5530024,"{'camera:direction': '90', 'camera:mount': 'pole', 'camera:type': 'fixed', 'man_made': 'surveillance', 'surveillance': 'public', 'surveillance:type': 'camera', 'surveillance:zone': 'traffic'}",5,0,1,0,0.5,,Bengaluru
surveillance,12.9981156,77.5529988,"{'camera:direction': '0', 'camera:mount': 'pole', 'camera:type': 'fixed', 'man_made': 'surveillance', 'surveillance': 'public', 'surveillance:type': 'camera', 'surveillance:zone': 'traffic'}",5,0,1,2,0.38,,Bengaluru
surveillance,12.998602,77.5554376,"{'camera:direction': '270', 'camera:mount': 'pole', 'camera:type': 'fixed', 'man_made': 'surveillance', 'surveillance': 'public', 'surveillance:type': 'camera', 'surveillance:zone': 'traffic'}",5,0,1,4,0.26,Mahakavi Kuvempu Road,Bengaluru
surveillance,12.998602,77.555445,"{'camera:direction': '90', 'camera:mount': 'pole', 'camera:type': 'fixed', 'man_made': 'surveillance', 'surveillance': 'public', 'surveillance:type': 'camera', 'surveillance:zone': 'traffic'}",5,0,1,0,0.5,Mahakavi Kuvempu Road,Bengaluru
surveillance,12.9982984,77.5573519,"{'camera:direction': '270', 'camera:mount': 'pole', 'camera:type': 'fixed', 'man_made': 'surveillance', 'surveillance': 'public', 'surveillance:type': 'camera', 'surveillance:zone': 'traffic'}",5,0,1,0,0.5,Mahakavi Kuvempu Road,Bengaluru
surveillance,12.9982882,77.55736,"{'camera:direction': '180', 'camera:mount': 'pole', 'camera:type': 'fixed', 'man_made': 'surveillance', 'surveillance': 'public', 'surveillance:type': 'camera', 'surveillance:zone': 'traffic'}",5,0,1,2,0.38,Mahakavi Kuvempu Road,Bengaluru
surveillance,12.9982985,77.5573685,"{'camera:direction': '90', 'camera:mount': 'pole', 'camera:type': 'fixed', 'man_made': 'surveillance', 'surveillance': 'public', 'surveillance:type': 'camera', 'surveillance:zone': 'traffic'}",5,0,1,3,0.32,Mahakavi Kuvempu Road,Bengaluru
surveillance,12.9961796,77.5646038,"{'camera:direction': '10', 'camera:mount': 'pole', 'camera:type': 'fixed', 'man_made': 'surveillance', 'surveillance': 'public', 'surveillance:type': 'camera', 'surveillance:zone': 'traffic'}",5,0,1,0,0.5,2nd Main Road,Bengaluru
surveillance,12.9644173,77.6120695,"{'camera:direction': '70', 'camera:mount': 'pole', 'camera:type': 'fixed', 'man_made': 'surveillance', 'surveillance': 'public', 'surveillance:type': 'camera', 'surveillance:zone': 'traffic'}",5,0,1,1,0.44,3rd Cross Road,Bengaluru
surveillance,12.9644242,77.6120688,"{'camera:direction': '300', 'camera:mount': 'pole', 'camera:type': 'fixed', 'man_made': 'surveillance', 'surveillance': 'public', 'surveillance:type': 'camera', 'surveillance:zone': 'traffic'}",5,0,1,0,0.5,3rd Cross Road,Bengaluru
surveillance,12.966427,77.614065,"{'camera:mount': 'pole', 'camera:type': 'dome', 'man_made': 'surveillance', 'surveillance': 'public', 'surveillance:type': 'camera', 'surveillance:zone': 'traffic'}",5,0,1,2,0.38,,Bengaluru
surveillance,12.9664421,77.6140489,"{'camera:direction': '340', 'camera:mount': 'pole', 'camera:type': 'fixed', 'man_made': 'surveillance', 'surveillance': 'public', 'surveillance:type': 'camera', 'surveillance:zone': 'traffic'}",5,0,1,2,0.38,,Bengaluru
surveillance,12.9664094,77.6140617,"{'camera:direction': '180', 'camera:mount': 'pole', 'camera:type': 'fixed', 'man_made': 'surveillance', 'surveillance': 'public', 'surveillance:type': 'camera', 'surveillance:zone': 'traffic'}",5,0,1,3,0.32,,Bengaluru
surveillance,12.9664342,77.6140892,"{'camera:direction': '100', 'camera:mount': 'pole', 'camera:type': 'fixed', 'man_made': 'surveillance', 'surveillance': 'public', 'surveillance:type': 'camera', 'surveillance:zone': 'traffic'}",5,0,1,2,0.38,,Bengaluru
surveillance,12.9664676,77.5878283,"{'camera:direction': '225', 'camera:mount': 'pole', 'camera:type': 'fixed', 'man_made': 'surveillance', 'surveillance': 'public', 'surveillance:type': 'camera', 'surveillance:zone': 'traffic'}",5,0,1,1,0.44,JC Road,Bengaluru
surveillance,12.9664832,77.5878411,"{'camera:direction': '45', 'camera:mount': 'pole', 'camera:type': 'fixed', 'man_made': 'surveillance', 'surveillance': 'public', 'surveillance:type': 'camera', 'surveillance:zone': 'traffic'}",5,0,1,0,0.5,JC Road,Bengaluru
surveillance,12.967419,77.5887389,"{'camera:direction': '70', 'camera:mount': 'pole', 'camera:type': 'fixed', 'man_made': 'surveillance', 'surveillance': 'public', 'surveillance:type': 'camera', 'surveillance:zone': 'traffic'}",5,0,1,4,0.26,,Bengaluru
surveillance,12.964664,77.5966991,"{'camera:direction': '190', 'camera:mount': 'pole', 'camera:type': 'fixed', 'man_made': 'surveillance', 'surveillance': 'public', 'surveillance:type': 'camera', 'surveillance:zone': 'traffic'}",5,0,1,1,0.44,Rajaram Mohan Roy Road,Bengaluru
surveillance,12.9649509,77.597035,"{'camera:direction': '20', 'camera:mount': 'pole', 'camera:type': 'fixed', 'man_made': 'surveillance', 'surveillance': 'public', 'surveillance:type': 'camera', 'surveillance:zone': 'traffic'}",5,0,1,3,0.32,Mission Road,Bengaluru
surveillance,12.9647627,77.5972154,"{'camera:direction': '80', 'camera:mount': 'pole', 'camera:type': 'fixed', 'man_made': 'surveillance', 'surveillance': 'public', 'surveillance:type': 'camera', 'surveillance:zone': 'traffic'}",5,0,1,3,0.32,Richmond Road,Bangalore
surveillance,12.9775662,77.5740673,"{'camera:mount': 'pole', 'camera:type': 'dome', 'man_made': 'surveillance', 'surveillance': 'public', 'surveillance:type': 'camera', 'surveillance:zone': 'traffic'}",5,0,1,0,0.5,Dhanvanthari Road,Bengaluru
surveillance,12.9775826,77.5740498,"{'camera:direction': '315', 'camera:mount': 'pole', 'camera:type': 'fixed', 'man_made': 'surveillance', 'surveillance': 'public', 'surveillance:type': 'camera', 'surveillance:zone': 'traffic'}",5,0,1,0,0.5,Dhanvanthari Road,Bengaluru
surveillance,12.9828569,77.5612108,"{'camera:direction': '280', 'camera:mount': 'pole', 'camera:type': 'fixed', 'man_made': 'surveillance', 'surveillance': 'public', 'surveillance:type': 'camera', 'surveillance:zone': 'traffic'}",5,0,1,2,0.38,,Bengaluru
surveillance,12.9828569,77.5612181,"{'camera:direction': '90', 'camera:mount': 'pole', 'camera:type': 'fixed', 'man_made': 'surveillance', 'surveillance': 'public', 'surveillance:type': 'camera', 'surveillance:zone': 'traffic'}",5,0,1,4,0.26,,Bengaluru
surveillance,12.9838054,77.5580357,"{'camera:direction': '270', 'camera:mount': 'pole', 'camera:type': 'fixed', 'man_made': 'surveillance', 'surveillance': 'public', 'surveillance:type': 'camera', 'surveillance:zone': 'traffic'}",5,0,1,0,0.5,Vatal Nagaraj Road,Bengaluru
surveillance,12.9838214,77.5580494,"{'camera:direction': '0', 'camera:mount': 'pole', 'camera:type': 'fixed', 'man_made': 'surveillance', 'surveillance': 'public', 'surveillance:type': 'camera', 'surveillance:zone': 'traffic'}",5,0,1,2,0.38,Vatal Nagaraj Road,Bengaluru
surveillance,12.9883674,77.5560106,"{'camera:direction': '180', 'camera:mount': 'pole', 'camera:type': 'fixed', 'man_made': 'surveillance', 'surveillance': 'public', 'surveillance:type': 'camera', 'surveillance:zone': 'traffic'}",5,0,1,0,0.5,46th Cross Road,Bengaluru
surveillance,12.9883723,77.556015,"{'camera:direction': '90', 'camera:mount': 'pole', 'camera:type': 'fixed', 'man_made': 'surveillance', 'surveillance': 'public', 'surveillance:type': 'camera', 'surveillance:zone': 'traffic'}",5,0,1,2,0.38,46th Cross Road,Bengaluru
surveillance,12.9883763,77.5560106,"{'camera:direction': '0', 'camera:mount': 'pole', 'camera:type': 'fixed', 'man_made': 'surveillance', 'surveillance': 'public', 'surveillance:type': 'camera', 'surveillance:zone': 'traffic'}",5,0,1,2,0.38,46th Cross Road,Bengaluru
surveillance,12.9894883,77.5559691,"{'camera:direction': '180', 'camera:mount': 'pole', 'camera:type': 'fixed', 'man_made': 'surveillance', 'surveillance': 'public', 'surveillance:type': 'camera', 'surveillance:zone': 'traffic'}",5,0,1,1,0.44,10th Main Road,Bengaluru
surveillance,12.9894988,77.5559697,"{'camera:direction': '0', 'camera:mount': 'pole', 'camera:type': 'fixed', 'man_made': 'surveillance', 'surveillance': 'public', 'surveillance:type': 'camera', 'surveillance:zone': 'traffic'}",5,0,1,2,0.38,10th Main Road,Bengaluru
surveillance,12.9924874,77.5512658,"{'camera:direction': '270', 'camera:mount': 'pole', 'camera:type': 'fixed', 'man_made': 'surveillance', 'surveillance': 'public', 'surveillance:type': 'camera', 'surveillance:zone': 'traffic'}",5,0,1,1,0.44,Chord Road,Bengaluru
surveillance,12.9924861,77.5512806,"{'camera:direction': '90', 'camera:mount': 'pole', 'camera:type': 'fixed', 'man_made': 'surveillance', 'surveillance': 'public', 'surveillance:type': 'camera', 'surveillance:zone': 'traffic'}",5,0,1,3,0.32,Chord Road,Bengaluru
surveillance,12.9276303,77.620854,"{'camera:direction': '119', 'camera:mount': 'gantry', 'camera:type': 'fixed', 'man_made': 'surveillance', 'surveillance': 'public', 'surveillance:type': 'camera', 'surveillance:zone': 'traffic', 'survey:date': '2023-05-10'}",5,0,1,4,0.26,,Sarjapura Road
surveillance,12.9274248,77.6210671,"{'camera:direction': '270', 'camera:mount': 'gantry', 'camera:type': 'panning', 'man_made': 'surveillance', 'surveillance': 'public', 'surveillance:type': 'camera', 'surveillance:zone': 'traffic', 'survey:date': '2023-05-10'}",5,0,1,3,0.32,,Mahayogi Vemana Road
surveillance,12.9274269,77.6210678,"{'camera:direction': '280', 'camera:mount': 'gantry', 'camera:type': 'panning', 'man_made': 'surveillance', 'surveillance': 'public', 'surveillance:type': 'camera', 'surveillance:zone': 'traffic', 'survey:date': '2023-05-10'}",5,0,1,3,0.32,,Mahayogi Vemana Road
surveillance,12.9274215,77.6210656,"{'camera:direction': '280', 'camera:mount': 'gantry', 'camera:type': 'fixed', 'man_made': 'surveillance', 'operator': 'BTP', 'surveillance': 'public', 'surveillance:type': 'camera', 'surveillance:zone': 'traffic', 'survey:date': '2023-05-10'}",5,0,1,2,0.38,,Mahayogi Vemana Road
surveillance,12.9276362,77.6208526,"{'camera:direction': '125', 'camera:mount': 'gantry', 'camera:type': 'panning', 'man_made': 'surveillance', 'operator': 'BTP', 'surveillance': 'public', 'surveillance:type': 'camera', 'surveillance:zone': 'traffic', 'survey:date': '2023-05-10'}",5,0,1,0,0.5,,Sarjapura Road
surveillance,12.9300574,77.6292699,"{'camera:mount': 'pole', 'camera:type': 'panning', 'man_made': 'surveillance', 'surveillance': 'public', 'surveillance:type': 'camera', 'surveillance:zone': 'town', 'survey:date': '2023-05-10'}",5,0,1,1,0.44,8th Main Road,
surveillance,12.927531,77.6211106,"{'camera:direction': 'null', 'camera:mount': 'gantry', 'camera:type': 'panning', 'man_made': 'surveillance', 'operator': 'BTP', 'surveillance': 'public', 'surveillance:type': 'camera', 'surveillance:zone': 'traffic', 'survey:date': '2023-05-10'}",5,0,1,3,0.32,,Mahayogi Vemana Road
surveillance,12.9300574,77.6292699,"{'camera:mount': 'pole', 'camera:type': 'panning', 'man_made': 'surveillance', 'surveillance': 'public', 'surveillance:type': 'camera', 'surveillance:zone': 'traffic', 'survey:date': '2023-05-10'}",5,0,1,4,0.26,8th Main Road,
surveillance,12.9276392,77.620856,"{'camera:mount': 'gantry', 'camera:type': 'panning', 'man_made': 'surveillance', 'surveillance': 'public', 'surveillance:type': 'camera', 'surveillance:zone': 'traffic', 'survey:date': '2023-05-10'}",5,0,1,0,0.5,,Sarjapura Road
surveillance,12.9297697,77.6330415,"{'camera:mount': 'pole', 'camera:type': 'panning', 'man_made': 'surveillance', 'surveillance': 'public', 'surveillance:type': 'camera', 'surveillance:zone': 'traffic', 'survey:date': '2023-05-10'}",5,0,1,0,0.5,,7th Cross Road
surveillance,12.929773,77.6330433,"{'camera:mount': 'pole', 'camera:type': 'panning', 'man_made': 'surveillance', 'surveillance': 'public', 'surveillance:type': 'camera', 'surveillance:zone': 'town', 'survey:date': '2023-05-10'}",5,0,1,1,0.44,,7th Cross Road
surveillance,12.9581623,77.5928796,"{'camera:mount': 'pole', 'camera:type': 'dome', 'man_made': 'surveillance', 'surveillance': 'public', 'surveillance:type': 'camera', 'surveillance:zone': 'traffic'}",5,0,1,0,0.5,Kengal Hanumanthaiah Road,Bengaluru
surveillance,12.9581699,77.5928877,"{'camera:direction': '20', 'camera:mount': 'pole', 'camera:type': 'fixed', 'man_made': 'surveillance', 'surveillance': 'public', 'surveillance:type': 'camera', 'surveillance:zone': 'traffic'}",5,0,1,0,0.5,Kengal Hanumanthaiah Road,Bengaluru
surveillance,12.9581548,77.592883,"{'camera:direction': '200', 'camera:mount': 'pole', 'camera:type': 'fixed', 'man_made': 'surveillance', 'surveillance': 'public', 'surveillance:type': 'camera', 'surveillance:zone': 'traffic'}",5,0,1,0,0.5,Kengal Hanumanthaiah Road,Bengaluru
surveillance,12.9992881,77.5780684,"{'camera:direction': '240', 'camera:mount': 'pole', 'camera:type': 'fixed', 'man_made': 'surveillance', 'surveillance': 'public', 'surveillance:type': 'camera', 'surveillance:zone': 'traffic'}",5,0,1,0,0.5,Palace Guttahalli Main Road,Bengaluru
surveillance,12.999289,77.5780869,"{'camera:direction': '120', 'camera:mount': 'pole', 'camera:type': 'fixed', 'man_made': 'surveillance', 'surveillance': 'public', 'surveillance:type': 'camera', 'surveillance:zone': 'traffic'}",5,0,1,4,0.26,Palace Guttahalli Main Road,Bengaluru
surveillance,12.9992998,77.5780778,"{'camera:direction': '0', 'camera:mount': 'pole', 'camera:type': 'fixed', 'man_made': 'surveillance', 'surveillance': 'public', 'surveillance:type': 'camera', 'surveillance:zone': 'traffic'}",5,0,1,2,0.38,Palace Guttahalli Main Road,Bengaluru
surveillance,12.9975847,77.6208226,"{'camera:mount': 'pole', 'camera:type': 'panning', 'man_made': 'surveillance', 'surveillance': 'public', 'surveillance:type': 'camera', 'surveillance:zone': 'area', 'survey:date': '2023-07-07'}",5,0,1,2,0.38,,Bengaluru
surveillance,13.0061308,77.5809893,"{'camera:mount': 'pole', 'camera:type': 'panning', 'man_made': 'surveillance', 'surveillance': 'outdoor', 'surveillance:type': 'camera', 'surveillance:zone': 'area', 'survey:date': '2023-07-13'}",5,0,1,3,0.32,,Bengaluru
surveillance,13.0061308,77.5809893,"{'camera:type': 'panning', 'man_made': 'surveillance', 'surveillance:type': 'camera', 'survey:date': '2023-07-13'}",5,0,1,0,0.5,,Bengaluru
surveillance,12.9278604,77.5881954,"{'camera:direction': '90', 'camera:mount': 'wall', 'camera:type': 'fixed', 'man_made': 'surveillance', 'surveillance': 'outdoor', 'surveillance:type': 'camera', 'surveillance:zone': 'area', 'survey:date': '2023-07-15'}",5,0,1,2,0.38,,30th Cross Road
surveillance,12.9278604,77.5881954,"{'camera:direction': '270', 'camera:mount': 'wall', 'camera:type': 'fixed', 'man_made': 'surveillance', 'surveillance': 'outdoor', 'surveillance:type': 'camera', 'surveillance:zone': 'area', 'survey:date': '2023-07-15'}",5,0,1,2,0.38,,30th Cross Road
surveillance,12.9277311,77.588144,"{'camera:direction': '270', 'camera:mount': 'pole', 'camera:type': 'panning', 'man_made': 'surveillance', 'surveillance': 'public', 'surveillance:type': 'camera', 'surveillance:zone': 'area', 'survey:date': '2023-07-15'}",5,0,1,2,0.38,,30th Cross Road
surveillance,12.9277311,77.588144,"{'camera:direction': '180', 'camera:mount': 'pole', 'camera:type': 'panning', 'man_made': 'surveillance', 'surveillance': 'public', 'surveillance:type': 'camera', 'surveillance:zone': 'area', 'survey:date': '2023-07-15'}",5,0,1,1,0.44,,30th Cross Road
surveillance,12.9284466,77.5844664,"{'camera:direction': '90', 'camera:mount': 'wall', 'camera:type': 'panning', 'man_made': 'surveillance', 'surveillance': 'public', 'surveillance:type': 'camera', 'surveillance:zone': 'area', 'survey:date': '2023-07-15'}",5,0,1,0,0.5,30 Cross Road,Regional Transport Office Jayanagar
surveillance,12.9285828,77.5843378,"{'camera:direction': '90', 'camera:mount': 'wall', 'camera:type': 'panning', 'man_made': 'surveillance', 'surveillance': 'public', 'surveillance:type': 'camera', 'surveillance:zone': 'area', 'survey:date': '2023-07-15'}",5,0,1,3,0.32,,30 Cross Road
surveillance,12.9262904,77.584912,"{'camera:direction': '90', 'camera:mount': 'pole', 'camera:type': 'panning', 'man_made': 'surveillance', 'surveillance': 'public', 'surveillance:type': 'camera', 'surveillance:zone': 'area', 'survey:date': '2023-07-15'}",5,0,1,2,0.38,33rd Cross Road,Bangalore
surveillance,12.9262904,77.584912,"{'camera:direction': '270', 'camera:mount': 'pole', 'camera:type': 'panning', 'man_made': 'surveillance', 'surveillance': 'public', 'surveillance:type': 'camera', 'surveillance:zone': 'area', 'survey:date': '2023-07-15'}",5,0,1,0,0.5,33rd Cross Road,Bangalore
surveillance,12.9262904,77.584912,"{'camera:mount': 'pole', 'camera:type': 'dome', 'man_made': 'surveillance', 'surveillance': 'public', 'surveillance:type': 'camera', 'surveillance:zone': 'area', 'survey:date': '2023-07-15'}",5,0,1,3,0.32,33rd Cross Road,Bangalore
surveillance,12.9613745,77.6358197,"{'camera:mount': 'pole', 'camera:type': 'dome', 'man_made': 'surveillance', 'surveillance': 'public', 'surveillance:type': 'camera'}",5,0,1,1,0.44,,Bengaluru
surveillance,12.9613749,77.6358241,"{'camera:direction': '150', 'camera:mount': 'pole', 'camera:type': 'fixed', 'man_made': 'surveillance', 'surveillance': 'public', 'surveillance:type': 'camera', 'surveillance:zone': 'town'}",5,0,1,3,0.32,,Bengaluru
surveillance,12.920928,77.5743619,"{'camera:type': 'panning', 'man_made': 'surveillance', 'surveillance:type': 'camera', 'survey:date': '2023-07-22'}",5,0,1,2,0.38,,27th Cross Road
surveillance,12.920928,77.5743619,"{'camera:mount': 'pole', 'camera:type': 'panning', 'man_made': 'surveillance', 'surveillance': 'public', 'surveillance:type': 'camera', 'surveillance:zone': 'area', 'survey:date': '2023-07-22'}",5,0,1,0,0.5,,27th Cross Road
surveillance,12.9199571,77.5741463,"{'camera:mount': 'pole', 'camera:type': 'dome', 'man_made': 'surveillance', 'surveillance': 'outdoor', 'surveillance:type': 'camera', 'surveillance:zone': 'area', 'survey:date': '2023-07-22'}",5,0,1,1,0.44,,Kanakapura Road
surveillance,12.9198761,77.5741232,"{'camera:direction': '270', 'camera:mount': 'pole', 'camera:type': 'panning', 'man_made': 'surveillance', 'surveillance': 'public', 'surveillance:type': 'camera', 'surveillance:zone': 'area', 'survey:date': '2023-07-22'}",5,0,1,3,0.32,,Kanakapura Road
surveillance,12.9209313,77.5743393,"{'camera:mount': 'pole', 'camera:type': 'dome', 'man_made': 'surveillance', 'surveillance': 'public', 'surveillance:type': 'camera', 'survey:date': '2023-07-22'}",5,0,1,3,0.32,,27th Cross Road
surveillance,12.9198761,77.5741232,"{'camera:direction': '90', 'camera:mount': 'pole', 'camera:type': 'panning', 'man_made': 'surveillance', 'surveillance': 'public', 'surveillance:type': 'camera', 'surveillance:zone': 'area', 'survey:date': '2023-07-22'}",5,0,1,1,0.44,,Kanakapura Road
surveillance,12.9198761,77.5741232,"{'camera:direction': '180', 'camera:mount': 'pole', 'camera:type': 'panning', 'man_made': 'surveillance', 'surveillance': 'public', 'surveillance:type': 'camera', 'surveillance:zone': 'area', 'survey:date': '2023-07-22'}",5,0,1,0,0.5,,Kanakapura Road
surveillance,12.9198841,77.575716,"{'camera:direction': '0', 'camera:mount': 'wall', 'camera:type': 'dome', 'man_made': 'surveillance', 'surveillance': 'outdoor', 'surveillance:type': 'camera', 'surveillance:zone': 'area', 'survey:date': '2023-07-22'}",5,0,1,1,0.44,"40th cross, 1st Main Rd, 8th Block, Jayanagar",Bengaluru
surveillance,12.9235018,77.5735686,"{'camera:mount': 'pole', 'camera:type': 'dome', 'man_made': 'surveillance', 'surveillance': 'public', 'surveillance:type': 'camera', 'surveillance:zone': 'area', 'survey:date': '2023-07-22'}",5,0,1,0,0.5,,23rd Cross Road
surveillance,12.9236189,77.5735714,"{'camera:mount': 'pole', 'camera:type': 'panning', 'man_made': 'surveillance', 'surveillance': 'public', 'surveillance:type': 'camera', 'surveillance:zone': 'area', 'survey:date': '2023-07-22'}",5,0,1,3,0.32,,23rd Cross Road
surveillance,12.9236188,77.5735765,"{'camera:mount': 'pole', 'camera:type': 'panning', 'man_made': 'surveillance', 'surveillance': 'public', 'surveillance:type': 'camera', 'survey:date': '2023-07-22'}",5,0,1,1,0.44,,23rd Cross Road
surveillance,12.9236189,77.5735714,"{'camera:mount': 'pole', 'camera:type': 'panning', 'man_made': 'surveillance', 'surveillance': 'public', 'surveillance:type': 'camera', 'survey:date': '2023-07-22'}",5,0,1,1,0.44,,23rd Cross Road
surveillance,12.9742861,77.6111554,"{'man_made': 'surveillance', 'surveillance:type': 'camera', 'survey:date': '2023-08-02'}",5,0,1,3,0.32,,Bengaluru
surveillance,12.9743134,77.6077088,"{'camera:type': 'panning', 'man_made': 'surveillance', 'surveillance:type': 'camera', 'survey:date': '2023-08-02'}",5,0,1,0,0.5,Brigade Road,Bengaluru
surveillance,12.9749944,77.6079794,"{'camera:type': 'dome', 'man_made': 'surveillance', 'surveillance:type': 'camera', 'survey:date': '2023-08-02'}",5,0,1,2,0.38,,Bengaluru
surveillance,12.9749832,77.6079661,"{'camera:type': 'panning', 'man_made': 'surveillance', 'surveillance:type': 'camera', 'survey:date': '2023-08-02'}",5,0,1,0,0.5,,Bengaluru
surveillance,12.9743134,77.6077088,"{'camera:type': 'dome', 'man_made': 'surveillance', 'surveillance:type': 'camera', 'survey:date': '2023-08-02'}",5,0,1,3,0.32,Brigade Road,Bengaluru
surveillance,12.9743134,77.6077088,"{'camera:type': 'fixed', 'man_made': 'surveillance', 'surveillance:type': 'camera', 'survey:date': '2023-08-02'}",5,0,1,3,0.32,Brigade Road,Bengaluru
surveillance,12.9733602,77.6200338,"{'camera:type': 'fixed', 'man_made': 'surveillance', 'surveillance:type': 'camera', 'survey:date': '2023-08-02'}",5,0,1,4,0.26,Bhaskaran Road,Bengaluru
surveillance,12.9731619,77.6166943,"{'camera:type': 'fixed', 'man_made': 'surveillance', 'surveillance:type': 'camera', 'survey:date': '2023-08-03'}",5,0,1,4,0.26,Mahatma Gandhi Road,Bengaluru
surveillance,12.9724983,77.6195251,"{'camera:type': 'panning', 'man_made': 'surveillance', 'surveillance:type': 'camera', 'survey:date': '2023-08-03'}",5,0,1,4,0.26,,Bengaluru
surveillance,12.9723628,77.6196268,"{'camera:type': 'dome', 'man_made': 'surveillance', 'surveillance:type': 'camera', 'survey:date': '2023-08-03'}",5,0,1,1,0.44,,Bengaluru
surveillance,12.9118421,77.6490945,"{'camera:direction': '0', 'camera:mount': 'pole', 'camera:type': 'fixed', 'man_made': 'surveillance', 'surveillance': 'public', 'surveillance:type': 'camera', 'surveillance:zone': 'town'}",5,0,1,4,0.26,,24th Main Road
surveillance,12.9118447,77.6491117,"{'camera:direction': '90', 'camera:mount': 'pole', 'camera:type': 'fixed', 'man_made': 'surveillance', 'surveillance': 'public', 'surveillance:type': 'camera', 'surveillance:zone': 'town'}",5,0,1,4,0.26,,24th Main Road
surveillance,12.9118434,77.6490747,"{'camera:direction': '270', 'camera:mount': 'pole', 'camera:type': 'fixed', 'man_made': 'surveillance', 'surveillance': 'public', 'surveillance:type': 'camera', 'surveillance:zone': 'traffic'}",5,0,1,4,0.26,,24th Main Road
surveillance,12.9118241,77.6490932,"{'camera:direction': '180', 'camera:mount': 'pole', 'camera:type': 'fixed', 'man_made': 'surveillance', 'surveillance': 'public', 'surveillance:type': 'camera', 'surveillance:zone': 'town'}",5,0,1,3,0.32,,24th Main Road
surveillance,12.908716,77.649298,"{'camera:direction': '0', 'camera:mount': 'pole', 'camera:type': 'fixed', 'man_made': 'surveillance', 'surveillance': 'public', 'surveillance:type': 'camera', 'surveillance:zone': 'town'}",5,0,1,2,0.38,22nd Cross Road,Green's Unisex Salon
surveillance,12.9087137,77.649301,"{'camera:direction': '90', 'camera:mount': 'pole', 'camera:type': 'fixed', 'man_made': 'surveillance', 'surveillance': 'public', 'surveillance:type': 'camera', 'surveillance:zone': 'town'}",5,0,1,1,0.44,22nd Cross Road,Green's Unisex Salon
surveillance,12.9087121,77.6492982,"{'camera:direction': '180', 'camera:mount': 'pole', 'camera:type': 'fixed', 'man_made': 'surveillance', 'surveillance': 'public', 'surveillance:type': 'camera', 'surveillance:zone': 'town'}",5,0,1,4,0.26,22nd Cross Road,Green's Unisex Salon
surveillance,12.9087139,77.6492956,"{'camera:direction': '270', 'camera:mount': 'pole', 'camera:type': 'fixed', 'man_made': 'surveillance', 'surveillance': 'public', 'surveillance:type': 'camera', 'surveillance:zone': 'town'}",5,0,1,4,0.26,22nd Cross Road,Green's Unisex Salon
surveillance,13.0177133,77.5664149,"{'camera:direction': '180', 'camera:mount': 'pole', 'camera:type': 'fixed', 'man_made': 'surveillance', 'surveillance': 'public', 'surveillance:type': 'camera', 'surveillance:zone': 'traffic'}",5,0,1,1,0.44,CV Raman Road,Bengaluru
surveillance,13.0177205,77.5664203,"{'camera:direction': '90', 'camera:mount': 'pole', 'camera:type': 'fixed', 'man_made': 'surveillance', 'surveillance': 'public', 'surveillance:type': 'camera', 'surveillance:zone': 'traffic'}",5,0,1,3,0.32,CV Raman Road,Bengaluru
surveillance,13.0203762,77.5664585,"{'camera:direction': '180', 'camera:mount': 'pole', 'camera:type': 'fixed', 'man_made': 'surveillance', 'surveillance': 'public', 'surveillance:type': 'camera', 'surveillance:zone': 'traffic'}",5,0,1,1,0.44,Gulmohar Marg,Bengaluru
surveillance,13.0203854,77.5664692,"{'camera:direction': '90', 'camera:mount': 'pole', 'camera:type': 'fixed', 'man_made': 'surveillance', 'surveillance': 'public', 'surveillance:type': 'camera', 'surveillance:zone': 'traffic'}",5,0,1,2,0.38,Gulmohar Marg,Bengaluru
surveillance,13.0224583,77.5666339,"{'camera:direction': '90', 'camera:mount': 'pole', 'camera:type': 'fixed', 'man_made': 'surveillance', 'surveillance': 'public', 'surveillance:type': 'camera', 'surveillance:zone': 'traffic'}",5,0,1,4,0.26,Gulmohar Marg,Bengaluru
surveillance,13.0224701,77.5666449,"{'camera:direction': '0', 'camera:mount': 'pole', 'camera:type': 'fixed', 'man_made': 'surveillance', 'surveillance': 'public', 'surveillance:type': 'camera', 'surveillance:zone': 'traffic'}",5,0,1,2,0.38,Gulmohar Marg,Bengaluru
surveillance,12.997818,77.5847552,"{'camera:direction': '90', 'camera:mount': 'pole', 'camera:type': 'fixed', 'man_made': 'surveillance', 'surveillance': 'public', 'surveillance:type': 'camera', 'surveillance:zone': 'traffic'}",5,0,1,2,0.38,Palace Cross Road,Bengaluru
surveillance,12.9978226,77.5847314,"{'camera:direction': '270', 'camera:mount': 'pole', 'camera:type': 'fixed', 'man_made': 'surveillance', 'surveillance': 'public', 'surveillance:type': 'camera', 'surveillance:zone': 'traffic'}",5,0,1,4,0.26,Palace Cross Road,Bengaluru
surveillance,12.996984,77.57321,"{'camera:direction': '0', 'camera:mount': 'pole', 'camera:type': 'fixed', 'man_made': 'surveillance', 'surveillance': 'public', 'surveillance:type': 'camera', 'surveillance:zone': 'traffic'}",5,0,1,4,0.26,,Bengaluru
surveillance,12.9969751,77.5732012,"{'camera:direction': '225', 'camera:mount': 'pole', 'camera:type': 'fixed', 'man_made': 'surveillance', 'surveillance': 'public', 'surveillance:type': 'camera', 'surveillance:zone': 'traffic'}",5,0,1,2,0.38,,Bengaluru
surveillance,12.998145,77.5523233,"{'camera:direction': '80', 'camera:mount': 'pole', 'camera:type': 'fixed', 'man_made': 'surveillance', 'surveillance': 'public', 'surveillance:type': 'camera', 'surveillance:zone': 'traffic'}",5,0,1,0,0.5,14th Main Road,Bengaluru
surveillance,12.9981437,77.5522938,"{'camera:direction': '260', 'camera:mount': 'pole', 'camera:type': 'fixed', 'man_made': 'surveillance', 'surveillance': 'public', 'surveillance:type': 'camera', 'surveillance:zone': 'traffic'}",5,0,1,3,0.32,14th Main Road,Bengaluru
surveillance,12.9987611,77.5553894,"{'camera:mount': 'pole', 'camera:type': 'dome', 'man_made': 'surveillance', 'surveillance': 'public', 'surveillance:type': 'camera', 'surveillance:zone': 'traffic'}",5,0,1,4,0.26,,Bengaluru
surveillance,12.9987598,77.5553786,"{'camera:direction': '170', 'camera:mount': 'pole', 'camera:type': 'fixed', 'man_made': 'surveillance', 'surveillance': 'public', 'surveillance:type': 'camera', 'surveillance:zone': 'traffic'}",5,0,1,3,0.32,,Bengaluru
surveillance,12.9987637,77.5554048,"{'camera:direction': '90', 'camera:mount': 'pole', 'camera:type': 'fixed', 'man_made': 'surveillance', 'surveillance': 'public', 'surveillance:type': 'camera', 'surveillance:zone': 'traffic'}",5,0,1,2,0.38,,Bengaluru
surveillance,12.9987716,77.5553934,"{'camera:direction': '0', 'camera:mount': 'pole', 'camera:type': 'fixed', 'man_made': 'surveillance', 'surveillance': 'public', 'surveillance:type': 'camera', 'surveillance:zone': 'traffic'}",5,0,1,2,0.38,,Bengaluru
surveillance,12.9976576,77.5597872,"{'camera:direction': '10', 'camera:mount': 'pole', 'camera:type': 'fixed', 'man_made': 'surveillance', 'surveillance': 'public', 'surveillance:type': 'camera', 'surveillance:zone': 'traffic'}",5,0,1,0,0.5,Mahakavi Kuvempu Road,Bengaluru
surveillance,12.9976445,77.5597805,"{'camera:direction': '120', 'camera:mount': 'pole', 'camera:type': 'fixed', 'man_made': 'surveillance', 'surveillance': 'public', 'surveillance:type': 'camera', 'surveillance:zone': 'traffic'}",5,0,1,4,0.26,Mahakavi Kuvempu Road,Bengaluru
surveillance,12.9972669,77.5606549,"{'camera:direction': '225', 'camera:mount': 'pole', 'camera:type': 'fixed', 'man_made': 'surveillance', 'surveillance': 'public', 'surveillance:type': 'camera', 'surveillance:zone': 'traffic'}",5,0,1,0,0.5,Mahakavi Kuvempu Road,Bengaluru
surveillance,12.9969617,77.5667509,"{'camera:mount': 'pole', 'camera:type': 'dome', 'man_made': 'surveillance', 'surveillance': 'public', 'surveillance:type': 'camera', 'surveillance:zone': 'traffic'}",5,0,1,1,0.44,11th Main Road,Bengaluru
surveillance,13.0036741,77.5681872,"{'camera:direction': '90', 'camera:mount': 'pole', 'camera:type': 'fixed', 'man_made': 'surveillance', 'surveillance': 'public', 'surveillance:type': 'camera', 'surveillance:zone': 'traffic'}",5,0,1,4,0.26,13th Cross Road,Bengaluru
surveillance,13.0036741,77.5681828,"{'camera:direction': '270', 'camera:mount': 'pole', 'camera:type': 'fixed', 'man_made': 'surveillance', 'surveillance': 'public', 'surveillance:type': 'camera', 'surveillance:zone': 'traffic'}",5,0,1,4,0.26,13th Cross Road,Bengaluru
surveillance,13.0056706,77.5652188,"{'camera:direction': '270', 'camera:mount': 'pole', 'camera:type': 'fixed', 'man_made': 'surveillance', 'surveillance': 'public', 'surveillance:type': 'camera', 'surveillance:zone': 'traffic'}",5,0,1,0,0.5,,Bengaluru
surveillance,13.0056666,77.5652239,"{'camera:direction': '180', 'camera:mount': 'pole', 'camera:type': 'fixed', 'man_made': 'surveillance', 'surveillance': 'public', 'surveillance:type': 'camera', 'surveillance:zone': 'traffic'}",5,0,1,1,0.44,,Bengaluru
surveillance,13.0056693,77.5652269,"{'camera:direction': '90', 'camera:mount': 'pole', 'camera:type': 'fixed', 'man_made': 'surveillance', 'surveillance': 'public', 'surveillance:type': 'camera', 'surveillance:zone': 'traffic'}",5,0,1,1,0.44,,Bengaluru
surveillance,13.0056724,77.565224,"{'camera:direction': '0', 'camera:mount': 'pole', 'camera:type': 'fixed', 'man_made': 'surveillance', 'surveillance': 'public', 'surveillance:type': 'camera', 'surveillance:zone': 'traffic'}",5,0,1,1,0.44,,Bengaluru
surveillance,13.0096689,77.5627195,"{'camera:direction': '315', 'camera:mount': 'pole', 'camera:type': 'fixed', 'man_made': 'surveillance', 'surveillance': 'public', 'surveillance:type': 'camera', 'surveillance:zone': 'traffic'}",5,0,1,3,0.32,8th Main Road,Bengaluru
surveillance,13.0096493,77.5627329,"{'camera:direction': '135', 'camera:mount': 'pole', 'camera:type': 'fixed', 'man_made': 'surveillance', 'surveillance': 'public', 'surveillance:type': 'camera', 'surveillance:zone': 'traffic'}",5,0,1,0,0.5,8th Main Road,Bengaluru
surveillance,13.012867,77.5581363,"{'camera:direction': '30', 'camera:mount': 'pole', 'camera:type': 'fixed', 'man_made': 'surveillance', 'surveillance': 'public', 'surveillance:type': 'camera', 'surveillance:zone': 'traffic'}",5,0,1,3,0.32,1st Main Road,Bengaluru
surveillance,13.0128526,77.5581329,"{'camera:direction': '150', 'camera:mount': 'pole', 'camera:type': 'fixed', 'man_made': 'surveillance', 'surveillance': 'public', 'surveillance:type': 'camera', 'surveillance:zone': 'traffic'}",5,0,1,4,0.26,1st Main Road,Bengaluru
surveillance,13.0128715,77.5581222,"{'camera:direction': '330', 'camera:mount': 'pole', 'camera:type': 'fixed', 'man_made': 'surveillance', 'surveillance': 'public', 'surveillance:type': 'camera', 'surveillance:zone': 'traffic'}",5,0,1,3,0.32,1st Main Road,Bengaluru
surveillance,12.9922169,77.604338,"{'camera:mount': 'pole', 'camera:type': 'dome', 'man_made': 'surveillance', 'surveillance': 'public', 'surveillance:type': 'camera', 'surveillance:zone': 'traffic'}",5,0,1,1,0.44,,Bengaluru
surveillance,12.9913048,77.5973643,"{'camera:direction': '225', 'camera:mount': 'pole', 'camera:type': 'fixed', 'man_made': 'surveillance', 'surveillance': 'public', 'surveillance:type': 'camera', 'surveillance:zone': 'traffic'}",5,0,1,0,0.5,,Bengaluru
surveillance,12.9913116,77.5973767,"{'camera:direction': '45', 'camera:mount': 'pole', 'camera:type': 'fixed', 'man_made': 'surveillance', 'surveillance': 'public', 'surveillance:type': 'camera', 'surveillance:zone': 'traffic'}",5,0,1,1,0.44,,Bengaluru
surveillance,12.9905331,77.599567,"{'camera:direction': '300', 'camera:mount': 'pole', 'camera:type': 'fixed', 'man_made': 'surveillance', 'surveillance': 'public', 'surveillance:type': 'camera', 'surveillance:zone': 'traffic'}",5,0,1,2,0.38,Queen's Road,Bengaluru
surveillance,12.9905207,77.5995965,"{'camera:direction': '120', 'camera:mount': 'pole', 'camera:type': 'fixed', 'man_made': 'surveillance', 'surveillance': 'public', 'surveillance:type': 'camera', 'surveillance:zone': 'traffic'}",5,0,1,0,0.5,Queen's Road,Bengaluru
surveillance,12.9905344,77.5995851,"{'camera:direction': '30', 'camera:mount': 'pole', 'camera:type': 'fixed', 'man_made': 'surveillance', 'surveillance': 'public', 'surveillance:type': 'camera', 'surveillance:zone': 'traffic'}",5,0,1,2,0.38,Queen's Road,Bengaluru
surveillance,12.9940594,77.5960419,"{'camera:direction': '300', 'camera:mount': 'pole', 'camera:type': 'fixed', 'man_made': 'surveillance', 'surveillance': 'public', 'surveillance:type': 'camera', 'surveillance:zone': 'traffic'}",5,0,1,1,0.44,,Bengaluru
surveillance,12.9940451,77.59605,"{'camera:direction': '210', 'camera:mount': 'pole', 'camera:type': 'fixed', 'man_made': 'surveillance', 'surveillance': 'public', 'surveillance:type': 'camera', 'surveillance:zone': 'traffic'}",5,0,1,2,0.38,,Bengaluru
surveillance,12.9940555,77.5960634,"{'camera:direction': '120', 'camera:mount': 'pole', 'camera:type': 'fixed', 'man_made': 'surveillance', 'surveillance': 'public', 'surveillance:type': 'camera', 'surveillance:zone': 'traffic'}",5,0,1,1,0.44,,Bengaluru
surveillance,12.9940614,77.596054,"{'camera:direction': '30', 'camera:mount': 'pole', 'camera:type': 'fixed', 'man_made': 'surveillance', 'surveillance': 'public', 'surveillance:type': 'camera', 'surveillance:zone': 'traffic'}",5,0,1,4,0.26,,Bengaluru
surveillance,12.9935903,77.5955863,"{'camera:direction': '100', 'camera:mount': 'pole', 'camera:type': 'fixed', 'man_made': 'surveillance', 'surveillance': 'public', 'surveillance:type': 'camera', 'surveillance:zone': 'traffic'}",5,0,1,0,0.5,,Bengaluru
surveillance,12.9935998,77.5955886,"{'camera:direction': '30', 'camera:mount': 'pole', 'camera:type': 'fixed', 'man_made': 'surveillance', 'surveillance': 'public', 'surveillance:type': 'camera', 'surveillance:zone': 'traffic'}",5,0,1,0,0.5,,Bengaluru
surveillance,12.9959738,77.6134501,"{'camera:direction': '210', 'camera:mount': 'pole', 'camera:type': 'fixed', 'man_made': 'surveillance', 'surveillance': 'public', 'surveillance:type': 'camera', 'surveillance:zone': 'traffic'}",5,0,1,1,0.44,Mosque Road,Bengaluru
surveillance,12.9959862,77.6134656,"{'camera:direction': '30', 'camera:mount': 'pole', 'camera:type': 'fixed', 'man_made': 'surveillance', 'surveillance': 'public', 'surveillance:type': 'camera', 'surveillance:zone': 'traffic'}",5,0,1,1,0.44,Mosque Road,Bengaluru
surveillance,12.9860541,77.5509889,"{'camera:direction': '260', 'camera:mount': 'pole', 'camera:type': 'fixed', 'man_made': 'surveillance', 'surveillance': 'public', 'surveillance:type': 'camera', 'surveillance:zone': 'traffic'}",5,0,1,3,0.32,18th A Main Road,Bengaluru
surveillance,12.9860508,77.5510023,"{'camera:direction': '170', 'camera:mount': 'pole', 'camera:type': 'fixed', 'man_made': 'surveillance', 'surveillance': 'public', 'surveillance:type': 'camera', 'surveillance:zone': 'traffic'}",5,0,1,2,0.38,18th A Main Road,Bengaluru
surveillance,12.9860626,77.5509929,"{'camera:direction': '350', 'camera:mount': 'pole', 'camera:type': 'fixed', 'man_made': 'surveillance', 'surveillance': 'public', 'surveillance:type': 'camera', 'surveillance:zone': 'traffic'}",5,0,1,3,0.32,18th A Main Road,Bengaluru
surveillance,12.9961777,77.5505081,"{'camera:direction': '160', 'camera:mount': 'pole', 'camera:type': 'fixed', 'man_made': 'surveillance', 'surveillance': 'public', 'surveillance:type': 'camera', 'surveillance:zone': 'traffic'}",5,0,1,4,0.26,4th Main Road,Bengaluru
surveillance,12.9796284,77.5817873,"{'camera:direction': '300', 'camera:mount': 'pole', 'camera:type': 'fixed', 'man_made': 'surveillance', 'surveillance': 'public', 'surveillance:type': 'camera', 'surveillance:zone': 'traffic'}",5,0,1,4,0.26,,Bengaluru
surveillance,12.9796206,77.5817994,"{'camera:direction': '120', 'camera:mount': 'pole', 'camera:type': 'fixed', 'man_made': 'surveillance', 'surveillance': 'public', 'surveillance:type': 'camera', 'surveillance:zone': 'traffic'}",5,0,1,4,0.26,,Bengaluru
surveillance,13.00817,77.5545032,"{'camera:direction': '180', 'camera:mount': 'pole', 'camera:type': 'fixed', 'man_made': 'surveillance', 'surveillance': 'public', 'surveillance:type': 'camera', 'surveillance:zone': 'traffic'}",5,0,1,3,0.32,,Bengaluru
surveillance,13.0081736,77.5545139,"{'camera:direction': '90', 'camera:mount': 'pole', 'camera:type': 'fixed', 'man_made': 'surveillance', 'surveillance': 'public', 'surveillance:type': 'camera', 'surveillance:zone': 'traffic'}",5,0,1,2,0.38,"17th Cross, Bridge Road, Opposite Vivekananda College, 2nd Stage, Rajajinagar",bangalore
surveillance,13.0051718,77.5528124,"{'camera:direction': '135', 'camera:mount': 'pole', 'camera:type': 'fixed', 'man_made': 'surveillance', 'surveillance': 'public', 'surveillance:type': 'camera', 'surveillance:zone': 'traffic'}",5,0,1,0,0.5,,Bengaluru
surveillance,13.0051767,77.5528055,"{'camera:direction': '315', 'camera:mount': 'pole', 'camera:type': 'fixed', 'man_made': 'surveillance', 'surveillance': 'public', 'surveillance:type': 'camera', 'surveillance:zone': 'traffic'}",5,0,1,0,0.5,,Bengaluru
surveillance,13.0053742,77.5524659,"{'camera:direction': '315', 'camera:mount': 'pole', 'camera:type': 'fixed', 'man_made': 'surveillance', 'surveillance': 'public', 'surveillance:type': 'camera', 'surveillance:zone': 'traffic'}",5,0,1,1,0.44,,Bengaluru
surveillance,13.0053693,77.5524728,"{'camera:direction': '135', 'camera:mount': 'pole', 'camera:type': 'fixed', 'man_made': 'surveillance', 'surveillance': 'public', 'surveillance:type': 'camera', 'surveillance:zone': 'traffic'}",5,0,1,2,0.38,,Bengaluru
surveillance,12.9140274,77.6416002,"{'camera:direction': '0', 'camera:mount': 'pole', 'camera:type': 'fixed', 'man_made': 'surveillance', 'surveillance': 'public', 'surveillance:type': 'camera', 'surveillance:zone': 'town'}",5,0,1,1,0.44,,16th Main Road
surveillance,12.9140242,77.6415981,"{'camera:direction': '180', 'camera:mount': 'pole', 'camera:type': 'fixed', 'man_made': 'surveillance', 'surveillance': 'public', 'surveillance:type': 'camera', 'surveillance:zone': 'town'}",5,0,1,1,0.44,16th Main Road,
surveillance,12.9140248,77.641601,"{'camera:direction': '90', 'camera:mount': 'pole', 'camera:type': 'fixed', 'man_made': 'surveillance', 'surveillance': 'public', 'surveillance:type': 'camera', 'surveillance:zone': 'town'}",5,0,1,3,0.32,,16th Main Road
surveillance,12.9140271,77.6415971,"{'camera:direction': '270', 'camera:mount': 'pole', 'camera:type': 'fixed', 'man_made': 'surveillance', 'surveillance': 'public', 'surveillance:type': 'camera', 'surveillance:zone': 'town'}",5,0,1,4,0.26,,16th Main Road
surveillance,13.0046038,77.6268233,"{'camera:mount': 'pole', 'camera:type': 'dome', 'man_made': 'surveillance', 'surveillance': 'public', 'surveillance:type': 'camera'}",5,0,1,3,0.32,1st Cross Road,Bengaluru
surveillance,13.0053352,77.6271133,"{'camera:direction': '18;108;288', 'camera:mount': 'pole', 'camera:type': 'fixed', 'man_made': 'surveillance', 'surveillance': 'public', 'surveillance:type': 'camera'}",5,0,1,1,0.44,Wheeler Road Extension Cross,Bangalore
surveillance,13.005773,77.6273138,"{'camera:mount': 'pole', 'camera:type': 'dome', 'man_made': 'surveillance', 'surveillance': 'public', 'surveillance:type': 'camera'}",5,0,1,0,0.5,Hutchins 6th Cross,Bangalore
surveillance,12.9515979,77.5675209,"{'camera:direction': '132', 'camera:mount': 'pole', 'camera:type': 'fixed', 'man_made': 'surveillance', 'surveillance': 'public', 'surveillance:type': 'camera'}",5,0,1,2,0.38,Bull Temple Road,Bengaluru
surveillance,12.9515967,77.56752,"{'camera:direction': '234', 'camera:mount': 'pole', 'camera:type': 'fixed', 'man_made': 'surveillance', 'surveillance': 'public', 'surveillance:type': 'camera'}",5,0,1,2,0.38,Bull Temple Road,Bengaluru
surveillance,12.9502088,77.5722176,"{'camera:direction': '359', 'camera:mount': 'pole', 'camera:type': 'fixed', 'man_made': 'surveillance', 'surveillance': 'public', 'surveillance:type': 'camera'}",5,0,1,3,0.32,Pampa Mahakavi Road,Bangalore
surveillance,12.9501995,77.5722061,"{'camera:direction': '359', 'camera:mount': 'pole', 'camera:type': 'fixed', 'man_made': 'surveillance', 'surveillance': 'public', 'surveillance:type': 'camera'}",5,0,1,0,0.5,Pampa Mahakavi Road,Bangalore
surveillance,12.9501923,77.5722235,"{'camera:direction': '179', 'camera:mount': 'pole', 'camera:type': 'fixed', 'man_made': 'surveillance', 'surveillance': 'public', 'surveillance:type': 'camera'}",5,0,1,1,0.44,Pampa Mahakavi Road,Bangalore
surveillance,12.9501963,77.5722092,"{'camera:direction': '267', 'camera:mount': 'pole', 'camera:type': 'fixed', 'man_made': 'surveillance', 'surveillance': 'public', 'surveillance:type': 'camera'}",5,0,1,2,0.38,Pampa Mahakavi Road,Bangalore
surveillance,12.9501995,77.5722061,"{'camera:direction': '267', 'camera:mount': 'pole', 'camera:type': 'fixed', 'man_made': 'surveillance', 'surveillance': 'public', 'surveillance:type': 'camera'}",5,0,1,1,0.44,Pampa Mahakavi Road,Bangalore
surveillance,12.9531876,77.5721759,"{'camera:direction': '49', 'camera:mount': 'pole', 'camera:type': 'fixed', 'man_made': 'surveillance', 'surveillance': 'public', 'surveillance:type': 'camera'}",5,0,1,3,0.32,Pampa Mahakavi Road,Bengaluru
surveillance,12.9581304,77.5695423,"{'camera:direction': '1', 'camera:mount': 'pole', 'camera:type': 'fixed', 'man_made': 'surveillance', 'surveillance': 'public', 'surveillance:type': 'camera'}",5,0,1,2,0.38,,Bengaluru
surveillance,12.958105,77.5695406,"{'camera:direction': '180', 'camera:mount': 'pole', 'camera:type': 'fixed', 'man_made': 'surveillance', 'surveillance': 'public', 'surveillance:type': 'camera'}",5,0,1,3,0.32,,Bengaluru
surveillance,12.957012,77.5689738,"{'camera:direction': '120', 'camera:mount': 'pole', 'camera:type': 'fixed', 'man_made': 'surveillance', 'surveillance': 'outdoor', 'surveillance:type': 'camera'}",5,0,1,2,0.38,Puttanna Chetty Road,Bengaluru
surveillance,12.9604368,77.568573,"{'camera:direction': '88', 'camera:mount': 'pole', 'camera:type': 'fixed', 'man_made': 'surveillance', 'surveillance': 'public', 'surveillance:type': 'camera'}",5,0,1,0,0.5,Cottonpete Main Road,Bengaluru
surveillance,12.9604326,77.5685414,"{'camera:direction': '269', 'camera:mount': 'pole', 'camera:type': 'fixed', 'man_made': 'surveillance', 'surveillance': 'public', 'surveillance:type': 'camera'}",5,0,1,3,0.32,Cottonpete Main Road,Bengaluru
surveillance,12.9603899,77.5685452,"{'camera:direction': '218', 'camera:mount': 'pole', 'camera:type': 'fixed', 'man_made': 'surveillance', 'surveillance': 'public', 'surveillance:type': 'camera'}",5,0,1,4,0.26,Cottonpete Main Road,Bengaluru
surveillance,12.9516249,77.5690153,"{'camera:mount': 'pole', 'camera:type': 'fixed', 'man_made': 'surveillance', 'surveillance': 'outdoor', 'surveillance:type': 'camera'}",5,0,1,2,0.38,Ranga Rao Road,Bengaluru
surveillance,12.950728,77.5675082,"{'camera:mount': 'pole', 'camera:type': 'dome', 'man_made': 'surveillance', 'surveillance': 'public', 'surveillance:type': 'camera'}",5,0,1,2,0.38,Bull Temple Road,Bengaluru
surveillance,12.9515743,77.566493,"{'camera:direction': '72', 'camera:mount': 'pole', 'camera:type': 'fixed', 'man_made': 'surveillance', 'surveillance': 'public', 'surveillance:type': 'camera'}",5,0,1,3,0.32,5th Cross Road,Bengaluru
surveillance,12.951542,77.5664659,"{'camera:direction': '186', 'camera:mount': 'pole', 'camera:type': 'fixed', 'man_made': 'surveillance', 'surveillance': 'public', 'surveillance:type': 'camera'}",5,0,1,3,0.32,,Bengaluru
surveillance,12.9569854,77.5654988,"{'camera:mount': 'pole', 'camera:type': 'fixed', 'man_made': 'surveillance', 'surveillance': 'public', 'surveillance:type': 'camera'}",5,0,1,0,0.5,5th Main Road,Bengaluru
surveillance,12.9490665,77.5676077,"{'camera:mount': 'pole', 'camera:type': 'fixed', 'man_made': 'surveillance', 'surveillance': 'outdoor', 'surveillance:type': 'camera', 'surveillance:zone': 'area'}",5,0,1,1,0.44,Bull Temple Road,Bengaluru
surveillance,12.9579642,77.5685521,"{'camera:mount': 'pole', 'camera:type': 'dome', 'man_made': 'surveillance', 'surveillance': 'public', 'surveillance:type': 'camera'}",5,0,1,2,0.38,S V Narayan Rao Road,Bengaluru
surveillance,13.0060917,77.554345,"{'camera:direction': '107', 'camera:mount': 'pole', 'camera:type': 'fixed', 'man_made': 'surveillance', 'surveillance': 'public', 'surveillance:type': 'camera'}",5,0,1,2,0.38,10th Cross Road,Bengaluru
surveillance,13.0060971,77.554321,"{'camera:direction': '282', 'camera:mount': 'pole', 'camera:type': 'fixed', 'man_made': 'surveillance', 'surveillance': 'public', 'surveillance:type': 'camera'}",5,0,1,3,0.32,10th Cross Road,Bengaluru
surveillance,13.002346,77.5533697,"{'camera:direction': '57', 'camera:mount': 'pole', 'camera:type': 'fixed', 'man_made': 'surveillance', 'surveillance': 'public', 'surveillance:type': 'camera'}",5,0,1,2,0.38,,Bengaluru
surveillance,13.002343,77.5533547,"{'camera:direction': '284', 'camera:mount': 'pole', 'camera:type': 'fixed', 'man_made': 'surveillance', 'surveillance': 'public', 'surveillance:type': 'camera'}",5,0,1,2,0.38,,Bengaluru
surveillance,13.0023286,77.5533526,"{'camera:direction': '197', 'camera:mount': 'pole', 'camera:type': 'fixed', 'man_made': 'surveillance', 'surveillance': 'public', 'surveillance:type': 'camera'}",5,0,1,2,0.38,,Bengaluru
surveillance,13.0015364,77.5532954,"{'camera:direction': '68', 'camera:mount': 'pole', 'camera:type': 'fixed', 'man_made': 'surveillance', 'surveillance': 'public', 'surveillance:type': 'camera'}",5,0,1,2,0.38,,Bengaluru
surveillance,13.0015214,77.5532869,"{'camera:direction': '318', 'camera:mount': 'pole', 'camera:type': 'fixed', 'man_made': 'surveillance', 'surveillance': 'public', 'surveillance:type': 'camera'}",5,0,1,3,0.32,,Bengaluru
surveillance,13.0014895,77.5532837,"{'camera:direction': '214', 'camera:mount': 'pole', 'camera:type': 'fixed', 'man_made': 'surveillance', 'surveillance': 'public', 'surveillance:type': 'camera'}",5,0,1,0,0.5,,Bengaluru
surveillance,13.0115397,77.5573799,"{'camera:direction': '250', 'camera:mount': 'wall', 'camera:type': 'fixed', 'man_made': 'surveillance', 'surveillance': 'outdoor', 'surveillance:type': 'camera', 'surveillance:zone': 'traffic'}",5,0,1,1,0.44,Dr Rajkumar Road,Bangalore
surveillance,13.0115417,77.5573863,"{'camera:direction': '70', 'camera:mount': 'wall', 'camera:type': 'fixed', 'man_made': 'surveillance', 'surveillance': 'outdoor', 'surveillance:type': 'camera', 'surveillance:zone': 'traffic'}",5,0,1,0,0.5,Dr Rajkumar Road,Bangalore
surveillance,13.0102138,77.555724,"{'camera:direction': '160', 'camera:mount': 'wall', 'camera:type': 'fixed', 'man_made': 'surveillance', 'surveillance': 'outdoor', 'surveillance:type': 'camera', 'surveillance:zone': 'traffic'}",5,0,1,2,0.38,Dr. Rajkumar Road,Bangalore
surveillance,13.0102216,77.555728,"{'camera:direction': '70', 'camera:mount': 'wall', 'camera:type': 'fixed', 'man_made': 'surveillance', 'surveillance': 'outdoor', 'surveillance:type': 'camera', 'surveillance:zone': 'traffic'}",5,0,1,4,0.26,Dr. Rajkumar Road,Bangalore
surveillance,13.0102252,77.5557243,"{'camera:direction': '0', 'camera:mount': 'wall', 'camera:type': 'fixed', 'man_made': 'surveillance', 'surveillance': 'outdoor', 'surveillance:type': 'camera', 'surveillance:zone': 'traffic'}",5,0,1,4,0.26,Dr. Rajkumar Road,Bangalore
surveillance,13.0108302,77.5559184,"{'camera:direction': '180', 'camera:mount': 'wall', 'camera:type': 'fixed', 'man_made': 'surveillance', 'surveillance': 'outdoor', 'surveillance:type': 'camera', 'surveillance:zone': 'traffic'}",5,0,1,0,0.5,Dr. Rajkumar Road,Bengaluru
surveillance,13.0108364,77.5559248,"{'camera:direction': '70', 'camera:mount': 'wall', 'camera:type': 'fixed', 'man_made': 'surveillance', 'surveillance': 'outdoor', 'surveillance:type': 'camera', 'surveillance:zone': 'traffic'}",5,0,1,1,0.44,Dr. Rajkumar Road,Bengaluru
surveillance,13.0034079,77.5712891,"{'camera:direction': '180', 'camera:mount': 'pole', 'camera:type': 'fixed', 'man_made': 'surveillance', 'operator': 'BBMP', 'surveillance': 'public', 'surveillance:type': 'camera', 'surveillance:zone': 'traffic'}",5,0,1,4,0.26,Sampige Road,Bengaluru
surveillance,13.0033792,77.5712975,"{'camera:direction': '90', 'camera:mount': 'pole', 'camera:type': 'dome', 'man_made': 'surveillance', 'operator': 'BBMP', 'surveillance': 'public', 'surveillance:type': 'camera', 'surveillance:zone': 'traffic'}",5,0,1,4,0.26,Sampige Road,Bengaluru
surveillance,13.0037116,77.6214714,"{'camera:mount': 'wall', 'camera:type': 'fixed', 'man_made': 'surveillance', 'surveillance': 'outdoor', 'surveillance:type': 'camera', 'surveillance:zone': 'building', 'survey:date': '2023-09-21'}",5,0,1,1,0.44,Davis Road,Bengaluru
surveillance,12.9752851,77.607796,"{'camera:direction': '280', 'camera:mount': 'pole', 'camera:type': 'fixed', 'man_made': 'surveillance', 'surveillance': 'public', 'surveillance:type': 'camera', 'surveillance:zone': 'traffic'}",5,0,1,2,0.38,,Bengaluru
surveillance,12.9836169,77.5948276,"{'camera:direction': '280', 'camera:mount': 'pole', 'camera:type': 'fixed', 'man_made': 'surveillance', 'surveillance': 'public', 'surveillance:type': 'camera', 'surveillance:zone': 'traffic'}",5,0,1,2,0.38,Infantry Road,Bengaluru
surveillance,12.9954394,77.5663801,"{'camera:direction': '0', 'camera:mount': 'pole', 'camera:type': 'fixed', 'man_made': 'surveillance', 'surveillance': 'public', 'surveillance:type': 'camera', 'surveillance:zone': 'traffic'}",5,0,1,2,0.38,,Bengaluru
surveillance,13.0044414,77.5612658,"{'camera:direction': '280', 'camera:mount': 'pole', 'camera:type': 'fixed', 'man_made': 'surveillance', 'surveillance': 'public', 'surveillance:type': 'camera', 'surveillance:zone': 'traffic'}",5,0,1,1,0.44,1st Main Road,Bengaluru
surveillance,13.020921,77.6433487,"{'camera:direction': '286', 'camera:mount': 'pole', 'camera:type': 'panning', 'man_made': 'surveillance', 'surveillance': 'public', 'surveillance:type': 'camera', 'surveillance:zone': 'town'}",5,0,1,0,0.5,,CMR Road
surveillance,13.020921,77.6433487,"{'camera:direction': '187', 'camera:mount': 'pole', 'camera:type': 'panning', 'man_made': 'surveillance', 'surveillance': 'public', 'surveillance:type': 'camera', 'surveillance:zone': 'town'}",5,0,1,1,0.44,,CMR Road
surveillance,13.0139478,77.6425331,"{'camera:direction': '283', 'camera:mount': 'pole', 'camera:type': 'panning', 'man_made': 'surveillance', 'surveillance': 'public', 'surveillance:type': 'camera', 'surveillance:zone': 'town'}",5,0,1,4,0.26,Nehru Road,Bengaluru
surveillance,13.0139478,77.6425331,"{'camera:direction': '8', 'camera:mount': 'pole', 'camera:type': 'panning', 'man_made': 'surveillance', 'surveillance': 'public', 'surveillance:type': 'camera', 'surveillance:zone': 'town'}",5,0,1,4,0.26,Nehru Road,Bengaluru
surveillance,13.0139478,77.6425331,"{'camera:direction': '192', 'camera:mount': 'pole', 'camera:type': 'panning', 'man_made': 'surveillance', 'surveillance': 'public', 'surveillance:type': 'camera', 'surveillance:zone': 'town'}",5,0,1,0,0.5,Nehru Road,Bengaluru
surveillance,13.0092782,77.6434619,"{'camera:direction': '223', 'camera:mount': 'pole', 'camera:type': 'panning', 'man_made': 'surveillance', 'surveillance': 'public', 'surveillance:type': 'camera', 'surveillance:zone': 'town'}",5,0,1,3,0.32,,Banaswadi Main Road
surveillance,13.0092782,77.6434619,"{'camera:direction': '46', 'camera:mount': 'pole', 'camera:type': 'panning', 'man_made': 'surveillance', 'surveillance': 'public', 'surveillance:type': 'camera', 'surveillance:zone': 'town'}",5,0,1,3,0.32,,Banaswadi Main Road
surveillance,13.0092782,77.6434619,"{'camera:direction': '234', 'camera:mount': 'pole', 'camera:type': 'fixed', 'man_made': 'surveillance', 'surveillance': 'public', 'surveillance:type': 'camera', 'surveillance:zone': 'town'}",5,0,1,0,0.5,,Banaswadi Main Road
surveillance,12.9541922,77.5901919,"{'camera:mount': 'pole', 'camera:type': 'dome', 'man_made': 'surveillance', 'operator': 'NETRA', 'surveillance': 'public', 'surveillance:type': 'camera', 'surveillance:zone': 'town'}",5,0,1,3,0.32,,Bengaluru
surveillance,12.9541922,77.5901919,"{'camera:direction': '20', 'camera:mount': 'pole', 'camera:type': 'panning', 'man_made': 'surveillance', 'operator': 'NETRA', 'surveillance': 'public', 'surveillance:type': 'camera', 'surveillance:zone': 'town'}",5,0,1,0,0.5,,Bengaluru
surveillance,12.9541922,77.5901919,"{'camera:direction': '102', 'camera:mount': 'pole', 'camera:type': 'panning', 'man_made': 'surveillance', 'operator': 'NETRA', 'surveillance': 'public', 'surveillance:type': 'camera', 'surveillance:zone': 'town'}",5,0,1,2,0.38,,Bengaluru
surveillance,12.9541922,77.5901919,"{'camera:direction': '300', 'camera:mount': 'pole', 'camera:type': 'panning', 'man_made': 'surveillance', 'operator': 'NETRA', 'surveillance': 'public', 'surveillance:type': 'camera', 'surveillance:zone': 'town'}",5,0,1,0,0.5,,Bengaluru
surveillance,12.9885792,77.6171081,"{'camera:direction': '211', 'camera:mount': 'pole', 'camera:type': 'panning', 'man_made': 'surveillance', 'operator': 'NETRA', 'surveillance': 'public', 'surveillance:type': 'camera', 'surveillance:zone': 'town'}",5,0,1,1,0.44,,Bengaluru
surveillance,12.9885792,77.6171081,"{'camera:direction': '121', 'camera:mount': 'pole', 'camera:type': 'panning', 'man_made': 'surveillance', 'operator': 'NETRA', 'surveillance': 'public', 'surveillance:type': 'camera', 'surveillance:zone': 'town'}",5,0,1,4,0.26,,Bengaluru
surveillance,12.9884542,77.6172299,"{'camera:mount': 'pole', 'camera:type': 'dome', 'man_made': 'surveillance', 'operator': 'NETRA', 'surveillance': 'public', 'surveillance:type': 'camera', 'surveillance:zone': 'town'}",5,0,1,2,0.38,,Bengaluru
surveillance,13.0091451,77.5590111,"{'camera:mount': 'pole', 'camera:type': 'dome', 'man_made': 'surveillance', 'surveillance': 'public', 'surveillance:type': 'camera'}",5,0,1,0,0.5,,Bengaluru
surveillance,13.0047199,77.5598982,"{'camera:direction': '51', 'camera:mount': 'pole', 'camera:type': 'fixed', 'man_made': 'surveillance', 'surveillance': 'public', 'surveillance:type': 'camera'}",5,0,1,4,0.26,10th Cross Road,Bengaluru
surveillance,13.0047196,77.5598871,"{'camera:direction': '339', 'camera:mount': 'pole', 'camera:type': 'fixed', 'man_made': 'surveillance', 'surveillance': 'public', 'surveillance:type': 'camera'}",5,0,1,2,0.38,10th Cross Road,Bengaluru
surveillance,13.0047056,77.5598839,"{'camera:direction': '212', 'camera:mount': 'pole', 'camera:type': 'fixed', 'man_made': 'surveillance', 'surveillance': 'public', 'surveillance:type': 'camera'}",5,0,1,0,0.5,10th Cross Road,Bengaluru
surveillance,13.0018101,77.5722184,"{'camera:direction': '359', 'camera:mount': 'pole', 'camera:type': 'fixed', 'man_made': 'surveillance', 'surveillance': 'public', 'surveillance:type': 'camera'}",5,0,1,3,0.32,11th Cross Road,Bengaluru
surveillance,12.989538,77.5777929,"{'camera:direction': '114', 'camera:mount': 'pole', 'camera:type': 'fixed', 'man_made': 'surveillance', 'surveillance': 'public', 'surveillance:type': 'camera'}",5,0,1,2,0.38,,Bengaluru
surveillance,12.9890675,77.5793514,"{'camera:direction': '334', 'camera:mount': 'pole', 'camera:type': 'fixed', 'man_made': 'surveillance', 'surveillance': 'public', 'surveillance:type': 'camera'}",5,0,1,3,0.32,North Park Road,Bengaluru
surveillance,12.9890257,77.5793658,"{'camera:direction': '158', 'camera:mount': 'pole', 'camera:type': 'fixed', 'man_made': 'surveillance', 'surveillance': 'public', 'surveillance:type': 'camera'}",5,0,1,3,0.32,North Park Road,Bengaluru
surveillance,12.9784173,77.6405966,"{'camera:direction': '90', 'camera:mount': 'gantry', 'camera:type': 'fixed', 'man_made': 'surveillance', 'surveillance': 'traffic', 'surveillance:type': 'camera', 'surveillance:zone': 'traffic'}",5,0,1,4,0.26,,Bengaluru
speed_camera,12.9783974,77.6405973,"{'camera:direction': '90', 'camera:mount': 'gantry', 'camera:type': 'fixed', 'highway': 'speed_camera', 'man_made': 'surveillance', 'surveillance': 'traffic', 'surveillance:type': 'camera', 'surveillance:zone': 'traffic'}",5,0,0,4,0.26,,Bengaluru
speed_camera,12.9784332,77.6405961,"{'camera:direction': '90', 'camera:mount': 'gantry', 'camera:type': 'fixed', 'highway': 'speed_camera', 'man_made': 'surveillance', 'surveillance': 'traffic_signals', 'surveillance:type': 'camera', 'surveillance:zone': 'traffic'}",5,0,0,2,0.38,,Bengaluru
speed_camera,12.978415,77.6405773,"{'camera:direction': '268', 'camera:mount': 'pole', 'camera:type': 'fixed', 'highway': 'speed_camera', 'man_made': 'surveillance', 'surveillance': 'maxspeed', 'surveillance:type': 'camera', 'surveillance:zone': 'traffic'}",5,0,0,4,0.26,,Bengaluru
surveillance,12.9783328,77.6367153,"{'camera:direction': '227', 'camera:mount': 'pole', 'camera:type': 'fixed', 'direction': '267', 'man_made': 'surveillance', 'surveillance': 'public', 'surveillance:type': 'camera', 'surveillance:zone': 'traffic'}",5,0,1,1,0.44,Indiranagar Double Road,Bengaluru
surveillance,12.9782182,77.6390383,"{'camera:type': 'fixed', 'direction': '268', 'man_made': 'surveillance', 'surveillance': 'public', 'surveillance:type': 'camera', 'surveillance:zone': 'area'}",5,0,1,0,0.5,4th Cross Road,Bengaluru
surveillance,12.9800086,77.6392632,"{'camera:direction': '268', 'camera:mount': 'pole', 'camera:type': 'fixed', 'direction': '267', 'man_made': 'surveillance', 'surveillance': 'public', 'surveillance:type': 'camera', 'surveillance:zone': 'area'}",5,0,1,3,0.32,,Bengaluru
surveillance,12.9708407,77.6340946,"{'camera:direction': '68', 'camera:mount': 'pole', 'camera:type': 'fixed', 'man_made': 'surveillance', 'surveillance': 'public', 'surveillance:type': 'camera'}",5,0,1,4,0.26,,Bengaluru
surveillance,12.9708306,77.6340811,"{'camera:direction': '247', 'camera:mount': 'pole', 'camera:type': 'fixed', 'man_made': 'surveillance', 'surveillance': 'public', 'surveillance:type': 'camera'}",5,0,1,0,0.5,,Bengaluru
surveillance,13.0116076,77.6434799,"{'man_made': 'surveillance', 'surveillance': 'outdoor', 'surveillance:type': 'camera'}",5,0,1,3,0.32,,7th Main Road
surveillance,13.0154192,77.6428793,"{'man_made': 'surveillance', 'surveillance': 'outdoor', 'surveillance:type': 'camera'}",5,0,1,3,0.32,7th Main Road,Bengaluru
surveillance,13.0116003,77.6463886,"{'camera:type': 'fixed', 'man_made': 'surveillance', 'surveillance': 'outdoor', 'surveillance:type': 'camera', 'surveillance:zone': 'traffic'}",5,0,1,2,0.38,Banaswadi Main Road,Sri Bharani Mixtures
surveillance,12.912394,77.6323856,"{'camera:direction': '255', 'camera:mount': 'pole', 'camera:type': 'fixed', 'man_made': 'surveillance', 'surveillance': 'traffic', 'surveillance:type': 'camera', 'surveillance:zone': 'traffic'}",5,0,1,4,0.26,,17th Cross Road
surveillance,12.9123913,77.632387,"{'camera:direction': '79', 'camera:mount': 'pole', 'camera:type': 'fixed', 'man_made': 'surveillance', 'surveillance': 'traffic', 'surveillance:type': 'camera', 'surveillance:zone': 'traffic'}",5,0,1,3,0.32,,17th Cross Road
surveillance,12.9141334,77.6286194,"{'camera:direction': '270', 'camera:mount': 'pole', 'camera:type': 'fixed', 'man_made': 'surveillance', 'surveillance': 'public', 'surveillance:type': 'camera', 'surveillance:zone': 'traffic'}",5,0,1,4,0.26,2nd A Main Road,Bengaluru
surveillance,12.9141413,77.6286368,"{'camera:direction': '3', 'camera:mount': 'pole', 'camera:type': 'fixed', 'man_made': 'surveillance', 'surveillance': 'public', 'surveillance:type': 'camera', 'surveillance:zone': 'traffic'}",5,0,1,2,0.38,2nd A Main Road,Bengaluru
surveillance,12.9141289,77.6286341,"{'camera:direction': '90', 'camera:mount': 'pole', 'camera:type': 'fixed', 'man_made': 'surveillance', 'surveillance': 'public', 'surveillance:type': 'camera', 'surveillance:zone': 'traffic'}",5,0,1,3,0.32,2nd A Main Road,Bengaluru
surveillance,12.9220004,77.6450926,"{'camera:direction': '45', 'camera:mount': 'pole', 'camera:type': 'fixed', 'man_made': 'surveillance', 'surveillance': 'public', 'surveillance:type': 'camera'}",5,0,1,2,0.38,,19th Main Road
surveillance,12.9219879,77.6450798,"{'camera:direction': '185', 'camera:mount': 'pole', 'camera:type': 'fixed', 'man_made': 'surveillance', 'surveillance': 'public', 'surveillance:type': 'camera'}",5,0,1,4,0.26,,19th Main Road
surveillance,12.9219776,77.6450969,"{'camera:mount': 'pole', 'camera:type': 'dome', 'man_made': 'surveillance', 'surveillance': 'public', 'surveillance:type': 'camera', 'surveillance:zone': 'town'}",5,0,1,4,0.26,,19th Main Road
surveillance,12.9593834,77.5166164,"{'camera:direction': '280', 'camera:mount': 'pole', 'camera:type': 'fixed', 'man_made': 'surveillance', 'surveillance': 'public', 'surveillance:type': 'camera', 'surveillance:zone': 'traffic'}",5,0,1,2,0.38,Nagarabhavi Underpass,Bengaluru
surveillance,12.9593866,77.5166351,"{'camera:direction': '10', 'camera:mount': 'pole', 'camera:type': 'fixed', 'man_made': 'surveillance', 'surveillance': 'public', 'surveillance:type': 'camera', 'surveillance:zone': 'traffic'}",5,0,1,4,0.26,Nagarabhavi Underpass,Bengaluru
surveillance,13.01202,77.5583783,"{'camera:direction': '154', 'camera:mount': 'pole', 'camera:type': 'fixed', 'man_made': 'surveillance', 'surveillance': 'public', 'surveillance:type': 'camera', 'surveillance:zone': 'area'}",5,0,1,2,0.38,,Bengaluru
surveillance,13.0147361,77.5758536,"{'camera:direction': '270', 'camera:mount': 'pole', 'camera:type': 'fixed', 'man_made': 'surveillance', 'surveillance': 'public', 'surveillance:type': 'camera', 'surveillance:zone': 'traffic'}",5,0,1,1,0.44,,Bengaluru
surveillance,13.014729,77.5758603,"{'camera:direction': '180', 'camera:mount': 'pole', 'camera:type': 'fixed', 'man_made': 'surveillance', 'surveillance': 'public', 'surveillance:type': 'camera', 'surveillance:zone': 'traffic'}",5,0,1,4,0.26,,Bengaluru
surveillance,13.0147355,77.5758657,"{'camera:direction': '90', 'camera:mount': 'pole', 'camera:type': 'fixed', 'man_made': 'surveillance', 'surveillance': 'public', 'surveillance:type': 'camera', 'surveillance:zone': 'traffic'}",5,0,1,2,0.38,,Bengaluru
surveillance,13.0146316,77.5796895,"{'camera:direction': '180', 'camera:mount': 'pole', 'camera:type': 'fixed', 'man_made': 'surveillance', 'surveillance': 'public', 'surveillance:type': 'camera', 'surveillance:zone': 'traffic'}",5,0,1,0,0.5,"5th Cross, CV Raman Rd, Sadashiva Nagar",Bengaluru
surveillance,13.0146378,77.5796895,"{'camera:direction': '0', 'camera:mount': 'pole', 'camera:type': 'fixed', 'man_made': 'surveillance', 'surveillance': 'public', 'surveillance:type': 'camera', 'surveillance:zone': 'traffic'}",5,0,1,1,0.44,"5th Cross, CV Raman Rd, Sadashiva Nagar",Bengaluru
surveillance,13.0173135,77.5841081,"{'camera:direction': '90', 'camera:mount': 'pole', 'camera:type': 'fixed', 'man_made': 'surveillance', 'surveillance': 'public', 'surveillance:type': 'camera', 'surveillance:zone': 'traffic'}",5,0,1,3,0.32,,Bengaluru
surveillance,13.0212942,77.584302,"{'camera:direction': '100', 'camera:mount': 'pole', 'camera:type': 'fixed', 'man_made': 'surveillance', 'surveillance': 'public', 'surveillance:type': 'camera', 'surveillance:zone': 'traffic'}",5,0,1,3,0.32,Bellary Road,Bengaluru
surveillance,13.0213126,77.5842876,"{'camera:direction': '10', 'camera:mount': 'pole', 'camera:type': 'fixed', 'man_made': 'surveillance', 'surveillance': 'public', 'surveillance:type': 'camera', 'surveillance:zone': 'traffic'}",5,0,1,1,0.44,Bellary Road,Bengaluru
surveillance,13.0114858,77.5543279,"{'camera:direction': '180', 'camera:mount': 'pole', 'camera:type': 'fixed', 'man_made': 'surveillance', 'surveillance': 'public', 'surveillance:type': 'camera', 'surveillance:zone': 'traffic'}",5,0,1,0,0.5,Dr. Rajkumar Road,Bengaluru
surveillance,13.0114917,77.5543279,"{'camera:direction': '0', 'camera:mount': 'pole', 'camera:type': 'fixed', 'man_made': 'surveillance', 'surveillance': 'public', 'surveillance:type': 'camera', 'surveillance:zone': 'traffic'}",5,0,1,4,0.26,Dr. Rajkumar Road,Bengaluru
surveillance,12.9978784,77.6007351,"{'camera:direction': '260', 'camera:mount': 'pole', 'camera:type': 'fixed', 'man_made': 'surveillance', 'surveillance': 'public', 'surveillance:type': 'camera', 'surveillance:zone': 'traffic'}",5,0,1,2,0.38,,Bengaluru
surveillance,12.9978797,77.6007432,"{'camera:direction': '80', 'camera:mount': 'pole', 'camera:type': 'fixed', 'man_made': 'surveillance', 'surveillance': 'public', 'surveillance:type': 'camera', 'surveillance:zone': 'traffic'}",5,0,1,0,0.5,,Bengaluru
surveillance,12.9772553,77.608529,"{'camera:direction': '110', 'man_made': 'surveillance', 'surveillance:type': 'camera'}",5,0,1,4,0.26,,Bengaluru
surveillance,12.9056382,77.5939138,"{'camera:mount': 'pole', 'camera:type': 'fixed', 'man_made': 'surveillance', 'surveillance:type': 'camera'}",5,0,1,0,0.5,1st Main Road,Wildcraft
surveillance,12.9056286,77.593923,"{'camera:mount': 'pole', 'camera:type': 'fixed', 'man_made': 'surveillance', 'surveillance:type': 'camera'}",5,0,1,1,0.44,1st Main Road,Wildcraft
surveillance,12.9056187,77.5939134,"{'camera:mount': 'pole', 'camera:type': 'fixed', 'man_made': 'surveillance', 'surveillance:type': 'camera'}",5,0,1,1,0.44,1st Main Road,Wildcraft
surveillance,12.9399513,77.5975992,"{'camera:mount': 'pole', 'camera:type': 'dome', 'man_made': 'surveillance', 'surveillance': 'public', 'surveillance:type': 'camera'}",5,0,1,2,0.38,Dr. M H Marigowda Road,Bengaluru
surveillance,12.9429049,77.5970362,"{'man_made': 'surveillance', 'surveillance': 'indoor', 'surveillance:type': 'camera', 'surveillance:zone': 'building'}",5,0,1,3,0.32,Dr. M H Marigowda Road,Bengaluru
surveillance,12.9396865,77.5966831,"{'camera:mount': 'wall', 'camera:type': 'fixed', 'man_made': 'surveillance', 'surveillance': 'public', 'surveillance:type': 'camera'}",5,0,1,0,0.5,Dr. M H Marigowda Road,Bengaluru
surveillance,12.9397548,77.5958267,"{'camera:mount': 'pole', 'camera:type': 'fixed', 'man_made': 'surveillance', 'surveillance': 'public', 'surveillance:type': 'camera'}",5,0,1,4,0.26,NIMHANS Quarters,Bengaluru
surveillance,12.9344533,77.6127058,"{'camera:direction': '244', 'camera:mount': 'pole', 'camera:type': 'fixed', 'man_made': 'surveillance', 'surveillance:type': 'camera'}",5,0,1,4,0.26,,80 Feet Road
surveillance,12.9343754,77.6126884,"{'camera:mount': 'pole', 'camera:type': 'dome', 'man_made': 'surveillance', 'surveillance:type': 'camera'}",5,0,1,0,0.5,80 Feet Road,Harry's Bar And Cafe
surveillance,12.9343259,77.6127294,"{'camera:direction': '65', 'camera:mount': 'wall', 'camera:type': 'fixed', 'man_made': 'surveillance', 'surveillance:type': 'camera'}",5,0,1,4,0.26,80 Feet Road,Harry's Bar And Cafe
surveillance,12.9444582,77.6026802,"{'camera:direction': '351', 'camera:mount': 'pole', 'camera:type': 'fixed', 'man_made': 'surveillance', 'surveillance:type': 'camera'}",5,0,1,3,0.32,,Bannerghatta Road
surveillance,12.9444301,77.6026836,"{'camera:direction': '171', 'camera:mount': 'pole', 'camera:type': 'fixed', 'man_made': 'surveillance', 'surveillance:type': 'camera'}",5,0,1,4,0.26,,Bannerghatta Road
surveillance,12.9550839,77.592635,"{'camera:mount': 'pole', 'camera:type': 'panning', 'man_made': 'surveillance', 'surveillance': 'public', 'surveillance:type': 'camera'}",5,0,1,4,0.26,,Bengaluru
surveillance,12.9535274,77.5926096,"{'camera:mount': 'pole', 'camera:type': 'panning', 'man_made': 'surveillance', 'surveillance': 'public', 'surveillance:type': 'camera', 'surveillance:zone': 'traffic'}",5,0,1,2,0.38,Siddaiah Road,Bengaluru
surveillance,12.9552785,77.579934,"{'camera:direction': '280', 'camera:mount': 'pole', 'camera:type': 'fixed', 'man_made': 'surveillance', 'operator': 'NETRA', 'surveillance': 'public', 'surveillance:type': 'camera'}",5,0,1,3,0.32,Rashtriya Vidyalaya Road,Bengaluru
surveillance,12.9709443,77.6046629,{'man_made': 'surveillance'},5,0,1,0,0.5,Field Marshall Cariappa Cycle Path,Bengaluru
surveillance,12.9681603,77.5918118,"{'camera:mount': 'pole', 'camera:type': 'fixed', 'man_made': 'surveillance', 'surveillance': 'public', 'surveillance:type': 'camera', 'surveillance:zone': 'traffic'}",5,0,1,0,0.5,Rajaram Mohan Roy Road,Bengaluru
surveillance,12.9540542,77.5913178,"{'camera:mount': 'ceiling', 'camera:type': 'fixed', 'man_made': 'surveillance', 'surveillance': 'outdoor', 'surveillance:type': 'camera', 'surveillance:zone': 'shop'}",5,0,1,1,0.44,Kengal Hanumanthaiah Road,Bengaluru
surveillance,12.9520767,77.5944458,"{'camera:mount': 'ceiling', 'camera:type': 'fixed', 'man_made': 'surveillance', 'surveillance': 'outdoor', 'surveillance:type': 'camera', 'surveillance:zone': 'building'}",5,0,1,0,0.5,Siddaiah Road,Bengaluru
surveillance,12.9520077,77.5945389,"{'camera:mount': 'ceiling', 'camera:type': 'fixed', 'man_made': 'surveillance', 'surveillance': 'outdoor', 'surveillance:type': 'camera', 'surveillance:zone': 'building'}",5,0,1,4,0.26,3rd Cross Road,Bengaluru
surveillance,13.0072049,77.5556941,"{'camera:direction': '13', 'camera:mount': 'pole', 'camera:type': 'fixed', 'man_made': 'surveillance', 'surveillance': 'public', 'surveillance:type': 'camera'}",5,0,1,3,0.32,,Bengaluru
surveillance,13.0071893,77.5556903,"{'camera:direction': '194', 'camera:mount': 'pole', 'camera:type': 'fixed', 'man_made': 'surveillance', 'surveillance': 'public', 'surveillance:type': 'camera'}",5,0,1,4,0.26,,Bengaluru
surveillance,13.0044324,77.5498923,"{'camera:direction': '262', 'camera:mount': 'pole', 'camera:type': 'fixed', 'man_made': 'surveillance', 'surveillance': 'public', 'surveillance:type': 'camera'}",5,0,1,4,0.26,19th Main Road,Bengaluru
surveillance,13.0044258,77.5498854,"{'camera:direction': '169', 'camera:mount': 'pole', 'camera:type': 'fixed', 'man_made': 'surveillance', 'surveillance': 'public', 'surveillance:type': 'camera'}",5,0,1,3,0.32,19th Main Road,Bengaluru
surveillance,13.0052578,77.550561,"{'camera:direction': '168', 'camera:mount': 'pole', 'camera:type': 'fixed', 'man_made': 'surveillance', 'surveillance': 'public', 'surveillance:type': 'camera'}",5,0,1,4,0.26,,Bengaluru
surveillance,13.0052653,77.5505712,"{'camera:direction': '85', 'camera:mount': 'pole', 'camera:type': 'fixed', 'man_made': 'surveillance', 'surveillance': 'public', 'surveillance:type': 'camera'}",5,0,1,4,0.26,,Bengaluru
surveillance,13.0081858,77.555081,"{'camera:direction': '274', 'camera:mount': 'pole', 'camera:type': 'fixed', 'man_made': 'surveillance', 'surveillance': 'public', 'surveillance:type': 'camera'}",5,0,1,4,0.26,,Bengaluru
surveillance,13.0081824,77.5550876,"{'camera:direction': '146', 'camera:mount': 'pole', 'camera:type': 'fixed', 'man_made': 'surveillance', 'surveillance': 'public', 'surveillance:type': 'camera'}",5,0,1,2,0.38,,Bengaluru
surveillance,13.0081892,77.5550895,"{'camera:direction': '14', 'camera:mount': 'pole', 'camera:type': 'fixed', 'man_made': 'surveillance', 'surveillance': 'public', 'surveillance:type': 'camera'}",5,0,1,4,0.26,,Bengaluru
surveillance,12.9087879,77.649394,"{'camera:direction': '219', 'camera:mount': 'pole', 'camera:type': 'fixed', 'man_made': 'surveillance', 'surveillance': 'public', 'surveillance:type': 'camera'}",5,0,1,0,0.5,22nd Cross Road,Kurl-On
surveillance,12.9633544,77.5823944,"{'camera:direction': '78', 'camera:mount': 'pole', 'camera:type': 'fixed', 'man_made': 'surveillance', 'surveillance': 'public', 'surveillance:type': 'camera'}",5,0,1,4,0.26,,Bengaluru
surveillance,12.9633238,77.5823778,"{'camera:direction': '269', 'camera:mount': 'pole', 'camera:type': 'fixed', 'man_made': 'surveillance', 'surveillance': 'public', 'surveillance:type': 'camera'}",5,0,1,4,0.26,,Bengaluru
surveillance,12.963366,77.5812368,"{'camera:direction': '91', 'camera:mount': 'pole', 'camera:type': 'fixed', 'man_made': 'surveillance', 'surveillance': 'public', 'surveillance:type': 'camera'}",5,0,1,1,0.44,,Bengaluru
surveillance,12.9633609,77.5812096,"{'camera:direction': '277', 'camera:mount': 'pole', 'camera:type': 'fixed', 'man_made': 'surveillance', 'surveillance': 'public', 'surveillance:type': 'camera'}",5,0,1,4,0.26,,Bengaluru
surveillance,12.9477666,77.5938997,"{'camera:direction': '235', 'camera:mount': 'pole', 'camera:type': 'fixed', 'man_made': 'surveillance', 'surveillance': 'public', 'surveillance:type': 'camera'}",5,0,1,2,0.38,Dr. M H Marigowda Road,Bengaluru
surveillance,12.9489849,77.5932182,"{'camera:direction': '204', 'camera:mount': 'pole', 'camera:type': 'fixed', 'man_made': 'surveillance', 'surveillance': 'public', 'surveillance:type': 'camera'}",5,0,1,4,0.26,,Bengaluru
surveillance,12.9489982,77.5932283,"{'camera:direction': '11', 'camera:mount': 'pole', 'camera:type': 'fixed', 'man_made': 'surveillance', 'surveillance': 'public', 'surveillance:type': 'camera'}",5,0,1,4,0.26,,Bengaluru
surveillance,12.9489803,77.5932282,"{'camera:mount': 'pole', 'camera:type': 'dome', 'man_made': 'surveillance', 'surveillance': 'public', 'surveillance:type': 'camera'}",5,0,1,1,0.44,,Bengaluru
surveillance,12.9541323,77.5847507,"{'camera:direction': '100', 'camera:mount': 'pole', 'camera:type': 'fixed', 'man_made': 'surveillance', 'surveillance': 'public', 'surveillance:type': 'camera'}",5,0,1,3,0.32,Krumbiegal Road,Bengaluru
surveillance,12.9541278,77.584746,"{'camera:mount': 'pole', 'camera:type': 'dome', 'man_made': 'surveillance', 'surveillance': 'public', 'surveillance:type': 'camera'}",5,0,1,4,0.26,Krumbiegal Road,Bengaluru
surveillance,12.955139,77.5799565,"{'camera:mount': 'pole', 'camera:type': 'dome', 'man_made': 'surveillance', 'surveillance': 'public', 'surveillance:type': 'camera'}",5,0,1,4,0.26,,Bengaluru
surveillance,12.9588188,77.5826434,"{'camera:mount': 'pole', 'camera:type': 'dome', 'man_made': 'surveillance', 'surveillance': 'public', 'surveillance:type': 'camera'}",5,0,1,4,0.26,JC Road,Bengaluru
surveillance,12.9764574,77.6018737,"{'camera:direction': '340', 'camera:mount': 'pole', 'camera:type': 'fixed', 'man_made': 'surveillance', 'surveillance': 'public', 'surveillance:type': 'camera', 'surveillance:zone': 'traffic'}",5,0,1,0,0.5,Mahatma Gandhi Road,Bengaluru
surveillance,12.9764489,77.6018684,"{'camera:direction': '250', 'camera:mount': 'pole', 'camera:type': 'fixed', 'man_made': 'surveillance', 'surveillance': 'public', 'surveillance:type': 'camera', 'surveillance:zone': 'traffic'}",5,0,1,3,0.32,Mahatma Gandhi Road,Bengaluru
surveillance,12.9764561,77.6018871,"{'camera:direction': '70', 'camera:mount': 'pole', 'camera:type': 'fixed', 'man_made': 'surveillance', 'surveillance': 'public', 'surveillance:type': 'camera', 'surveillance:zone': 'traffic'}",5,0,1,1,0.44,Mahatma Gandhi Road,Bengaluru
surveillance,12.9764512,77.6018781,"{'camera:mount': 'pole', 'camera:type': 'dome', 'man_made': 'surveillance', 'surveillance': 'public', 'surveillance:type': 'camera', 'surveillance:zone': 'traffic'}",5,0,1,2,0.38,Mahatma Gandhi Road,Bengaluru
surveillance,12.9917161,77.6145621,"{'camera:direction': '212', 'camera:mount': 'pole', 'camera:type': 'panning', 'man_made': 'surveillance', 'surveillance': 'public', 'surveillance:type': 'camera', 'surveillance:zone': 'town'}",5,0,1,3,0.32,Promenade Road,Bengaluru
surveillance,12.9917161,77.6145621,"{'camera:direction': '217', 'camera:mount': 'pole', 'camera:type': 'panning', 'man_made': 'surveillance', 'surveillance': 'public', 'surveillance:type': 'camera', 'surveillance:zone': 'town'}",5,0,1,4,0.26,Promenade Road,Bengaluru
surveillance,12.9917799,77.6144256,"{'camera:direction': '294', 'camera:mount': 'pole', 'camera:type': 'panning', 'man_made': 'surveillance', 'surveillance:type': 'camera', 'surveillance:zone': 'town'}",5,0,1,2,0.38,,Bengaluru
surveillance,12.9957238,77.6168313,"{'camera:direction': '247', 'camera:mount': 'pole', 'camera:type': 'panning', 'man_made': 'surveillance', 'surveillance': 'public', 'surveillance:type': 'camera', 'surveillance:zone': 'area'}",5,0,1,0,0.5,,Bengaluru
surveillance,12.9957317,77.6168344,"{'camera:direction': '308', 'camera:mount': 'pole', 'camera:type': 'panning', 'man_made': 'surveillance', 'surveillance': 'public', 'surveillance:type': 'camera', 'surveillance:zone': 'area'}",5,0,1,0,0.5,,Bengaluru
surveillance,12.9957238,77.6168313,"{'camera:direction': '151', 'camera:mount': 'pole', 'camera:type': 'panning', 'man_made': 'surveillance', 'surveillance': 'public', 'surveillance:type': 'camera', 'surveillance:zone': 'area'}",5,0,1,3,0.32,,Bengaluru
surveillance,13.0132535,77.5544294,"{'camera:direction': '293', 'camera:mount': 'pole', 'camera:type': 'fixed', 'man_made': 'surveillance', 'surveillance': 'public', 'surveillance:type': 'camera'}",5,0,1,1,0.44,Chord Road,Bengaluru
surveillance,13.0132358,77.5544339,"{'camera:direction': '217', 'camera:mount': 'pole', 'camera:type': 'fixed', 'man_made': 'surveillance', 'surveillance': 'public', 'surveillance:type': 'camera'}",5,0,1,4,0.26,Chord Road,Bengaluru
surveillance,12.919873,77.5807149,"{'camera:direction': '355', 'camera:mount': 'pole', 'camera:type': 'fixed', 'man_made': 'surveillance', 'surveillance': 'public', 'surveillance:type': 'camera'}",5,0,1,0,0.5,40th Cross Road,Nandini Milk
surveillance,12.9198646,77.5807234,"{'camera:direction': '91', 'camera:mount': 'pole', 'camera:type': 'fixed', 'man_made': 'surveillance', 'surveillance': 'public', 'surveillance:type': 'camera'}",5,0,1,1,0.44,40th Cross Road,Nandini Milk
surveillance,12.9474362,77.594054,"{'camera:direction': '122', 'camera:mount': 'pole', 'camera:type': 'fixed', 'man_made': 'surveillance', 'surveillance': 'public', 'surveillance:type': 'camera'}",5,0,1,3,0.32,,Bengaluru
surveillance,12.9166757,77.5968005,"{'camera:direction': '179', 'camera:mount': 'pole', 'camera:type': 'fixed', 'man_made': 'surveillance', 'surveillance': 'public', 'surveillance:type': 'camera'}",5,0,1,4,0.26,,6th Main Road
surveillance,12.9166825,77.5968033,"{'camera:direction': '40', 'camera:mount': 'pole', 'camera:type': 'fixed', 'man_made': 'surveillance', 'surveillance': 'public', 'surveillance:type': 'camera'}",5,0,1,3,0.32,,6th Main Road
surveillance,12.91668,77.5967985,"{'camera:mount': 'pole', 'camera:type': 'dome', 'man_made': 'surveillance', 'surveillance': 'public', 'surveillance:type': 'camera'}",5,0,1,1,0.44,,6th Main Road
surveillance,12.9162688,77.6151326,"{'camera:mount': 'pole', 'camera:type': 'dome', 'man_made': 'surveillance', 'surveillance': 'public', 'surveillance:type': 'camera'}",5,0,1,0,0.5,Outer Ring Road,Vijaya Bank
surveillance,12.9239431,77.6400049,"{'camera:direction': '112', 'camera:mount': 'pole', 'camera:type': 'fixed', 'man_made': 'surveillance', 'surveillance': 'public', 'surveillance:type': 'camera'}",5,0,1,0,0.5,,Bengaluru
surveillance,12.9239475,77.6399877,"{'camera:direction': '293', 'camera:mount': 'pole', 'camera:type': 'fixed', 'man_made': 'surveillance', 'surveillance': 'public', 'surveillance:type': 'camera'}",5,0,1,4,0.26,,Bengaluru
surveillance,12.9239434,77.639999,"{'camera:mount': 'pole', 'camera:type': 'dome', 'man_made': 'surveillance', 'surveillance': 'public', 'surveillance:type': 'camera'}",5,0,1,2,0.38,,Bengaluru
surveillance,12.9247745,77.6340521,"{'camera:direction': '187', 'camera:mount': 'pole', 'camera:type': 'fixed', 'man_made': 'surveillance', 'surveillance': 'public', 'surveillance:type': 'camera'}",5,0,1,4,0.26,,Sarjapura Road
surveillance,12.9247765,77.6340373,"{'camera:direction': '262', 'camera:mount': 'pole', 'camera:type': 'fixed', 'man_made': 'surveillance', 'surveillance': 'public', 'surveillance:type': 'camera'}",5,0,1,3,0.32,,Sarjapura Road
surveillance,12.9288025,77.6330491,"{'camera:direction': '176', 'camera:mount': 'wall', 'camera:type': 'fixed', 'man_made': 'surveillance', 'surveillance': 'outdoor', 'surveillance:type': 'camera'}",5,0,1,0,0.5,80 Feet Road,Wipro Park
surveillance,12.9288108,77.6330203,"{'camera:direction': '86', 'camera:mount': 'wall', 'camera:type': 'fixed', 'man_made': 'surveillance', 'surveillance': 'outdoor', 'surveillance:type': 'camera'}",5,0,1,3,0.32,80 Feet Road,Bengaluru
surveillance,12.95236,77.6201234,"{'camera:direction': '301', 'camera:mount': 'pole', 'camera:type': 'fixed', 'man_made': 'surveillance', 'surveillance': 'public', 'surveillance:type': 'camera'}",5,0,1,0,0.5,7th Main Road,Bengaluru
surveillance,12.9523492,77.6201383,"{'camera:direction': '120', 'camera:mount': 'pole', 'camera:type': 'fixed', 'man_made': 'surveillance', 'surveillance': 'public', 'surveillance:type': 'camera'}",5,0,1,0,0.5,7th Main Road,Bengaluru
surveillance,12.9459298,77.6187715,"{'camera:mount': 'pole', 'camera:type': 'dome', 'man_made': 'surveillance', 'surveillance': 'public', 'surveillance:type': 'camera'}",5,0,1,3,0.32,,Srinivagilu Main Road
surveillance,12.9399224,77.6254267,"{'camera:mount': 'pole', 'camera:type': 'dome', 'man_made': 'surveillance', 'surveillance': 'public', 'surveillance:type': 'camera'}",5,0,1,1,0.44,,17th F Main Road
surveillance,12.9396611,77.6253721,"{'camera:direction': '206', 'camera:mount': 'wall', 'camera:type': 'fixed', 'man_made': 'surveillance', 'surveillance': 'outdoor', 'surveillance:type': 'camera'}",5,0,1,3,0.32,,1st Main Road
surveillance,12.9399425,77.6254238,"{'camera:direction': '319', 'camera:mount': 'pole', 'camera:type': 'fixed', 'man_made': 'surveillance', 'surveillance': 'public', 'surveillance:type': 'camera'}",5,0,1,0,0.5,,17th F Main Road
surveillance,12.9399292,77.6254374,"{'camera:direction': '157', 'camera:mount': 'pole', 'camera:type': 'fixed', 'man_made': 'surveillance', 'surveillance': 'public', 'surveillance:type': 'camera'}",5,0,1,4,0.26,,17th F Main Road
surveillance,12.9598362,77.6489452,"{'camera:direction': '93', 'camera:mount': 'pole', 'camera:type': 'fixed', 'man_made': 'surveillance', 'surveillance': 'public', 'surveillance:type': 'camera', 'surveillance:zone': 'traffic'}",5,0,1,0,0.5,,HAL Old Airport Road
surveillance,12.9598499,77.6489465,"{'camera:direction': '93', 'camera:mount': 'pole', 'camera:type': 'fixed', 'man_made': 'surveillance', 'surveillance': 'public', 'surveillance:type': 'camera', 'surveillance:zone': 'traffic'}",5,0,1,2,0.38,,HAL Old Airport Road
surveillance,12.9598643,77.6489505,"{'camera:direction': '93', 'camera:mount': 'pole', 'camera:type': 'fixed', 'man_made': 'surveillance', 'surveillance': 'public', 'surveillance:type': 'camera', 'surveillance:zone': 'traffic'}",5,0,1,1,0.44,,HAL Old Airport Road
surveillance,12.9869865,77.5886065,"{'camera:direction': '217', 'camera:mount': 'pole', 'camera:type': 'fixed', 'man_made': 'surveillance', 'surveillance': 'public', 'surveillance:type': 'camera'}",5,0,1,0,0.5,,Bengaluru
surveillance,12.9829677,77.5923294,"{'camera:direction': '15', 'camera:mount': 'pole', 'camera:type': 'fixed', 'man_made': 'surveillance', 'surveillance': 'public', 'surveillance:type': 'camera'}",5,0,1,3,0.32,,Bengaluru
surveillance,12.9829585,77.5923172,"{'camera:direction': '306', 'camera:mount': 'pole', 'camera:type': 'fixed', 'man_made': 'surveillance', 'surveillance': 'public', 'surveillance:type': 'camera'}",5,0,1,3,0.32,,Bengaluru
surveillance,12.9829376,77.5923227,"{'camera:direction': '188', 'camera:mount': 'pole', 'camera:type': 'fixed', 'man_made': 'surveillance', 'surveillance': 'public', 'surveillance:type': 'camera'}",5,0,1,0,0.5,,Bengaluru
surveillance,12.9665077,77.6136866,"{'camera:direction': '101', 'camera:mount': 'pole', 'camera:type': 'fixed', 'man_made': 'surveillance', 'surveillance': 'public', 'surveillance:type': 'camera'}",5,0,1,0,0.5,Victoria Road,Bengaluru
surveillance,13.0088082,77.5711535,"{'camera:direction': '179', 'camera:mount': 'pole', 'camera:type': 'fixed', 'man_made': 'surveillance', 'surveillance': 'public', 'surveillance:type': 'camera'}",5,0,1,2,0.38,Sampige Road,Bengaluru
surveillance,13.0085303,77.5716704,"{'camera:direction': '334', 'camera:mount': 'pole', 'camera:type': 'fixed', 'man_made': 'surveillance', 'surveillance': 'public', 'surveillance:type': 'camera'}",5,0,1,0,0.5,,Bengaluru
surveillance,13.0085141,77.5716534,"{'camera:direction': '270', 'camera:mount': 'pole', 'camera:type': 'fixed', 'man_made': 'surveillance', 'surveillance': 'public', 'surveillance:type': 'camera'}",5,0,1,4,0.26,,Bengaluru
surveillance,13.0066162,77.5789403,"{'camera:direction': '212', 'camera:mount': 'pole', 'camera:type': 'fixed', 'man_made': 'surveillance', 'surveillance': 'public', 'surveillance:type': 'camera'}",5,0,1,0,0.5,,Bengaluru
surveillance,13.0066286,77.5789114,"{'camera:direction': '211', 'camera:mount': 'pole', 'camera:type': 'fixed', 'man_made': 'surveillance', 'surveillance': 'public', 'surveillance:type': 'camera'}",5,0,1,3,0.32,,Bengaluru
surveillance,13.0066394,77.5789326,"{'camera:direction': '34', 'camera:mount': 'pole', 'camera:type': 'fixed', 'man_made': 'surveillance', 'surveillance': 'public', 'surveillance:type': 'camera'}",5,0,1,4,0.26,,Bengaluru
surveillance,13.0030911,77.583878,"{'camera:direction': '239', 'camera:mount': 'pole', 'camera:type': 'fixed', 'man_made': 'surveillance', 'surveillance': 'public', 'surveillance:type': 'camera'}",5,0,1,0,0.5,,Bengaluru
surveillance,12.9658747,77.5952643,"{'camera:direction': '145', 'camera:mount': 'pole', 'camera:type': 'fixed', 'man_made': 'surveillance', 'surveillance': 'public', 'surveillance:type': 'camera'}",5,0,1,4,0.26,Rajaram Mohan Roy Road,Bengaluru
surveillance,12.9676011,77.5898583,"{'camera:direction': '164', 'camera:mount': 'pole', 'camera:type': 'fixed', 'man_made': 'surveillance', 'surveillance': 'public', 'surveillance:type': 'camera'}",5,0,1,4,0.26,8th Main Road,Bengaluru
surveillance,12.9964036,77.5661248,"{'camera:direction': '166', 'camera:mount': 'pole', 'camera:type': 'fixed', 'man_made': 'surveillance', 'surveillance': 'public', 'surveillance:type': 'camera'}",5,0,1,4,0.26,1st Main Road,Bengaluru
surveillance,12.996419,77.566087,"{'camera:direction': '265', 'camera:mount': 'pole', 'camera:type': 'fixed', 'man_made': 'surveillance', 'surveillance': 'public', 'surveillance:type': 'camera'}",5,0,1,1,0.44,1st Main Road,Bengaluru
surveillance,12.9964424,77.5661078,"{'camera:direction': '326', 'camera:mount': 'pole', 'camera:type': 'fixed', 'man_made': 'surveillance', 'surveillance': 'public', 'surveillance:type': 'camera'}",5,0,1,3,0.32,1st Main Road,Bengaluru
surveillance,12.9171002,77.5896106,"{'camera:direction': '271', 'camera:mount': 'pole', 'camera:type': 'fixed', 'man_made': 'surveillance', 'surveillance': 'public', 'surveillance:type': 'camera'}",5,0,1,4,0.26,Marenahalli Road,Invensis
surveillance,12.9170224,77.5926582,"{'camera:direction': '273', 'camera:mount': 'pole', 'camera:type': 'fixed', 'man_made': 'surveillance', 'surveillance': 'public', 'surveillance:type': 'camera'}",5,0,1,4,0.26,25th Main Road,Kotak Mahindra Bank
surveillance,12.916995,77.5926631,"{'camera:direction': '179', 'camera:mount': 'pole', 'camera:type': 'fixed', 'man_made': 'surveillance', 'surveillance': 'public', 'surveillance:type': 'camera'}",5,0,1,0,0.5,25th Main Road,Kotak Mahindra Bank
surveillance,12.9169677,77.5951215,"{'camera:direction': '180', 'camera:mount': 'pole', 'camera:type': 'fixed', 'man_made': 'surveillance', 'surveillance': 'public', 'surveillance:type': 'camera'}",5,0,1,3,0.32,,28th Main Road
surveillance,12.9169149,77.5969378,"{'camera:direction': '0', 'camera:mount': 'pole', 'camera:type': 'fixed', 'man_made': 'surveillance', 'surveillance': 'public', 'surveillance:type': 'camera'}",5,0,1,0,0.5,East End Main Road,Maruthi Medical Stores
surveillance,12.9169007,77.5969372,"{'camera:direction': '183', 'camera:mount': 'pole', 'camera:type': 'fixed', 'man_made': 'surveillance', 'surveillance': 'public', 'surveillance:type': 'camera'}",5,0,1,4,0.26,East End Main Road,Maruthi Medical Stores
surveillance,12.9169014,77.5969286,"{'camera:direction': '271', 'camera:mount': 'pole', 'camera:type': 'fixed', 'man_made': 'surveillance', 'surveillance': 'public', 'surveillance:type': 'camera'}",5,0,1,1,0.44,,East End Main Road
surveillance,12.9169083,77.5969384,"{'camera:mount': 'pole', 'camera:type': 'dome', 'man_made': 'surveillance', 'surveillance': 'public', 'surveillance:type': 'camera'}",5,0,1,3,0.32,East End Main Road,Maruthi Medical Stores
surveillance,12.9166552,77.6124819,"{'camera:direction': '152', 'camera:mount': 'pole', 'camera:type': 'fixed', 'man_made': 'surveillance', 'surveillance': 'public', 'surveillance:type': 'camera'}",5,0,1,0,0.5,Outer Ring Road,Saphire Honda
surveillance,12.9166412,77.6124721,"{'camera:direction': '271', 'camera:mount': 'pole', 'camera:type': 'fixed', 'man_made': 'surveillance', 'surveillance': 'public', 'surveillance:type': 'camera'}",5,0,1,1,0.44,Outer Ring Road,Saphire Honda
surveillance,12.9168527,77.631721,"{'camera:direction': '274', 'camera:mount': 'pole', 'camera:type': 'fixed', 'man_made': 'surveillance', 'surveillance': 'public', 'surveillance:type': 'camera'}",5,0,1,4,0.26,6th Avenue,Express Hypermarket
surveillance,12.9168473,77.6317314,"{'camera:direction': '97', 'camera:mount': 'pole', 'camera:type': 'fixed', 'man_made': 'surveillance', 'surveillance': 'public', 'surveillance:type': 'camera'}",5,0,1,0,0.5,6th Avenue,Express Hypermarket
surveillance,12.916859,77.631722,"{'camera:direction': '12', 'camera:mount': 'pole', 'camera:type': 'fixed', 'man_made': 'surveillance', 'surveillance': 'public', 'surveillance:type': 'camera'}",5,0,1,4,0.26,6th Avenue,Express Hypermarket
surveillance,12.9165356,77.6100121,"{'camera:direction': '272', 'camera:mount': 'pole', 'camera:type': 'fixed', 'man_made': 'surveillance', 'surveillance': 'public', 'surveillance:type': 'camera'}",5,0,1,2,0.38,,16th Main Road
surveillance,12.9165358,77.610022,"{'camera:direction': '90', 'camera:mount': 'pole', 'camera:type': 'fixed', 'man_made': 'surveillance', 'surveillance': 'public', 'surveillance:type': 'camera'}",5,0,1,2,0.38,,16th Main Road
surveillance,12.9087923,77.6493927,"{'camera:direction': '353', 'camera:mount': 'pole', 'camera:type': 'fixed', 'man_made': 'surveillance', 'surveillance': 'public', 'surveillance:type': 'camera'}",5,0,1,2,0.38,22nd Cross Road,Kurl-On
surveillance,12.916555,77.6292554,"{'camera:direction': '182', 'camera:mount': 'pole', 'camera:type': 'fixed', 'man_made': 'surveillance', 'surveillance': 'public', 'surveillance:type': 'camera'}",5,0,1,2,0.38,Outer Ring Road,SI Apartment HSR Layout
surveillance,12.9165615,77.6292695,"{'camera:direction': '94', 'camera:mount': 'pole', 'camera:type': 'fixed', 'man_made': 'surveillance', 'surveillance': 'public', 'surveillance:type': 'camera'}",5,0,1,4,0.26,Outer Ring Road,SI Apartment HSR Layout
surveillance,12.9801326,77.5967216,"{'man_made': 'surveillance', 'surveillance': 'public', 'surveillance:type': 'guard', 'surveillance:zone': 'area'}",5,0,1,3,0.32,King's Road,Bengaluru
surveillance,12.979614,77.5962716,"{'camera:mount': 'pole', 'camera:type': 'dome', 'man_made': 'surveillance', 'surveillance': 'public', 'surveillance:type': 'camera', 'surveillance:zone': 'area'}",5,0,1,1,0.44,King's Road,Bengaluru
surveillance,12.9726346,77.6448618,"{'camera:direction': '26', 'camera:mount': 'pole', 'camera:type': 'fixed', 'man_made': 'surveillance', 'surveillance': 'public', 'surveillance:type': 'camera'}",5,0,1,4,0.26,8th Main Road,
surveillance,12.9726293,77.6448636,"{'camera:direction': '99', 'camera:mount': 'pole', 'camera:type': 'fixed', 'man_made': 'surveillance', 'surveillance': 'public', 'surveillance:type': 'camera'}",5,0,1,0,0.5,8th Main Road,
surveillance,12.9726293,77.6448636,"{'camera:direction': '319', 'camera:mount': 'pole', 'camera:type': 'fixed', 'man_made': 'surveillance', 'surveillance': 'public', 'surveillance:type': 'camera'}",5,0,1,3,0.32,8th Main Road,
surveillance,12.9782154,77.6389379,"{'camera:direction': '266', 'camera:mount': 'pole', 'camera:type': 'fixed', 'man_made': 'surveillance', 'surveillance': 'public', 'surveillance:type': 'camera'}",5,0,1,1,0.44,4th Cross Road,Bengaluru
surveillance,12.9772818,77.6389248,"{'camera:direction': '192', 'camera:mount': 'pole', 'camera:type': 'fixed', 'man_made': 'surveillance', 'surveillance': 'public', 'surveillance:type': 'camera'}",5,0,1,3,0.32,10th A Main Road,Bengaluru
surveillance,12.9772818,77.6389248,"{'camera:direction': '348', 'camera:mount': 'pole', 'camera:type': 'fixed', 'man_made': 'surveillance', 'surveillance': 'public', 'surveillance:type': 'camera'}",5,0,1,2,0.38,10th A Main Road,Bengaluru
surveillance,12.9772818,77.6389248,"{'camera:direction': '99', 'camera:mount': 'pole', 'camera:type': 'fixed', 'man_made': 'surveillance', 'surveillance': 'public', 'surveillance:type': 'camera'}",5,0,1,3,0.32,10th A Main Road,Bengaluru
surveillance,12.9782154,77.6389379,"{'camera:mount': 'pole', 'camera:type': 'dome', 'man_made': 'surveillance', 'surveillance': 'public', 'surveillance:type': 'camera'}",5,0,1,2,0.38,4th Cross Road,Bengaluru
surveillance,12.9631732,77.5849906,"{'camera:direction': '20', 'camera:mount': 'pole', 'camera:type': 'fixed', 'man_made': 'surveillance', 'surveillance': 'public', 'surveillance:type': 'camera'}",5,0,1,1,0.44,,Bengaluru
surveillance,12.9631423,77.5849729,"{'camera:direction': '214', 'camera:mount': 'pole', 'camera:type': 'fixed', 'man_made': 'surveillance', 'surveillance': 'public', 'surveillance:type': 'camera'}",5,0,1,2,0.38,,Bengaluru
surveillance,12.9636937,77.5849037,"{'camera:direction': '176', 'camera:mount': 'pole', 'camera:type': 'fixed', 'man_made': 'surveillance', 'surveillance': 'public', 'surveillance:type': 'camera'}",5,0,1,1,0.44,,Bengaluru
surveillance,12.9637085,77.5848901,"{'camera:direction': '282', 'camera:mount': 'pole', 'camera:type': 'fixed', 'man_made': 'surveillance', 'surveillance': 'public', 'surveillance:type': 'camera'}",5,0,1,2,0.38,,Bengaluru
surveillance,12.9637009,77.584905,"{'camera:direction': '51', 'camera:mount': 'pole', 'camera:type': 'fixed', 'man_made': 'surveillance', 'surveillance': 'public', 'surveillance:type': 'camera'}",5,0,1,2,0.38,,Bengaluru
surveillance,12.9614092,77.5841208,"{'camera:direction': '206', 'camera:mount': 'pole', 'camera:type': 'fixed', 'man_made': 'surveillance', 'surveillance': 'public', 'surveillance:type': 'camera'}",5,0,1,1,0.44,,Bengaluru
surveillance,12.961421,77.584135,"{'camera:direction': '26', 'camera:mount': 'pole', 'camera:type': 'fixed', 'man_made': 'surveillance', 'surveillance': 'public', 'surveillance:type': 'camera'}",5,0,1,2,0.38,,Bengaluru
surveillance,12.9614047,77.584145,"{'camera:direction': '95', 'camera:mount': 'pole', 'camera:type': 'fixed', 'man_made': 'surveillance', 'surveillance': 'public', 'surveillance:type': 'camera'}",5,0,1,2,0.38,,Bengaluru
surveillance,12.9614089,77.5841177,"{'camera:direction': '276', 'camera:mount': 'pole', 'camera:type': 'fixed', 'man_made': 'surveillance', 'surveillance': 'public', 'surveillance:type': 'camera'}",5,0,1,4,0.26,,Bengaluru
surveillance,12.9443812,77.5971667,"{'camera:direction': '351', 'camera:mount': 'pole', 'camera:type': 'fixed', 'man_made': 'surveillance', 'surveillance': 'public', 'surveillance:type': 'camera'}",5,0,1,1,0.44,,Bengaluru
surveillance,12.9443562,77.5971854,"{'camera:direction': '34', 'camera:mount': 'pole', 'camera:type': 'fixed', 'man_made': 'surveillance', 'surveillance': 'public', 'surveillance:type': 'camera'}",5,0,1,0,0.5,,Bengaluru
surveillance,12.9443426,77.5971669,"{'camera:direction': '173', 'camera:mount': 'pole', 'camera:type': 'fixed', 'man_made': 'surveillance', 'surveillance': 'public', 'surveillance:type': 'camera'}",5,0,1,1,0.44,,Bengaluru
surveillance,12.9780701,77.6330299,"{'camera:direction': '70', 'camera:mount': 'pole', 'camera:type': 'fixed', 'man_made': 'surveillance', 'surveillance': 'outdoor', 'surveillance:type': 'camera'}",5,0,1,0,0.5,17th E Cross,Bengaluru
surveillance,12.9781526,77.6366057,"{'camera:mount': 'pole', 'camera:type': 'dome', 'man_made': 'surveillance', 'surveillance': 'outdoor', 'surveillance:type': 'camera'}",5,0,1,2,0.38,Chinmaya Mission Hospital Road,Bengaluru
surveillance,12.9780701,77.6330299,"{'camera:direction': '198', 'camera:mount': 'pole', 'camera:type': 'fixed', 'man_made': 'surveillance', 'surveillance': 'outdoor', 'surveillance:type': 'camera'}",5,0,1,0,0.5,17th E Cross,Bengaluru
surveillance,12.9780701,77.6330299,"{'camera:direction': '273', 'camera:mount': 'pole', 'camera:type': 'fixed', 'man_made': 'surveillance', 'surveillance': 'outdoor', 'surveillance:type': 'camera'}",5,0,1,1,0.44,17th E Cross,Bengaluru
surveillance,12.9822563,77.6376333,"{'camera:direction': '284', 'camera:mount': 'pole', 'camera:type': 'fixed', 'man_made': 'surveillance', 'surveillance': 'outdoor', 'surveillance:type': 'camera'}",5,0,1,3,0.32,2nd Main,Bengaluru
surveillance,12.9783345,77.6367011,"{'camera:mount': 'pole', 'camera:type': 'dome', 'man_made': 'surveillance', 'surveillance': 'outdoor', 'surveillance:type': 'camera'}",5,0,1,1,0.44,Indiranagar Double Road,Bengaluru
surveillance,12.9783305,77.6367156,"{'camera:mount': 'pole', 'camera:type': 'fixed', 'man_made': 'surveillance', 'surveillance': 'outdoor', 'surveillance:type': 'camera'}",5,0,1,4,0.26,Indiranagar Double Road,Bengaluru
surveillance,12.9783345,77.6367011,"{'camera:direction': '193', 'camera:mount': 'pole', 'camera:type': 'fixed', 'man_made': 'surveillance', 'surveillance': 'outdoor', 'surveillance:type': 'camera'}",5,0,1,3,0.32,Indiranagar Double Road,Bengaluru
surveillance,12.9800952,77.6370735,"{'camera:direction': '286', 'camera:mount': 'pole', 'camera:type': 'fixed', 'man_made': 'surveillance', 'surveillance': 'outdoor', 'surveillance:type': 'camera'}",5,0,1,0,0.5,,Bengaluru
surveillance,12.9800952,77.6370735,"{'camera:direction': '102', 'camera:mount': 'pole', 'camera:type': 'fixed', 'man_made': 'surveillance', 'surveillance': 'outdoor', 'surveillance:type': 'camera'}",5,0,1,2,0.38,,Bengaluru
surveillance,12.9800952,77.6370735,"{'camera:direction': '171', 'camera:mount': 'pole', 'camera:type': 'fixed', 'man_made': 'surveillance', 'surveillance': 'outdoor', 'surveillance:type': 'camera'}",5,0,1,0,0.5,,Bengaluru
surveillance,12.9822563,77.6376333,"{'camera:direction': '142', 'camera:mount': 'pole', 'camera:type': 'fixed', 'man_made': 'surveillance', 'surveillance': 'outdoor', 'surveillance:type': 'camera'}",5,0,1,0,0.5,2nd Main,Bengaluru
surveillance,12.9822563,77.6376333,"{'camera:direction': '82', 'camera:mount': 'pole', 'camera:type': 'fixed', 'man_made': 'surveillance', 'surveillance': 'outdoor', 'surveillance:type': 'camera'}",5,0,1,4,0.26,2nd Main,Bengaluru
surveillance,12.9807239,77.6336316,"{'camera:direction': '101', 'camera:mount': 'pole', 'camera:type': 'fixed', 'man_made': 'surveillance', 'surveillance': 'outdoor', 'surveillance:type': 'camera'}",5,0,1,2,0.38,5th Main Road,Bengaluru
surveillance,13.0041151,77.6196759,"{'camera:direction': '214', 'camera:mount': 'pole', 'camera:type': 'panning', 'man_made': 'surveillance', 'surveillance': 'public', 'surveillance:type': 'camera', 'surveillance:zone': 'area'}",5,0,1,1,0.44,,Bengaluru
surveillance,13.0041151,77.6196759,"{'camera:direction': '29', 'camera:mount': 'pole', 'camera:type': 'panning', 'man_made': 'surveillance', 'surveillance': 'public', 'surveillance:type': 'camera', 'surveillance:zone': 'area'}",5,0,1,1,0.44,,Bengaluru
surveillance,13.001891,77.5700279,"{'camera:direction': '75;0', 'camera:mount': 'pole', 'man_made': 'surveillance', 'surveillance:type': 'camera'}",5,0,1,3,0.32,West Park Road,Bengaluru
surveillance,12.9873288,77.580243,"{'camera:direction': '42', 'camera:mount': 'pole', 'camera:type': 'fixed', 'man_made': 'surveillance', 'surveillance': 'public', 'surveillance:type': 'camera', 'surveillance:zone': 'traffic'}",5,0,1,4,0.26,Kumara Krupa Road,Bengaluru
surveillance,12.9873192,77.5802388,"{'camera:direction': '220', 'camera:mount': 'pole', 'camera:type': 'fixed', 'man_made': 'surveillance', 'surveillance': 'public', 'surveillance:type': 'camera', 'surveillance:zone': 'traffic'}",5,0,1,1,0.44,Kumara Krupa Road,Bengaluru
surveillance,13.0270261,77.5858109,"{'camera:direction': '100', 'camera:mount': 'pole', 'camera:type': 'fixed', 'man_made': 'surveillance', 'surveillance': 'outdoor', 'surveillance:type': 'camera'}",5,0,1,3,0.32,CBI Road,Bengaluru
surveillance,13.0270165,77.5857931,"{'camera:direction': '290', 'camera:mount': 'pole', 'camera:type': 'fixed', 'man_made': 'surveillance', 'surveillance': 'outdoor', 'surveillance:type': 'camera'}",5,0,1,0,0.5,CBI Road,Bengaluru
surveillance,13.0270356,77.5858011,"{'camera:direction': '20', 'camera:mount': 'pole', 'camera:type': 'fixed', 'man_made': 'surveillance', 'surveillance': 'outdoor', 'surveillance:type': 'camera'}",5,0,1,1,0.44,CBI Road,Bengaluru
surveillance,12.987328,77.5802299,"{'camera:direction': '320', 'camera:mount': 'pole', 'camera:type': 'fixed', 'man_made': 'surveillance', 'surveillance': 'public', 'surveillance:type': 'camera', 'surveillance:zone': 'traffic'}",5,0,1,1,0.44,Kumara Krupa Road,Bengaluru
surveillance,12.987307,77.580246,"{'camera:direction': '150', 'camera:mount': 'pole', 'camera:type': 'fixed', 'man_made': 'surveillance', 'surveillance': 'public', 'surveillance:type': 'camera', 'surveillance:zone': 'traffic'}",5,0,1,2,0.38,Kumara Krupa Road,Bengaluru
surveillance,12.9939102,77.5739816,"{'camera:direction': '170', 'camera:mount': 'pole', 'camera:type': 'fixed', 'man_made': 'surveillance', 'surveillance': 'public', 'surveillance:type': 'camera'}",5,0,1,4,0.26,,Bengaluru
surveillance,12.9939183,77.573975,"{'camera:direction': '234', 'camera:mount': 'pole', 'camera:type': 'fixed', 'man_made': 'surveillance', 'surveillance': 'public', 'surveillance:type': 'camera'}",5,0,1,4,0.26,,Bengaluru
surveillance,12.9793979,77.602392,"{'camera:direction': '193', 'camera:mount': 'pole', 'camera:type': 'fixed', 'man_made': 'surveillance', 'surveillance': 'public', 'surveillance:type': 'camera'}",5,0,1,2,0.38,,Bengaluru
surveillance,12.9793991,77.602401,"{'camera:mount': 'pole', 'camera:type': 'dome', 'man_made': 'surveillance', 'surveillance': 'public', 'surveillance:type': 'camera'}",5,0,1,2,0.38,,Bengaluru
surveillance,12.9791355,77.6026167,"{'camera:direction': '109', 'camera:mount': 'pole', 'camera:type': 'fixed', 'man_made': 'surveillance', 'surveillance': 'public', 'surveillance:type': 'camera'}",5,0,1,4,0.26,,Bengaluru
surveillance,12.9718754,77.6070732,"{'camera:mount': 'pole', 'camera:type': 'dome', 'man_made': 'surveillance', 'surveillance': 'public', 'surveillance:type': 'camera'}",5,0,1,0,0.5,Brigade Road,Bengaluru
surveillance,12.9719162,77.6071242,"{'camera:direction': '56', 'camera:mount': 'pole', 'camera:type': 'fixed', 'man_made': 'surveillance', 'surveillance': 'public', 'surveillance:type': 'camera'}",5,0,1,3,0.32,Brigade Road,Bengaluru
surveillance,12.9776966,77.64287,"{'camera:direction': '176', 'camera:mount': 'pole', 'camera:type': 'fixed', 'man_made': 'surveillance', 'surveillance': 'public', 'surveillance:type': 'camera'}",5,0,1,3,0.32,,2nd Cross Road
surveillance,12.9777103,77.6428784,"{'camera:direction': '87', 'camera:mount': 'pole', 'camera:type': 'fixed', 'man_made': 'surveillance', 'surveillance': 'public', 'surveillance:type': 'camera'}",5,0,1,4,0.26,,2nd Cross Road
surveillance,12.9777207,77.6428702,"{'camera:direction': '357', 'camera:mount': 'pole', 'camera:type': 'fixed', 'man_made': 'surveillance', 'surveillance': 'public', 'surveillance:type': 'camera'}",5,0,1,1,0.44,,2nd Cross Road
surveillance,12.9777131,77.6428582,"{'camera:direction': '268', 'camera:mount': 'pole', 'camera:type': 'fixed', 'man_made': 'surveillance', 'surveillance': 'public', 'surveillance:type': 'camera'}",5,0,1,1,0.44,,2nd Cross Road
surveillance,12.974103,77.6467995,"{'camera:direction': '47', 'camera:mount': 'pole', 'camera:type': 'fixed', 'man_made': 'surveillance', 'surveillance': 'public', 'surveillance:type': 'camera'}",5,0,1,2,0.38,,6th Main Road
surveillance,12.974076,77.6468013,"{'camera:direction': '135', 'camera:mount': 'pole', 'camera:type': 'fixed', 'man_made': 'surveillance', 'surveillance': 'public', 'surveillance:type': 'camera'}",5,0,1,1,0.44,,6th Main Road
surveillance,12.9740725,77.6467781,"{'camera:direction': '215', 'camera:mount': 'pole', 'camera:type': 'fixed', 'man_made': 'surveillance', 'surveillance': 'public', 'surveillance:type': 'camera'}",5,0,1,0,0.5,,6th Main Road
surveillance,12.9623056,77.6375751,"{'camera:direction': '97', 'camera:mount': 'pole', 'camera:type': 'fixed', 'man_made': 'surveillance', 'surveillance': 'public', 'surveillance:type': 'camera'}",5,0,1,4,0.26,,Bengaluru
surveillance,13.0498992,77.5574297,"{'camera:direction': '176', 'camera:mount': 'pole', 'camera:type': 'fixed', 'man_made': 'surveillance', 'surveillance': 'public', 'surveillance:type': 'camera'}",5,0,1,0,0.5,Vidyaranyapura Road,BEL Hospital
surveillance,13.0499164,77.5574269,"{'camera:direction': '358', 'camera:mount': 'pole', 'camera:type': 'fixed', 'man_made': 'surveillance', 'surveillance': 'public', 'surveillance:type': 'camera'}",5,0,1,0,0.5,Vidyaranyapura Road,BEL Hospital
surveillance,12.9786453,77.6456654,"{'camera:direction': '173', 'camera:mount': 'pole', 'camera:type': 'fixed', 'man_made': 'surveillance', 'surveillance': 'public', 'surveillance:type': 'camera'}",5,0,1,0,0.5,Chinmaya Mission Hospital Road,Bengaluru
surveillance,12.9786448,77.6456794,"{'camera:direction': '100', 'camera:mount': 'pole', 'camera:type': 'fixed', 'man_made': 'surveillance', 'surveillance': 'public', 'surveillance:type': 'camera'}",5,0,1,3,0.32,Chinmaya Mission Hospital Road,Bengaluru
surveillance,12.9786454,77.6456561,"{'camera:direction': '260', 'camera:mount': 'pole', 'camera:type': 'fixed', 'man_made': 'surveillance', 'surveillance': 'public', 'surveillance:type': 'camera'}",5,0,1,1,0.44,Chinmaya Mission Hospital Road,Bengaluru
surveillance,12.9755144,77.6246853,"{'camera:direction': '184', 'camera:mount': 'pole', 'camera:type': 'fixed', 'man_made': 'surveillance', 'surveillance': 'outdoor', 'surveillance:type': 'camera'}",5,0,1,2,0.38,Someshwara Temple Road,Bengaluru
surveillance,12.9755128,77.6246837,"{'camera:direction': '139', 'camera:mount': 'pole', 'camera:type': 'fixed', 'man_made': 'surveillance', 'surveillance': 'outdoor', 'surveillance:type': 'camera'}",5,0,1,1,0.44,Someshwara Temple Road,Bengaluru
surveillance,12.9755098,77.624685,"{'camera:direction': '277', 'camera:mount': 'pole', 'camera:type': 'fixed', 'man_made': 'surveillance', 'surveillance': 'outdoor', 'surveillance:type': 'camera'}",5,0,1,4,0.26,Someshwara Temple Road,Bengaluru
surveillance,13.0056853,77.5797328,"{'camera:direction': '90', 'camera:mount': 'wall', 'camera:type': 'fixed', 'man_made': 'surveillance', 'surveillance': 'outdoor', 'surveillance:type': 'camera'}",5,0,1,4,0.26,Sankey Road,Bengaluru
surveillance,13.0056801,77.5797238,"{'camera:direction': '221', 'camera:mount': 'wall', 'camera:type': 'fixed', 'man_made': 'surveillance', 'surveillance': 'outdoor', 'surveillance:type': 'camera'}",5,0,1,3,0.32,Sankey Road,Bengaluru
surveillance,13.0056191,77.5798694,"{'camera:direction': '310', 'camera:mount': 'wall', 'camera:type': 'fixed', 'man_made': 'surveillance', 'surveillance': 'outdoor', 'surveillance:type': 'camera'}",5,0,1,1,0.44,Sankey Road,Bengaluru
surveillance,13.0057536,77.5809197,"{'camera:direction': '210', 'camera:mount': 'wall', 'camera:type': 'panning', 'man_made': 'surveillance', 'surveillance': 'outdoor', 'surveillance:type': 'camera'}",5,0,1,0,0.5,4th Main Road,Bengaluru
surveillance,12.9371154,77.6269289,"{'camera:direction': '234', 'camera:mount': 'pole', 'camera:type': 'fixed', 'man_made': 'surveillance', 'surveillance': 'public', 'surveillance:type': 'camera'}",5,0,1,0,0.5,80 Feet Road,Sony World Signal
surveillance,12.970268,77.6399869,"{'camera:mount': 'pole', 'camera:type': 'dome', 'man_made': 'surveillance', 'surveillance': 'public', 'surveillance:type': 'camera', 'surveillance:zone': 'shop'}",5,0,1,1,0.44,12th Main Road,Bengaluru
surveillance,12.9702669,77.6399852,"{'camera:mount': 'pole', 'camera:type': 'dome', 'man_made': 'surveillance', 'surveillance': 'public', 'surveillance:type': 'camera', 'surveillance:zone': 'shop'}",5,0,1,3,0.32,12th Main Road,Bengaluru
surveillance,12.9393402,77.628877,"{'camera:mount': 'pole', 'camera:type': 'fixed', 'man_made': 'surveillance', 'surveillance': 'public', 'surveillance:type': 'camera'}",5,0,1,0,0.5,1st Cross Road,Dental Lounge
surveillance,12.9162601,77.6055077,"{'camera:direction': '172', 'camera:mount': 'pole', 'camera:type': 'fixed', 'man_made': 'surveillance', 'surveillance': 'public', 'surveillance:type': 'camera'}",5,0,1,1,0.44,1st Cross Road,Karnataka Bank
surveillance,12.9162642,77.6054999,"{'camera:direction': '268', 'camera:mount': 'pole', 'camera:type': 'fixed', 'man_made': 'surveillance', 'surveillance': 'public', 'surveillance:type': 'camera'}",5,0,1,0,0.5,1st Cross Road,Karnataka Bank
surveillance,12.9162666,77.6055046,"{'camera:direction': '354', 'camera:mount': 'pole', 'camera:type': 'fixed', 'man_made': 'surveillance', 'surveillance': 'public', 'surveillance:type': 'camera'}",5,0,1,3,0.32,1st Cross Road,Karnataka Bank
surveillance,12.9162647,77.6055088,"{'camera:direction': '84', 'camera:mount': 'pole', 'camera:type': 'fixed', 'man_made': 'surveillance', 'surveillance': 'public', 'surveillance:type': 'camera'}",5,0,1,0,0.5,1st Cross Road,Karnataka Bank
surveillance,12.9239356,77.6497568,"{'camera:direction': '63', 'camera:mount': 'wall', 'camera:type': 'fixed', 'man_made': 'surveillance', 'surveillance': 'public', 'surveillance:type': 'camera'}",5,0,1,0,0.5,24th Main Road,Sun Temple
surveillance,12.9239238,77.6497619,"{'camera:direction': '161', 'camera:mount': 'wall', 'camera:type': 'fixed', 'man_made': 'surveillance', 'surveillance': 'public', 'surveillance:type': 'camera'}",5,0,1,3,0.32,24th Main Road,Sun Temple
surveillance,12.9239252,77.6497507,"{'camera:mount': 'wall', 'camera:type': 'panning', 'man_made': 'surveillance', 'surveillance': 'public', 'surveillance:type': 'camera'}",5,0,1,1,0.44,1st Cross Road,
surveillance,12.9196657,77.6493103,"{'camera:direction': '350', 'camera:mount': 'pole', 'camera:type': 'fixed', 'man_made': 'surveillance', 'surveillance': 'public', 'surveillance:type': 'camera'}",5,0,1,0,0.5,24th Main Road,
surveillance,12.919658,77.649315,"{'camera:direction': '108', 'camera:mount': 'pole', 'camera:type': 'fixed', 'man_made': 'surveillance', 'surveillance': 'public', 'surveillance:type': 'camera'}",5,0,1,3,0.32,24th Main Road,
surveillance,12.9196593,77.6493072,"{'camera:direction': '230', 'camera:mount': 'pole', 'camera:type': 'fixed', 'man_made': 'surveillance', 'surveillance': 'public', 'surveillance:type': 'camera'}",5,0,1,4,0.26,24th Main Road,
surveillance,12.9240309,77.6497817,"{'camera:direction': '80', 'camera:mount': 'wall', 'camera:type': 'fixed', 'man_made': 'surveillance', 'surveillance': 'public', 'surveillance:type': 'camera'}",5,0,1,4,0.26,24th Main Road,Sun Temple
surveillance,12.9240218,77.6497783,"{'camera:direction': '170', 'camera:mount': 'wall', 'camera:type': 'fixed', 'man_made': 'surveillance', 'surveillance': 'public', 'surveillance:type': 'camera'}",5,0,1,2,0.38,24th Main Road,Sun Temple
surveillance,12.924027,77.6497719,"{'camera:direction': '235', 'camera:mount': 'wall', 'camera:type': 'fixed', 'man_made': 'surveillance', 'surveillance': 'public', 'surveillance:type': 'camera'}",5,0,1,1,0.44,24th Main Road,Sun Temple
surveillance,12.9239335,77.6497475,"{'camera:direction': '270', 'camera:mount': 'wall', 'camera:type': 'fixed', 'man_made': 'surveillance', 'surveillance': 'public', 'surveillance:type': 'camera'}",5,0,1,3,0.32,24th Main Road,Sun Temple
surveillance,13.0022035,77.62572,"{'camera:direction': '202', 'camera:mount': 'pole', 'camera:type': 'fixed', 'man_made': 'surveillance', 'surveillance': 'public', 'surveillance:type': 'camera'}",5,0,1,0,0.5,,Bengaluru
surveillance,13.002206,77.6257145,"{'camera:direction': '289', 'camera:mount': 'pole', 'camera:type': 'fixed', 'man_made': 'surveillance', 'surveillance': 'public', 'surveillance:type': 'camera'}",5,0,1,1,0.44,,Bengaluru
surveillance,13.0021328,77.625788,"{'camera:direction': '19', 'camera:mount': 'pole', 'camera:type': 'fixed', 'man_made': 'surveillance', 'surveillance': 'public', 'surveillance:type': 'camera'}",5,0,1,0,0.5,DaCosta Layout 1st Cross,Bangalore
surveillance,13.0021282,77.6257915,"{'camera:direction': '106', 'camera:mount': 'pole', 'camera:type': 'fixed', 'man_made': 'surveillance', 'surveillance': 'public', 'surveillance:type': 'camera'}",5,0,1,4,0.26,DaCosta Layout 1st Cross,Bangalore
surveillance,13.0021313,77.6257827,"{'camera:direction': '299', 'camera:mount': 'pole', 'camera:type': 'fixed', 'man_made': 'surveillance', 'surveillance': 'public', 'surveillance:type': 'camera'}",5,0,1,0,0.5,DaCosta Layout 1st Cross,Bangalore
surveillance,12.9750035,77.6081816,"{'camera:direction': '105', 'camera:mount': 'gantry', 'camera:type': 'panning', 'man_made': 'surveillance', 'surveillance': 'public', 'surveillance:type': 'camera', 'surveillance:zone': 'area'}",5,0,1,3,0.32,,Bengaluru
surveillance,12.975003,77.6082437,"{'camera:direction': '103', 'camera:mount': 'gantry', 'camera:type': 'panning', 'man_made': 'surveillance', 'surveillance': 'public', 'surveillance:type': 'camera', 'surveillance:zone': 'area'}",5,0,1,1,0.44,,Bengaluru
surveillance,12.9981796,77.5649376,"{'camera:direction': '200', 'camera:mount': 'pole', 'camera:type': 'fixed', 'man_made': 'surveillance', 'surveillance': 'public', 'surveillance:type': 'camera'}",5,0,1,0,0.5,1st Main Road,Bengaluru
surveillance,13.0187549,77.5575049,"{'camera:direction': '239', 'camera:mount': 'pole', 'camera:type': 'fixed', 'man_made': 'surveillance', 'surveillance': 'public', 'surveillance:type': 'camera'}",5,0,1,1,0.44,Tumkur Road,Bengaluru
surveillance,13.0187601,77.5575243,"{'camera:direction': '84', 'camera:mount': 'pole', 'camera:type': 'fixed', 'man_made': 'surveillance', 'surveillance': 'public', 'surveillance:type': 'camera'}",5,0,1,4,0.26,Tumkur Road,Bengaluru
surveillance,13.0187688,77.5575025,"{'camera:mount': 'pole', 'camera:type': 'dome', 'man_made': 'surveillance', 'surveillance': 'public', 'surveillance:type': 'camera'}",5,0,1,1,0.44,Tumkur Road,Bengaluru
surveillance,13.014389,77.5717013,"{'camera:direction': '70', 'camera:mount': 'pole', 'camera:type': 'fixed', 'man_made': 'surveillance', 'surveillance': 'public', 'surveillance:type': 'camera'}",5,0,1,3,0.32,,Bengaluru
surveillance,13.0143883,77.5716896,"{'camera:direction': '290', 'camera:mount': 'pole', 'camera:type': 'fixed', 'man_made': 'surveillance', 'surveillance': 'public', 'surveillance:type': 'camera'}",5,0,1,2,0.38,,Bengaluru
surveillance,13.0146106,77.5729923,"{'camera:direction': '265', 'camera:mount': 'pole', 'camera:type': 'fixed', 'man_made': 'surveillance', 'surveillance': 'public', 'surveillance:type': 'camera'}",5,0,1,1,0.44,,Bengaluru
surveillance,13.0146466,77.5729881,"{'camera:direction': '266', 'camera:mount': 'pole', 'camera:type': 'fixed', 'man_made': 'surveillance', 'surveillance': 'public', 'surveillance:type': 'camera'}",5,0,1,1,0.44,,Bengaluru
surveillance,13.001257,77.6244854,"{'camera:mount': 'wall', 'camera:type': 'fixed', 'man_made': 'surveillance', 'surveillance': 'outdoor', 'surveillance:type': 'camera'}",5,0,1,0,0.5,,Bengaluru
surveillance,13.001257,77.6244854,"{'camera:direction': '273', 'camera:mount': 'wall', 'camera:type': 'fixed', 'man_made': 'surveillance', 'surveillance': 'outdoor', 'surveillance:type': 'camera'}",5,0,1,0,0.5,,Bengaluru
surveillance,12.9886808,77.5936117,"{'camera:direction': '142', 'camera:mount': 'pole', 'camera:type': 'fixed', 'man_made': 'surveillance', 'surveillance': 'public', 'surveillance:type': 'camera'}",5,0,1,0,0.5,Cunningham Road,Bengaluru
surveillance,12.9917716,77.5912659,"{'man_made': 'surveillance', 'surveillance': 'outdoor', 'surveillance:type': 'camera', 'surveillance:zone': 'building'}",5,0,1,4,0.26,,Bengaluru
surveillance,12.9917662,77.5912405,"{'man_made': 'surveillance', 'surveillance': 'outdoor', 'surveillance:type': 'camera', 'surveillance:zone': 'building'}",5,0,1,4,0.26,,Bengaluru
surveillance,12.9950434,77.5898969,"{'man_made': 'surveillance', 'source': 'survey', 'surveillance': 'outdoor', 'surveillance:type': 'camera', 'surveillance:zone': 'building'}",5,0,1,4,0.26,,Bengaluru
surveillance,12.9950434,77.5898969,"{'camera:mount': 'pole', 'camera:type': 'panning', 'man_made': 'surveillance', 'surveillance': 'public', 'surveillance:type': 'camera'}",5,0,1,2,0.38,,Bengaluru
surveillance,12.9931833,77.5890739,"{'man_made': 'surveillance', 'surveillance': 'outdoor', 'surveillance:type': 'guard', 'surveillance:zone': 'area'}",5,0,1,3,0.32,,Bengaluru
surveillance,12.9946773,77.5896968,"{'camera:direction': '303', 'camera:mount': 'wall', 'camera:type': 'panning', 'man_made': 'surveillance', 'surveillance': 'outdoor', 'surveillance:type': 'camera'}",5,0,1,1,0.44,,Bengaluru
surveillance,12.9950718,77.589703,"{'camera:direction': '200', 'camera:mount': 'wall', 'camera:type': 'panning', 'man_made': 'surveillance', 'surveillance': 'public', 'surveillance:type': 'camera'}",5,0,1,2,0.38,,Bengaluru
surveillance,12.9950718,77.589703,"{'camera:direction': '16', 'camera:mount': 'wall', 'camera:type': 'panning', 'man_made': 'surveillance', 'surveillance': 'public', 'surveillance:type': 'camera'}",5,0,1,2,0.38,,Bengaluru
surveillance,12.9925713,77.5919189,"{'camera:direction': '284', 'camera:mount': 'wall', 'camera:type': 'panning', 'man_made': 'surveillance', 'surveillance': 'outdoor', 'surveillance:type': 'camera'}",5,0,1,3,0.32,8th Main Road,Bengaluru
surveillance,12.9925713,77.5919189,"{'camera:direction': '330', 'camera:mount': 'wall', 'camera:type': 'panning', 'man_made': 'surveillance', 'surveillance': 'outdoor', 'surveillance:type': 'camera'}",5,0,1,3,0.32,8th Main Road,Bengaluru
surveillance,12.9925733,77.5918881,"{'camera:direction': '5', 'camera:mount': 'wall', 'camera:type': 'panning', 'man_made': 'surveillance', 'surveillance': 'outdoor', 'surveillance:type': 'camera'}",5,0,1,1,0.44,8th Main Road,Bengaluru
surveillance,12.9925733,77.5918881,"{'camera:direction': '47', 'camera:mount': 'wall', 'camera:type': 'panning', 'man_made': 'surveillance', 'surveillance': 'outdoor', 'surveillance:type': 'camera'}",5,0,1,3,0.32,8th Main Road,Bengaluru
surveillance,12.9924984,77.5924732,"{'camera:mount': 'wall', 'camera:type': 'panning', 'man_made': 'surveillance', 'surveillance': 'outdoor', 'surveillance:type': 'camera'}",5,0,1,4,0.26,8th Main Road,Bengaluru
surveillance,13.0115455,77.550885,"{'camera:direction': '238', 'camera:mount': 'pole', 'camera:type': 'fixed', 'man_made': 'surveillance', 'surveillance': 'public', 'surveillance:type': 'camera'}",5,0,1,4,0.26,Dhobi Ghat Road,Bengaluru
surveillance,13.0115593,77.5509206,"{'camera:direction': '58', 'camera:mount': 'pole', 'camera:type': 'fixed', 'man_made': 'surveillance', 'surveillance': 'public', 'surveillance:type': 'camera'}",5,0,1,0,0.5,Dhobi Ghat Road,Bengaluru
surveillance,13.0115586,77.5509038,"{'camera:mount': 'pole', 'camera:type': 'dome', 'man_made': 'surveillance', 'surveillance': 'public', 'surveillance:type': 'camera'}",5,0,1,2,0.38,Dhobi Ghat Road,Bengaluru
surveillance,13.0393753,77.6413793,"{'camera:direction': '181', 'camera:mount': 'pole', 'camera:type': 'fixed', 'man_made': 'surveillance', 'surveillance': 'public', 'surveillance:type': 'camera'}",5,0,1,2,0.38,,Bengaluru
surveillance,13.0393885,77.6413935,"{'camera:mount': 'pole', 'camera:type': 'dome', 'man_made': 'surveillance', 'surveillance': 'public', 'surveillance:type': 'camera'}",5,0,1,4,0.26,,Bengaluru
surveillance,12.9787656,77.5750775,"{'man_made': 'surveillance', 'surveillance:type': 'camera'}",5,0,1,1,0.44,Subedar Chatram Road,"Gandhi Nagar, Bangalore"
surveillance,12.9761039,77.5870189,"{'man_made': 'surveillance', 'surveillance:type': 'camera'}",5,0,1,1,0.44,,Bengaluru
surveillance,12.9296459,77.6152312,"{'man_made': 'surveillance', 'surveillance:type': 'camera'}",5,0,1,1,0.44,,Sarjapura Road
surveillance,12.966845,77.6205924,"{'man_made': 'surveillance', 'surveillance:type': 'camera'}",5,0,1,4,0.26,,Bengaluru
surveillance,12.9676176,77.5887683,"{'camera:mount': 'pole', 'camera:type': 'dome', 'man_made': 'surveillance', 'surveillance': 'public', 'surveillance:type': 'camera'}",5,0,1,0,0.5,Kasturba Road,Bengaluru
surveillance,12.935425,77.6133577,"{'camera:direction': '218', 'camera:mount': 'wall', 'camera:type': 'fixed', 'man_made': 'surveillance', 'surveillance': 'public', 'surveillance:type': 'camera'}",5,0,1,1,0.44,,
surveillance,12.9353918,77.6133048,"{'camera:direction': '107', 'camera:mount': 'wall', 'camera:type': 'fixed', 'man_made': 'surveillance', 'surveillance': 'public', 'surveillance:type': 'camera'}",5,0,1,4,0.26,,
surveillance,12.9926803,77.5947718,"{'camera:mount': 'wall', 'camera:type': 'panning', 'man_made': 'surveillance', 'surveillance': 'outdoor', 'surveillance:type': 'camera'}",5,0,1,1,0.44,,
surveillance,12.9276722,77.577996,"{'camera:direction': '160', 'camera:mount': 'wall', 'camera:type': 'fixed', 'man_made': 'surveillance', 'surveillance': 'public', 'surveillance:type': 'camera', 'surveillance:zone': 'traffic'}",5,0,1,1,0.44,,
surveillance,13.0347101,77.6499704,"{'camera:direction': '272', 'camera:mount': 'wall', 'camera:type': 'fixed', 'man_made': 'surveillance', 'surveillance': 'outdoor', 'surveillance:type': 'camera'}",5,0,1,2,0.38,1st cross,
surveillance,13.0347101,77.6499704,"{'camera:direction': '353', 'camera:mount': 'wall', 'camera:type': 'fixed', 'man_made': 'surveillance', 'surveillance': 'outdoor', 'surveillance:type': 'camera'}",5,0,1,4,0.26,1st cross,
surveillance,13.0347625,77.6494654,"{'camera:direction': '181', 'camera:mount': 'pole', 'camera:type': 'fixed', 'man_made': 'surveillance', 'surveillance': 'public', 'surveillance:type': 'camera'}",5,0,1,2,0.38,Zion Street,Little lilies
surveillance,13.0348038,77.648479,"{'camera:direction': '301', 'camera:mount': 'pole', 'camera:type': 'fixed', 'man_made': 'surveillance', 'surveillance': 'outdoor', 'surveillance:type': 'camera'}",5,0,1,0,0.5,,Unnathi Vaibhavi
surveillance,13.0348038,77.648479,"{'camera:direction': '359', 'camera:mount': 'pole', 'camera:type': 'fixed', 'man_made': 'surveillance', 'surveillance': 'outdoor', 'surveillance:type': 'camera'}",5,0,1,4,0.26,,Unnathi Vaibhavi
surveillance,13.0348038,77.648479,"{'camera:direction': '77', 'camera:mount': 'pole', 'camera:type': 'fixed', 'man_made': 'surveillance', 'surveillance': 'outdoor', 'surveillance:type': 'camera'}",5,0,1,1,0.44,,Unnathi Vaibhavi
surveillance,12.9232215,77.585835,"{'camera:mount': 'pole', 'camera:type': 'dome', 'man_made': 'surveillance', 'surveillance': 'public', 'surveillance:type': 'camera', 'surveillance:zone': 'area'}",5,0,1,1,0.44,,36th Cross Road
surveillance,12.9232262,77.58584,"{'camera:direction': '9', 'camera:mount': 'pole', 'camera:type': 'panning', 'man_made': 'surveillance', 'surveillance': 'public', 'surveillance:type': 'camera', 'surveillance:zone': 'area'}",5,0,1,3,0.32,,36th Cross Road
surveillance,13.0210241,77.6287316,"{'camera:direction': '282', 'camera:mount': 'pole', 'camera:type': 'fixed', 'man_made': 'surveillance', 'surveillance': 'public', 'surveillance:type': 'camera', 'surveillance:zone': 'area'}",5,0,1,0,0.5,,Bengaluru
surveillance,13.0210241,77.6287316,"{'camera:direction': '356', 'camera:mount': 'pole', 'camera:type': 'fixed', 'man_made': 'surveillance', 'surveillance': 'public', 'surveillance:type': 'camera', 'surveillance:zone': 'area'}",5,0,1,2,0.38,,Bengaluru
surveillance,13.0210241,77.6287316,"{'camera:direction': '85', 'camera:mount': 'pole', 'camera:type': 'fixed', 'man_made': 'surveillance', 'surveillance': 'public', 'surveillance:type': 'camera', 'surveillance:zone': 'area'}",5,0,1,1,0.44,,Bengaluru
surveillance,13.0211205,77.6285969,"{'camera:mount': 'pole', 'camera:type': 'dome', 'man_made': 'surveillance', 'surveillance': 'public', 'surveillance:type': 'camera', 'surveillance:zone': 'area'}",5,0,1,0,0.5,,Bengaluru
surveillance,13.0211201,77.6285985,"{'camera:direction': '17', 'camera:mount': 'pole', 'camera:type': 'panning', 'man_made': 'surveillance', 'note': 'Netra', 'surveillance': 'public', 'surveillance:type': 'camera', 'surveillance:zone': 'area'}",5,0,1,2,0.38,,Bengaluru
surveillance,13.0211173,77.6285945,"{'camera:direction': '112', 'camera:mount': 'pole', 'camera:type': 'panning', 'man_made': 'surveillance', 'surveillance': 'public', 'surveillance:type': 'camera', 'surveillance:zone': 'area'}",5,0,1,1,0.44,,Bengaluru
surveillance,13.0084402,77.5545404,"{'camera:direction': '46', 'camera:mount': 'pole', 'camera:type': 'fixed', 'man_made': 'surveillance', 'surveillance': 'public', 'surveillance:type': 'camera'}",5,0,1,4,0.26,,Bengaluru
surveillance,13.0084401,77.5545297,"{'camera:direction': '317', 'camera:mount': 'pole', 'camera:type': 'fixed', 'man_made': 'surveillance', 'surveillance': 'public', 'surveillance:type': 'camera'}",5,0,1,1,0.44,,Bengaluru
surveillance,13.0084251,77.5545317,"{'camera:direction': '203', 'camera:mount': 'pole', 'camera:type': 'fixed', 'man_made': 'surveillance', 'surveillance': 'public', 'surveillance:type': 'camera'}",5,0,1,1,0.44,,Bengaluru
surveillance,12.9953729,77.6141819,"{'camera:direction': '304', 'camera:type': 'fixed', 'man_made': 'surveillance', 'surveillance': 'outdoor', 'surveillance:type': 'camera'}",5,0,1,0,0.5,Coles Road,Bengaluru
surveillance,12.9161592,77.6381254,"{'direction': '76', 'man_made': 'surveillance', 'surveillance': 'public', 'surveillance:type': 'camera', 'surveillance:zone': 'town'}",5,0,1,3,0.32,,Service Road
surveillance,12.9161674,77.6381212,"{'camera:mount': 'pole', 'camera:type': 'panning', 'man_made': 'surveillance', 'surveillance:type': 'camera'}",5,0,1,3,0.32,,Service Road
surveillance,12.9161588,77.6381152,"{'camera:mount': 'pole', 'camera:type': 'dome', 'man_made': 'surveillance', 'surveillance:type': 'camera'}",5,0,1,0,0.5,,Service Road
surveillance,13.0039876,77.5691938,"{'man_made': 'surveillance', 'surveillance': 'outdoor', 'surveillance:type': 'camera'}",5,0,1,4,0.26,Margosa Road,Bengaluru
surveillance,13.0019539,77.5693616,"{'camera:mount': 'pole', 'camera:type': 'fixed', 'man_made': 'surveillance', 'surveillance': 'public', 'surveillance:type': 'camera'}",5,0,1,0,0.5,11th Cross Road,Bengaluru
surveillance,13.008495,77.5723728,"{'camera:type': 'fixed', 'man_made': 'surveillance', 'surveillance': 'public', 'surveillance:type': 'camera'}",5,0,1,1,0.44,Sankey Road,Bengaluru
surveillance,13.0063679,77.5711538,"{'camera:direction': '1', 'camera:mount': 'pole', 'camera:type': 'fixed', 'man_made': 'surveillance', 'surveillance': 'public', 'surveillance:type': 'camera'}",5,0,1,0,0.5,Sampige Road,Bengaluru
surveillance,13.0063679,77.5711538,"{'camera:direction': '89', 'camera:mount': 'pole', 'camera:type': 'fixed', 'man_made': 'surveillance', 'surveillance': 'public', 'surveillance:type': 'camera'}",5,0,1,2,0.38,Sampige Road,Bengaluru
surveillance,13.0063679,77.5711538,"{'camera:direction': '273', 'camera:mount': 'pole', 'camera:type': 'fixed', 'man_made': 'surveillance', 'surveillance': 'public', 'surveillance:type': 'camera'}",5,0,1,0,0.5,Sampige Road,Bengaluru
surveillance,13.0042759,77.5691425,"{'man_made': 'surveillance', 'surveillance': 'outdoor', 'surveillance:type': 'camera'}",5,0,1,3,0.32,Margosa Road,Bengaluru
surveillance,13.0036609,77.5692157,"{'man_made': 'surveillance', 'surveillance': 'public', 'surveillance:type': 'camera'}",5,0,1,2,0.38,Margosa Road,Bengaluru
surveillance,13.0034909,77.5691508,"{'camera:type': 'fixed', 'man_made': 'surveillance', 'surveillance': 'outdoor', 'surveillance:type': 'camera'}",5,0,1,1,0.44,"Margosa Road, 13th Cross Rd","Malleshwaram,Bangalore"
surveillance,13.0084619,77.5711066,"{'camera:type': 'panning', 'man_made': 'surveillance', 'surveillance:type': 'camera'}",5,0,1,0,0.5,,Bengaluru
surveillance,13.0086816,77.5691193,"{'camera:type': 'panning', 'man_made': 'surveillance', 'surveillance:type': 'camera'}",5,0,1,4,0.26,,Bengaluru
surveillance,13.0072902,77.5691666,"{'camera:type': 'panning', 'man_made': 'surveillance', 'surveillance': 'public', 'surveillance:type': 'camera'}",5,0,1,3,0.32,Margosa Road,Bengaluru
surveillance,13.0041776,77.5691373,"{'man_made': 'surveillance', 'surveillance': 'outdoor', 'surveillance:type': 'camera'}",5,0,1,0,0.5,Margosa Road,Bengaluru
surveillance,13.0084099,77.5712463,"{'camera:mount': 'wall', 'camera:type': 'fixed', 'man_made': 'surveillance', 'surveillance': 'outdoor', 'surveillance:type': 'camera', 'surveillance:zone': 'area'}",5,0,1,4,0.26,18th Cross Road,Bengaluru
surveillance,13.0083319,77.571255,"{'camera:mount': 'wall', 'camera:type': 'fixed', 'man_made': 'surveillance', 'surveillance': 'outdoor', 'surveillance:type': 'camera', 'surveillance:zone': 'area'}",5,0,1,2,0.38,18th Cross Road,Bengaluru
surveillance,13.0081834,77.5712552,"{'camera:mount': 'wall', 'camera:type': 'fixed', 'man_made': 'surveillance', 'surveillance': 'outdoor', 'surveillance:type': 'camera', 'surveillance:zone': 'area'}",5,0,1,1,0.44,Sampige Road,Bengaluru
surveillance,13.0080379,77.5712901,"{'camera:mount': 'wall', 'camera:type': 'fixed', 'man_made': 'surveillance', 'surveillance': 'outdoor', 'surveillance:type': 'camera', 'surveillance:zone': 'area'}",5,0,1,2,0.38,Sampige Road,Bengaluru
surveillance,13.0079286,77.5712589,"{'camera:mount': 'wall', 'camera:type': 'fixed', 'man_made': 'surveillance', 'surveillance': 'outdoor', 'surveillance:type': 'camera', 'surveillance:zone': 'area'}",5,0,1,1,0.44,,Bengaluru
surveillance,13.0078084,77.5712851,"{'camera:mount': 'wall', 'camera:type': 'fixed', 'man_made': 'surveillance', 'surveillance': 'outdoor', 'surveillance:type': 'camera', 'surveillance:zone': 'area'}",5,0,1,1,0.44,,Bengaluru
surveillance,13.0076781,77.571272,"{'camera:mount': 'wall', 'camera:type': 'fixed', 'man_made': 'surveillance', 'surveillance': 'outdoor', 'surveillance:type': 'camera', 'surveillance:zone': 'area'}",5,0,1,0,0.5,Sampige Road,Bengaluru
surveillance,13.0076079,77.5712594,"{'camera:mount': 'wall', 'camera:type': 'fixed', 'man_made': 'surveillance', 'surveillance': 'outdoor', 'surveillance:type': 'camera', 'surveillance:zone': 'area'}",5,0,1,1,0.44,Sampige Road,Bengaluru
surveillance,13.0074983,77.5713325,"{'camera:mount': 'wall', 'camera:type': 'fixed', 'man_made': 'surveillance', 'surveillance': 'outdoor', 'surveillance:type': 'camera', 'surveillance:zone': 'area'}",5,0,1,3,0.32,Sampige Road,Bengaluru
surveillance,13.0073914,77.5713304,"{'camera:mount': 'wall', 'camera:type': 'fixed', 'man_made': 'surveillance', 'surveillance': 'outdoor', 'surveillance:type': 'camera', 'surveillance:zone': 'area'}",5,0,1,3,0.32,,
surveillance,13.0053915,77.5680956,"{'man_made': 'surveillance', 'surveillance:type': 'camera'}",5,0,1,1,0.44,,
surveillance,13.0053661,77.5682604,"{'camera:mount': 'pole', 'camera:type': 'fixed', 'man_made': 'surveillance', 'surveillance': 'public', 'surveillance:type': 'camera', 'surveillance:zone': 'traffic'}",5,0,1,1,0.44,,
surveillance,13.0054092,77.5670192,"{'camera:mount': 'wall', 'camera:type': 'fixed', 'man_made': 'surveillance', 'surveillance': 'outdoor', 'surveillance:type': 'camera', 'surveillance:zone': 'traffic'}",5,0,1,4,0.26,,
surveillance,13.0052925,77.5666525,"{'camera:mount': 'wall', 'camera:type': 'fixed', 'man_made': 'surveillance', 'surveillance': 'outdoor', 'surveillance:type': 'camera', 'surveillance:zone': 'traffic'}",5,0,1,0,0.5,6th Main Road,Bengaluru
surveillance,12.9563754,77.5293475,"{'camera:direction': '199', 'camera:type': 'fixed', 'man_made': 'surveillance', 'surveillance': 'public', 'surveillance:type': 'camera'}",5,0,1,1,0.44,,
surveillance,12.9763336,77.614628,"{'camera:direction': '109', 'camera:mount': 'pole', 'camera:type': 'fixed', 'man_made': 'surveillance', 'surveillance': 'public', 'surveillance:type': 'camera'}",5,0,1,2,0.38,,
surveillance,12.9758868,77.614671,"{'camera:direction': '202', 'camera:mount': 'pole', 'camera:type': 'fixed', 'man_made': 'surveillance', 'surveillance': 'public', 'surveillance:type': 'camera'}",5,0,1,0,0.5,,Bengaluru
surveillance,13.0140372,77.5539351,"{'camera:direction': '132', 'camera:mount': 'wall', 'camera:type': 'fixed', 'man_made': 'surveillance', 'surveillance': 'public', 'surveillance:type': 'camera'}",5,0,1,3,0.32,Chord Road,Bengaluru
surveillance,12.9724748,77.6072946,"{'camera:mount': 'wall', 'camera:type': 'dome', 'man_made': 'surveillance', 'surveillance': 'outdoor', 'surveillance:type': 'camera', 'surveillance:zone': 'area'}",5,0,1,3,0.32,Brigade Road,Bengaluru
surveillance,12.9724762,77.6073069,"{'camera:direction': '35', 'camera:mount': 'pole', 'camera:type': 'fixed', 'man_made': 'surveillance', 'surveillance': 'outdoor', 'surveillance:type': 'camera', 'surveillance:zone': 'area'}",5,0,1,4,0.26,Brigade Road,Bengaluru
surveillance,12.9663547,77.6075207,"{'camera:mount': 'pole', 'camera:type': 'fixed', 'man_made': 'surveillance', 'surveillance': 'public', 'surveillance:type': 'camera'}",5,0,1,2,0.38,,Bengaluru
surveillance,12.9767609,77.6307547,"{'camera:direction': '113', 'camera:mount': 'pole', 'camera:type': 'fixed', 'man_made': 'surveillance', 'surveillance': 'outdoor', 'surveillance:type': 'camera'}",5,0,1,3,0.32,,Bengaluru
surveillance,12.9760305,77.6273535,"{'camera:direction': '205', 'camera:mount': 'pole', 'camera:type': 'fixed', 'man_made': 'surveillance', 'surveillance': 'outdoor', 'surveillance:type': 'camera'}",5,0,1,3,0.32,"Swamy Vivekananda Road (Old Madras Road), Kadiranapalya, Indira Nagar",Bangalore
surveillance,12.9760305,77.6273535,"{'camera:direction': '124', 'camera:mount': 'pole', 'camera:type': 'fixed', 'man_made': 'surveillance', 'surveillance': 'outdoor', 'surveillance:type': 'camera'}",5,0,1,3,0.32,"Swamy Vivekananda Road (Old Madras Road), Kadiranapalya, Indira Nagar",Bangalore
surveillance,12.9760305,77.6273535,"{'camera:direction': '30', 'camera:mount': 'pole', 'camera:type': 'fixed', 'man_made': 'surveillance', 'surveillance': 'outdoor', 'surveillance:type': 'camera'}",5,0,1,2,0.38,"Swamy Vivekananda Road (Old Madras Road), Kadiranapalya, Indira Nagar",Bangalore
surveillance,12.9784991,77.6273,"{'camera:direction': '283', 'camera:type': 'fixed', 'man_made': 'surveillance', 'surveillance': 'outdoor', 'surveillance:type': 'camera'}",5,0,1,2,0.38,,Bengaluru
surveillance,12.9819979,77.609026,"{'camera:direction': '109', 'camera:mount': 'wall', 'camera:type': 'fixed', 'man_made': 'surveillance', 'surveillance': 'outdoor', 'surveillance:type': 'camera'}",5,0,1,1,0.44,LM Street,Bengaluru
surveillance,12.9807471,77.611071,"{'camera:direction': '290', 'camera:mount': 'pole', 'camera:type': 'fixed', 'man_made': 'surveillance', 'surveillance': 'outdoor', 'surveillance:type': 'camera'}",5,0,1,0,0.5,,Bengaluru
surveillance,12.9807471,77.611071,"{'camera:direction': '110', 'camera:mount': 'pole', 'camera:type': 'fixed', 'man_made': 'surveillance', 'surveillance': 'outdoor', 'surveillance:type': 'camera'}",5,0,1,4,0.26,,Bengaluru
surveillance,12.9834738,77.6094633,"{'camera:mount': 'pole', 'camera:type': 'dome', 'man_made': 'surveillance', 'surveillance': 'outdoor', 'surveillance:type': 'camera'}",5,0,1,3,0.32,,Bengaluru
surveillance,12.9945305,77.5779979,"{'camera:direction': '140', 'camera:mount': 'pole', 'camera:type': 'fixed', 'man_made': 'surveillance', 'surveillance': 'public', 'surveillance:type': 'camera'}",5,0,1,4,0.26,Sheshadripuram Main Road,Bengaluru
surveillance,12.99454,77.5779803,"{'camera:direction': '318', 'camera:mount': 'pole', 'camera:type': 'fixed', 'man_made': 'surveillance', 'surveillance': 'public', 'surveillance:type': 'camera'}",5,0,1,3,0.32,Sheshadripuram Main Road,Bengaluru
surveillance,12.9986675,77.5819539,"{'camera:direction': '216', 'camera:mount': 'pole', 'camera:type': 'fixed', 'man_made': 'surveillance', 'surveillance': 'public', 'surveillance:type': 'camera'}",5,0,1,1,0.44,Sheshadripuram Main Road,Bengaluru
surveillance,12.9986573,77.58199,"{'camera:direction': '145', 'camera:mount': 'pole', 'camera:type': 'fixed', 'man_made': 'surveillance', 'surveillance': 'public', 'surveillance:type': 'camera'}",5,0,1,4,0.26,Sheshadripuram Main Road,Bengaluru
surveillance,12.9995757,77.584084,"{'camera:direction': '246', 'camera:mount': 'pole', 'camera:type': 'fixed', 'man_made': 'surveillance', 'surveillance': 'public', 'surveillance:type': 'camera'}",5,0,1,3,0.32,Sankey Road,Bengaluru
surveillance,12.9922336,77.6041473,"{'camera:direction': '241', 'camera:mount': 'pole', 'camera:type': 'fixed', 'man_made': 'surveillance', 'surveillance': 'public', 'surveillance:type': 'camera'}",5,0,1,1,0.44,,Bengaluru
surveillance,12.9963895,77.6071214,"{'camera:direction': '211', 'camera:mount': 'pole', 'camera:type': 'fixed', 'man_made': 'surveillance', 'surveillance': 'public', 'surveillance:type': 'camera'}",5,0,1,3,0.32,,Bengaluru
surveillance,12.9963938,77.6071246,"{'camera:direction': '31', 'camera:mount': 'pole', 'camera:type': 'fixed', 'man_made': 'surveillance', 'surveillance': 'public', 'surveillance:type': 'camera'}",5,0,1,4,0.26,,Bengaluru
surveillance,13.0145686,77.6270617,"{'camera:direction': '219', 'camera:mount': 'pole', 'camera:type': 'fixed', 'man_made': 'surveillance', 'surveillance': 'public', 'surveillance:type': 'camera'}",5,0,1,2,0.38,80 Feet Main Road,Bengaluru
surveillance,13.0145855,77.627085,"{'camera:mount': 'pole', 'camera:type': 'dome', 'man_made': 'surveillance', 'surveillance': 'public', 'surveillance:type': 'camera'}",5,0,1,3,0.32,Hennur Main Road,Bengaluru
surveillance,13.0180799,77.6298039,"{'camera:direction': '250', 'camera:mount': 'pole', 'camera:type': 'fixed', 'man_made': 'surveillance', 'surveillance': 'public', 'surveillance:type': 'camera'}",5,0,1,3,0.32,,Bengaluru
surveillance,13.0180599,77.6298363,"{'camera:direction': '152', 'camera:mount': 'pole', 'camera:type': 'fixed', 'man_made': 'surveillance', 'surveillance': 'public', 'surveillance:type': 'camera'}",5,0,1,4,0.26,,Bengaluru
surveillance,13.0180897,77.6298431,"{'camera:direction': '50', 'camera:mount': 'pole', 'camera:type': 'fixed', 'man_made': 'surveillance', 'surveillance': 'public', 'surveillance:type': 'camera'}",5,0,1,1,0.44,,Bengaluru
surveillance,13.0493302,77.6299733,"{'camera:direction': '23', 'camera:mount': 'pole', 'camera:type': 'fixed', 'man_made': 'surveillance', 'surveillance': 'public', 'surveillance:type': 'camera'}",5,0,1,0,0.5,Sawmill Road,Payal Medical
surveillance,13.0493186,77.6299442,"{'camera:direction': '279', 'camera:mount': 'pole', 'camera:type': 'fixed', 'man_made': 'surveillance', 'surveillance': 'public', 'surveillance:type': 'camera'}",5,0,1,2,0.38,Sawmill Road,Payal Medical
surveillance,13.0474225,77.6287191,"{'camera:direction': '23', 'camera:mount': 'pole', 'camera:type': 'fixed', 'man_made': 'surveillance', 'surveillance': 'public', 'surveillance:type': 'camera'}",5,0,1,0,0.5,Thanisandra Main Road,Sarai Palya
surveillance,13.047422,77.6287276,"{'camera:direction': '103', 'camera:mount': 'pole', 'camera:type': 'fixed', 'man_made': 'surveillance', 'surveillance': 'public', 'surveillance:type': 'camera'}",5,0,1,1,0.44,Thanisandra Main Road,Sarai Palya
surveillance,13.0474144,77.6287153,"{'camera:direction': '299', 'camera:mount': 'pole', 'camera:type': 'fixed', 'man_made': 'surveillance', 'surveillance': 'public', 'surveillance:type': 'camera'}",5,0,1,1,0.44,Thanisandra Main Road,Sarai Palya
surveillance,13.0401848,77.6244612,"{'camera:direction': '315', 'camera:mount': 'pole', 'camera:type': 'fixed', 'man_made': 'surveillance', 'surveillance': 'public', 'surveillance:type': 'camera'}",5,0,1,0,0.5,,Bengaluru
surveillance,13.0401616,77.6244713,"{'camera:direction': '147', 'camera:mount': 'pole', 'camera:type': 'fixed', 'man_made': 'surveillance', 'surveillance': 'public', 'surveillance:type': 'camera'}",5,0,1,3,0.32,,Bengaluru
surveillance,13.0401421,77.6241888,"{'camera:direction': '323', 'camera:mount': 'pole', 'camera:type': 'fixed', 'man_made': 'surveillance', 'surveillance': 'public', 'surveillance:type': 'camera'}",5,0,1,4,0.26,,Bengaluru
surveillance,13.040128,77.6241941,"{'camera:direction': '143', 'camera:mount': 'pole', 'camera:type': 'fixed', 'man_made': 'surveillance', 'surveillance': 'public', 'surveillance:type': 'camera'}",5,0,1,4,0.26,,Bengaluru
surveillance,13.0407762,77.6187731,"{'camera:direction': '298', 'camera:mount': 'pole', 'camera:type': 'fixed', 'man_made': 'surveillance', 'surveillance': 'public', 'surveillance:type': 'camera'}",5,0,1,2,0.38,Service Road,Bengaluru
surveillance,13.0407547,77.6188151,"{'camera:direction': '116', 'camera:mount': 'pole', 'camera:type': 'fixed', 'man_made': 'surveillance', 'surveillance': 'public', 'surveillance:type': 'camera'}",5,0,1,1,0.44,Service Road,Bengaluru
surveillance,13.0423401,77.6119023,"{'camera:direction': '73', 'camera:mount': 'pole', 'camera:type': 'fixed', 'man_made': 'surveillance', 'surveillance': 'public', 'surveillance:type': 'camera'}",5,0,1,2,0.38,,Bengaluru
surveillance,13.0268675,77.5799219,"{'camera:direction': '250', 'camera:mount': 'pole', 'camera:type': 'fixed', 'man_made': 'surveillance', 'surveillance': 'public', 'surveillance:type': 'camera', 'surveillance:zone': 'traffic'}",5,0,1,0,0.5,Sanjaynagar Main Road,Bengaluru
surveillance,13.0268557,77.5799205,"{'camera:direction': '190', 'camera:mount': 'pole', 'camera:type': 'fixed', 'man_made': 'surveillance', 'surveillance': 'public', 'surveillance:type': 'camera', 'surveillance:zone': 'traffic'}",5,0,1,3,0.32,Sanjaynagar Main Road,Bengaluru
surveillance,13.0268502,77.5799292,"{'camera:direction': '70', 'camera:mount': 'pole', 'camera:type': 'fixed', 'man_made': 'surveillance', 'surveillance': 'public', 'surveillance:type': 'camera', 'surveillance:zone': 'traffic'}",5,0,1,4,0.26,Sanjaynagar Main Road,Bengaluru
surveillance,13.0268613,77.5799376,"{'camera:mount': 'pole', 'camera:type': 'dome', 'man_made': 'surveillance', 'surveillance': 'public', 'surveillance:type': 'camera', 'surveillance:zone': 'traffic'}",5,0,1,4,0.26,Sanjaynagar Main Road,Bengaluru
surveillance,13.0465152,77.5754882,"{'camera:direction': '200', 'camera:mount': 'pole', 'camera:type': 'fixed', 'man_made': 'surveillance', 'surveillance': 'public', 'surveillance:type': 'camera', 'surveillance:zone': 'traffic'}",5,0,1,3,0.32,,Bengaluru
surveillance,13.0465335,77.5754955,"{'camera:direction': '20', 'camera:mount': 'pole', 'camera:type': 'fixed', 'man_made': 'surveillance', 'surveillance': 'public', 'surveillance:type': 'camera', 'surveillance:zone': 'traffic'}",5,0,1,1,0.44,,Bengaluru
surveillance,13.0465211,77.5755177,"{'camera:direction': '90', 'camera:mount': 'pole', 'camera:type': 'fixed', 'man_made': 'surveillance', 'surveillance': 'public', 'surveillance:type': 'camera', 'surveillance:zone': 'traffic'}",5,0,1,1,0.44,,Bengaluru
surveillance,12.9980094,77.5555461,"{'camera:direction': '350', 'camera:mount': 'pole', 'camera:type': 'fixed', 'man_made': 'surveillance', 'surveillance': 'public', 'surveillance:type': 'camera'}",5,0,1,4,0.26,14th Main Road,Bengaluru
surveillance,12.9980115,77.5555472,"{'camera:direction': '246', 'camera:mount': 'pole', 'camera:type': 'fixed', 'man_made': 'surveillance', 'surveillance': 'public', 'surveillance:type': 'camera'}",5,0,1,4,0.26,14th Main Road,Bengaluru
surveillance,12.99859,77.5554303,"{'camera:direction': '78', 'camera:mount': 'pole', 'camera:type': 'fixed', 'man_made': 'surveillance', 'surveillance': 'public', 'surveillance:type': 'camera'}",5,0,1,1,0.44,Mahakavi Kuvempu Road,Bengaluru
surveillance,13.0181638,77.5589612,"{'camera:direction': '1', 'camera:mount': 'pole', 'camera:type': 'fixed', 'man_made': 'surveillance', 'surveillance': 'public', 'surveillance:type': 'camera'}",5,0,1,0,0.5,,Bengaluru
surveillance,13.0181516,77.5589618,"{'camera:direction': '304', 'camera:mount': 'pole', 'camera:type': 'fixed', 'man_made': 'surveillance', 'surveillance': 'public', 'surveillance:type': 'camera'}",5,0,1,3,0.32,,Bengaluru
surveillance,13.0192361,77.5617667,"{'camera:direction': '286', 'camera:mount': 'pole', 'camera:type': 'fixed', 'man_made': 'surveillance', 'surveillance': 'public', 'surveillance:type': 'camera'}",5,0,1,1,0.44,,Bengaluru
surveillance,13.0192036,77.5617802,"{'camera:direction': '219', 'camera:mount': 'pole', 'camera:type': 'fixed', 'man_made': 'surveillance', 'surveillance': 'public', 'surveillance:type': 'camera'}",5,0,1,3,0.32,,Bengaluru
surveillance,13.0203807,77.5625431,"{'camera:direction': '208', 'camera:mount': 'pole', 'camera:type': 'fixed', 'man_made': 'surveillance', 'surveillance': 'public', 'surveillance:type': 'camera'}",5,0,1,0,0.5,MS Ramaiah Road,Bengaluru
surveillance,13.020393,77.562553,"{'camera:direction': '26', 'camera:mount': 'pole', 'camera:type': 'fixed', 'man_made': 'surveillance', 'surveillance': 'public', 'surveillance:type': 'camera'}",5,0,1,3,0.32,MS Ramaiah Road,Bengaluru
surveillance,12.9549021,77.5362086,"{'camera:mount': 'pole', 'camera:type': 'fixed', 'man_made': 'surveillance', 'surveillance': 'outdoor', 'surveillance:type': 'camera', 'surveillance:zone': 'area'}",5,0,1,1,0.44,"11th Main Rd, Chowdappa Layout, RPC Layout, Vijayanagar",Bengaluru
surveillance,12.9622858,77.5341211,"{'man_made': 'surveillance', 'surveillance': 'outdoor', 'surveillance:type': 'camera', 'surveillance:zone': 'area'}",5,0,1,4,0.26,Sha Shi Marulayya Road,Bengaluru
surveillance,12.9601179,77.5329489,"{'camera:mount': 'pole', 'camera:type': 'fixed', 'man_made': 'surveillance', 'surveillance': 'public', 'surveillance:type': 'camera'}",5,0,1,0,0.5,Chord Road,Bengaluru
surveillance,12.9718529,77.6069885,"{'camera:direction': '61', 'camera:mount': 'pole', 'camera:type': 'fixed', 'man_made': 'surveillance', 'surveillance': 'public', 'surveillance:type': 'camera'}",5,0,1,1,0.44,Brigade Road,Bengaluru
surveillance,12.9718529,77.6069885,"{'camera:mount': 'pole', 'camera:type': 'dome', 'man_made': 'surveillance', 'surveillance': 'public', 'surveillance:type': 'camera'}",5,0,1,2,0.38,Brigade Road,Bengaluru
surveillance,12.9536819,77.5276296,"{'camera:direction': '12', 'camera:mount': 'pole', 'camera:type': 'fixed', 'man_made': 'surveillance', 'surveillance': 'public', 'surveillance:type': 'camera'}",5,0,1,4,0.26,,Bengaluru
surveillance,12.9536788,77.5276336,"{'camera:direction': '100', 'camera:mount': 'pole', 'camera:type': 'fixed', 'man_made': 'surveillance', 'surveillance': 'public', 'surveillance:type': 'camera'}",5,0,1,2,0.38,,Bengaluru
surveillance,13.0495034,77.5929638,"{'camera:type': 'dome', 'man_made': 'surveillance', 'surveillance': 'outdoor', 'surveillance:type': 'camera'}",5,0,1,3,0.32,Bellary Road,Bengaluru
surveillance,13.0495034,77.5929638,"{'camera:direction': '112', 'camera:type': 'fixed', 'man_made': 'surveillance', 'surveillance': 'outdoor', 'surveillance:type': 'camera'}",5,0,1,1,0.44,Bellary Road,Bengaluru
surveillance,13.0459853,77.5914675,"{'camera:direction': '28', 'camera:mount': 'pole', 'camera:type': 'fixed', 'man_made': 'surveillance', 'surveillance': 'public', 'surveillance:type': 'camera', 'surveillance:zone': 'traffic'}",5,0,1,2,0.38,,Bengaluru
surveillance,13.0072996,77.560183,"{'camera:direction': '350', 'camera:mount': 'pole', 'camera:type': 'fixed', 'man_made': 'surveillance', 'surveillance': 'public', 'surveillance:type': 'camera'}",5,0,1,0,0.5,1st Main Road,Bengaluru
surveillance,13.0072706,77.5602003,"{'camera:direction': '153', 'camera:mount': 'pole', 'camera:type': 'fixed', 'man_made': 'surveillance', 'surveillance': 'public', 'surveillance:type': 'camera'}",5,0,1,4,0.26,1st Main Road,Bengaluru
surveillance,13.0072579,77.560186,"{'camera:direction': '180', 'camera:mount': 'pole', 'camera:type': 'fixed', 'man_made': 'surveillance', 'surveillance': 'public', 'surveillance:type': 'camera'}",5,0,1,4,0.26,1st Main Road,Bengaluru
surveillance,13.0044246,77.5612754,"{'camera:direction': '153', 'camera:mount': 'pole', 'camera:type': 'fixed', 'man_made': 'surveillance', 'surveillance': 'public', 'surveillance:type': 'camera'}",5,0,1,2,0.38,1st Main Road,Bengaluru
surveillance,13.0044276,77.5612719,"{'camera:mount': 'pole', 'camera:type': 'dome', 'man_made': 'surveillance', 'surveillance': 'public', 'surveillance:type': 'camera'}",5,0,1,1,0.44,1st Main Road,Bengaluru
surveillance,12.9884897,77.5765899,"{'camera:direction': '289', 'camera:mount': 'pole', 'camera:type': 'fixed', 'man_made': 'surveillance', 'surveillance': 'public', 'surveillance:type': 'camera'}",5,0,1,3,0.32,,Bengaluru
surveillance,12.9745091,77.6110962,"{'camera:direction': '182', 'camera:mount': 'pole', 'camera:type': 'fixed', 'man_made': 'surveillance', 'surveillance': 'public', 'surveillance:type': 'camera'}",5,0,1,1,0.44,,Bengaluru
surveillance,12.9682401,77.6146211,"{'camera:direction': '127', 'camera:mount': 'pole', 'camera:type': 'fixed', 'man_made': 'surveillance', 'surveillance': 'public', 'surveillance:type': 'camera'}",5,0,1,3,0.32,,Bengaluru
surveillance,12.9717702,77.6043818,"{'camera:direction': '70', 'camera:mount': 'pole', 'camera:type': 'fixed', 'man_made': 'surveillance', 'surveillance': 'public', 'surveillance:type': 'camera'}",5,0,1,1,0.44,Rest House Road,Bengaluru
surveillance,12.9728138,77.6032223,"{'camera:direction': '351', 'camera:mount': 'pole', 'camera:type': 'fixed', 'man_made': 'surveillance', 'surveillance': 'public', 'surveillance:type': 'camera'}",5,0,1,3,0.32,,Bengaluru
surveillance,12.9801415,77.5972784,"{'camera:mount': 'pole', 'camera:type': 'dome', 'man_made': 'surveillance', 'surveillance': 'public', 'surveillance:type': 'camera'}",5,0,1,3,0.32,King's Road,Bengaluru
surveillance,12.981264,77.5962735,"{'camera:mount': 'pole', 'camera:type': 'dome', 'man_made': 'surveillance', 'surveillance': 'public', 'surveillance:type': 'camera'}",5,0,1,2,0.38,Cubbon Road,Bengaluru
surveillance,12.9843199,77.582237,"{'camera:direction': '247', 'camera:mount': 'pole', 'camera:type': 'fixed', 'man_made': 'surveillance', 'surveillance': 'public', 'surveillance:type': 'camera'}",5,0,1,2,0.38,,Bengaluru
surveillance,12.9843261,77.5822504,"{'camera:direction': '68', 'camera:mount': 'pole', 'camera:type': 'fixed', 'man_made': 'surveillance', 'surveillance': 'public', 'surveillance:type': 'camera'}",5,0,1,3,0.32,,Bengaluru
surveillance,12.9843304,77.5822403,"{'camera:direction': '342', 'camera:mount': 'pole', 'camera:type': 'fixed', 'man_made': 'surveillance', 'surveillance': 'public', 'surveillance:type': 'camera'}",5,0,1,3,0.32,,Bengaluru
surveillance,12.9898347,77.5719231,"{'camera:mount': 'pole', 'camera:type': 'dome', 'man_made': 'surveillance', 'surveillance': 'public', 'surveillance:type': 'camera'}",5,0,1,3,0.32,Railway Platform Road,Bengaluru
surveillance,12.9933195,77.5683402,"{'camera:direction': '287', 'camera:mount': 'pole', 'camera:type': 'fixed', 'man_made': 'surveillance', 'surveillance': 'public', 'surveillance:type': 'camera'}",5,0,1,1,0.44,,Bengaluru
surveillance,12.9933066,77.5683668,"{'camera:direction': '105', 'camera:mount': 'pole', 'camera:type': 'fixed', 'man_made': 'surveillance', 'surveillance': 'public', 'surveillance:type': 'camera'}",5,0,1,4,0.26,,Bengaluru
surveillance,12.9933319,77.5683583,"{'camera:direction': '358', 'camera:mount': 'pole', 'camera:type': 'fixed', 'man_made': 'surveillance', 'surveillance': 'public', 'surveillance:type': 'camera'}",5,0,1,3,0.32,,Bengaluru
surveillance,12.9947907,77.5664213,"{'camera:direction': '328', 'camera:mount': 'pole', 'camera:type': 'fixed', 'man_made': 'surveillance', 'surveillance': 'public', 'surveillance:type': 'camera'}",5,0,1,0,0.5,1st Main Road,Bengaluru
surveillance,12.9947537,77.5664218,"{'camera:direction': '233', 'camera:mount': 'pole', 'camera:type': 'fixed', 'man_made': 'surveillance', 'surveillance': 'public', 'surveillance:type': 'camera'}",5,0,1,1,0.44,1st Main Road,Bengaluru
surveillance,13.0007259,77.5632783,"{'camera:direction': '252', 'camera:mount': 'pole', 'camera:type': 'fixed', 'man_made': 'surveillance', 'surveillance': 'public', 'surveillance:type': 'camera'}",5,0,1,4,0.26,"8th Main Rd, Malleshwaram",bangalore
surveillance,13.0007354,77.5633048,"{'camera:direction': '151', 'camera:mount': 'pole', 'camera:type': 'fixed', 'man_made': 'surveillance', 'surveillance': 'public', 'surveillance:type': 'camera'}",5,0,1,1,0.44,"8th Main Rd, Malleshwaram",bangalore
surveillance,13.0038827,77.5614491,"{'camera:direction': '152', 'camera:mount': 'pole', 'camera:type': 'fixed', 'man_made': 'surveillance', 'surveillance': 'public', 'surveillance:type': 'camera'}",5,0,1,4,0.26,1st Main Road,Bengaluru
surveillance,13.0039033,77.5614539,"{'camera:direction': '333', 'camera:mount': 'pole', 'camera:type': 'fixed', 'man_made': 'surveillance', 'surveillance': 'public', 'surveillance:type': 'camera'}",5,0,1,1,0.44,1st Main Road,Bengaluru
surveillance,13.0014778,77.6327334,"{'camera:mount': 'ceiling', 'camera:type': 'dome', 'man_made': 'surveillance', 'surveillance': 'indoor', 'surveillance:type': 'camera', 'surveillance:zone': 'building'}",5,0,1,0,0.5,Banaswadi Road,Bengaluru
surveillance,12.9131278,77.6254061,"{'camera:direction': '6', 'camera:mount': 'pole', 'camera:type': 'fixed', 'man_made': 'surveillance', 'surveillance': 'outdoor', 'surveillance:type': 'camera'}",5,0,1,4,0.26,2nd Cross Road,Vishal Mega Mart
surveillance,12.9131278,77.6254061,"{'camera:direction': '330', 'camera:mount': 'pole', 'camera:type': 'fixed', 'man_made': 'surveillance', 'surveillance': 'outdoor', 'surveillance:type': 'camera'}",5,0,1,0,0.5,2nd Cross Road,Vishal Mega Mart
surveillance,13.0146929,77.5793975,"{'camera:mount': 'pole', 'camera:type': 'panning', 'man_made': 'surveillance', 'surveillance': 'public', 'surveillance:type': 'camera'}",5,0,1,2,0.38,"5th Cross, CV Raman Rd, Sadashiva Nagar",Bengaluru
surveillance,13.0078747,77.5573445,"{'camera:direction': '193', 'camera:mount': 'pole', 'camera:type': 'fixed', 'man_made': 'surveillance', 'surveillance': 'public', 'surveillance:type': 'camera'}",5,0,1,3,0.32,,Bengaluru
surveillance,13.0078786,77.55736,"{'camera:direction': '31', 'camera:mount': 'pole', 'camera:type': 'fixed', 'man_made': 'surveillance', 'surveillance': 'public', 'surveillance:type': 'camera'}",5,0,1,2,0.38,,Bengaluru
surveillance,13.0476303,77.5012567,"{'camera:direction': '280', 'camera:mount': 'pole', 'camera:type': 'fixed', 'man_made': 'surveillance', 'surveillance': 'public', 'surveillance:type': 'camera', 'surveillance:zone': 'traffic'}",5,0,1,4,0.26,Tumkur Road,Bengaluru
surveillance,13.0476434,77.5012641,"{'camera:direction': '20', 'camera:mount': 'pole', 'camera:type': 'fixed', 'man_made': 'surveillance', 'surveillance': 'public', 'surveillance:type': 'camera', 'surveillance:zone': 'traffic'}",5,0,1,0,0.5,Tumkur Road,Bengaluru
surveillance,13.0476349,77.5012728,"{'camera:mount': 'pole', 'camera:type': 'dome', 'man_made': 'surveillance', 'surveillance': 'public', 'surveillance:type': 'camera', 'surveillance:zone': 'traffic'}",5,0,1,1,0.44,Tumkur Road,Bengaluru
surveillance,13.0002978,77.549948,"{'camera:direction': '351', 'camera:mount': 'pole', 'camera:type': 'fixed', 'man_made': 'surveillance', 'surveillance': 'public', 'surveillance:type': 'camera', 'surveillance:zone': 'traffic'}",5,0,1,4,0.26,Service Road,Bengaluru
surveillance,13.0003042,77.5499563,"{'camera:direction': '40', 'camera:mount': 'pole', 'camera:type': 'fixed', 'man_made': 'surveillance', 'surveillance': 'public', 'surveillance:type': 'camera', 'surveillance:zone': 'traffic'}",5,0,1,3,0.32,Service Road,Bengaluru
surveillance,12.9990447,77.5498679,"{'camera:direction': '336', 'camera:mount': 'pole', 'camera:type': 'fixed', 'man_made': 'surveillance', 'surveillance': 'public', 'surveillance:type': 'camera', 'surveillance:zone': 'traffic'}",5,0,1,0,0.5,WOC,Bengaluru
surveillance,12.9990374,77.5498641,"{'camera:direction': '256', 'camera:mount': 'pole', 'camera:type': 'fixed', 'man_made': 'surveillance', 'surveillance': 'public', 'surveillance:type': 'camera', 'surveillance:zone': 'traffic'}",5,0,1,0,0.5,WOC,Bengaluru
surveillance,12.9990284,77.5498713,"{'camera:direction': '206', 'camera:mount': 'pole', 'camera:type': 'fixed', 'man_made': 'surveillance', 'surveillance': 'public', 'surveillance:type': 'camera', 'surveillance:zone': 'traffic'}",5,0,1,1,0.44,WOC,Bengaluru
surveillance,12.9981822,77.5524021,"{'camera:direction': '257', 'camera:mount': 'pole', 'camera:type': 'fixed', 'man_made': 'surveillance', 'surveillance': 'public', 'surveillance:type': 'camera', 'surveillance:zone': 'traffic'}",5,0,1,4,0.26,14th Main Road,Bengaluru
surveillance,12.9981885,77.5524173,"{'camera:direction': '81', 'camera:mount': 'pole', 'camera:type': 'fixed', 'man_made': 'surveillance', 'surveillance': 'public', 'surveillance:type': 'camera', 'surveillance:zone': 'traffic'}",5,0,1,0,0.5,14th Main Road,Bengaluru
surveillance,12.9976223,77.5851257,"{'camera:mount': 'pole', 'camera:type': 'panning', 'man_made': 'surveillance', 'surveillance': 'public', 'surveillance:type': 'camera', 'surveillance:zone': 'traffic'}",5,0,1,4,0.26,1st Main Road,Bengaluru
surveillance,12.9989271,77.5813497,"{'camera:direction': '123', 'camera:mount': 'pole', 'camera:type': 'fixed', 'man_made': 'surveillance', 'surveillance': 'public', 'surveillance:type': 'camera', 'surveillance:zone': 'traffic'}",5,0,1,1,0.44,Venkataswamy Raju Road,Bengaluru
surveillance,12.9987992,77.5743985,"{'camera:mount': 'pole', 'camera:type': 'dome', 'man_made': 'surveillance', 'surveillance': 'public', 'surveillance:type': 'camera', 'surveillance:zone': 'traffic'}",5,0,1,1,0.44,Dattatreya Temple Street,Bengaluru
surveillance,12.9987707,77.5744214,"{'camera:direction': '152', 'camera:mount': 'pole', 'camera:type': 'fixed', 'man_made': 'surveillance', 'surveillance': 'public', 'surveillance:type': 'camera', 'surveillance:zone': 'traffic'}",5,0,1,2,0.38,Dattatreya Temple Street,Bengaluru
surveillance,12.9967691,77.5731571,"{'camera:direction': '2', 'camera:mount': 'pole', 'camera:type': 'fixed', 'man_made': 'surveillance', 'surveillance': 'public', 'surveillance:type': 'camera', 'surveillance:zone': 'traffic'}",5,0,1,1,0.44,,Bengaluru
surveillance,12.9963341,77.5665852,"{'camera:direction': '323', 'camera:mount': 'pole', 'camera:type': 'fixed', 'man_made': 'surveillance', 'surveillance': 'public', 'surveillance:type': 'camera', 'surveillance:zone': 'traffic'}",5,0,1,0,0.5,4th Cross Road,Bengaluru
surveillance,12.9963215,77.5665971,"{'camera:direction': '144', 'camera:mount': 'pole', 'camera:type': 'fixed', 'man_made': 'surveillance', 'surveillance': 'public', 'surveillance:type': 'camera', 'surveillance:zone': 'traffic'}",5,0,1,4,0.26,4th Cross Road,Bengaluru
surveillance,12.9961761,77.5646232,"{'camera:direction': '92', 'camera:mount': 'pole', 'camera:type': 'fixed', 'man_made': 'surveillance', 'surveillance': 'public', 'surveillance:type': 'camera', 'surveillance:zone': 'traffic'}",5,0,1,2,0.38,2nd Main Road,Bengaluru
surveillance,12.9981666,77.5648547,"{'camera:mount': 'pole', 'camera:type': 'dome', 'man_made': 'surveillance', 'surveillance': 'public', 'surveillance:type': 'camera', 'surveillance:zone': 'traffic'}",5,0,1,4,0.26,1st Main Road,Bengaluru
surveillance,13.009103,77.5596735,"{'camera:direction': '96', 'camera:mount': 'pole', 'camera:type': 'fixed', 'man_made': 'surveillance', 'surveillance': 'public', 'surveillance:type': 'camera', 'surveillance:zone': 'traffic'}",5,0,1,0,0.5,1st Main Road,Bengaluru
surveillance,13.0091008,77.5596971,"{'camera:direction': '341', 'camera:mount': 'pole', 'camera:type': 'fixed', 'man_made': 'surveillance', 'surveillance': 'public', 'surveillance:type': 'camera', 'surveillance:zone': 'traffic'}",5,0,1,3,0.32,1st Main Road,Bengaluru
surveillance,13.0043756,77.5539897,"{'camera:direction': '342', 'camera:mount': 'pole', 'camera:type': 'fixed', 'man_made': 'surveillance', 'surveillance': 'public', 'surveillance:type': 'camera', 'surveillance:zone': 'traffic'}",5,0,1,2,0.38,6th Cross Road,Bengaluru
surveillance,13.0043752,77.5539974,"{'camera:direction': '51', 'camera:mount': 'pole', 'camera:type': 'fixed', 'man_made': 'surveillance', 'surveillance': 'public', 'surveillance:type': 'camera', 'surveillance:zone': 'traffic'}",5,0,1,2,0.38,6th Cross Road,Bengaluru
surveillance,13.004365,77.5539947,"{'camera:direction': '180', 'camera:mount': 'pole', 'camera:type': 'fixed', 'man_made': 'surveillance', 'surveillance': 'public', 'surveillance:type': 'camera', 'surveillance:zone': 'traffic'}",5,0,1,1,0.44,6th Cross Road,Bengaluru
surveillance,12.9969069,77.5684819,"{'camera:direction': '70', 'camera:mount': 'pole', 'camera:type': 'fixed', 'man_made': 'surveillance', 'surveillance': 'public', 'surveillance:type': 'camera', 'surveillance:zone': 'traffic'}",5,0,1,2,0.38,,Bengaluru
surveillance,12.9969069,77.5684722,"{'camera:direction': '225', 'camera:mount': 'pole', 'camera:type': 'fixed', 'man_made': 'surveillance', 'surveillance': 'public', 'surveillance:type': 'camera', 'surveillance:zone': 'traffic'}",5,0,1,3,0.32,,Bengaluru
surveillance,12.9969196,77.5684718,"{'camera:direction': '340', 'camera:mount': 'pole', 'camera:type': 'fixed', 'man_made': 'surveillance', 'surveillance': 'public', 'surveillance:type': 'camera', 'surveillance:zone': 'traffic'}",5,0,1,3,0.32,,Bengaluru
surveillance,12.9889904,77.5810234,"{'camera:mount': 'pole', 'camera:type': 'dome', 'man_made': 'surveillance', 'surveillance': 'public', 'surveillance:type': 'camera'}",5,0,1,1,0.44,Kumara Krupa Road,Bengaluru
surveillance,12.9889977,77.5810272,"{'camera:direction': '115', 'camera:mount': 'pole', 'camera:type': 'fixed', 'man_made': 'surveillance', 'surveillance': 'public', 'surveillance:type': 'camera', 'surveillance:zone': 'area'}",5,0,1,1,0.44,Kumara Krupa Road,Bengaluru
surveillance,12.9889849,77.5811155,"{'camera:direction': '295', 'camera:mount': 'gantry', 'camera:type': 'fixed', 'man_made': 'surveillance', 'surveillance': 'public', 'surveillance:type': 'camera', 'surveillance:zone': 'area'}",5,0,1,1,0.44,Kumara Krupa Road,Bengaluru
surveillance,12.9889849,77.5811155,"{'camera:direction': '294', 'camera:mount': 'gantry', 'camera:type': 'fixed', 'man_made': 'surveillance', 'surveillance': 'public', 'surveillance:type': 'camera', 'surveillance:zone': 'area'}",5,0,1,1,0.44,Kumara Krupa Road,Bengaluru
surveillance,12.988986,77.5811183,"{'camera:direction': '115', 'camera:mount': 'gantry', 'camera:type': 'fixed', 'man_made': 'surveillance', 'surveillance': 'public', 'surveillance:type': 'camera', 'surveillance:zone': 'area'}",5,0,1,3,0.32,Kumara Krupa Road,Bengaluru
surveillance,12.9983665,77.5577755,"{'camera:direction': '110', 'camera:mount': 'pole', 'camera:type': 'fixed', 'man_made': 'surveillance', 'surveillance': 'public', 'surveillance:type': 'camera', 'surveillance:zone': 'traffic'}",5,0,1,4,0.26,Mahakavi Kuvempu Road,Bengaluru
surveillance,12.998373,77.5577594,"{'camera:direction': '200', 'camera:mount': 'pole', 'camera:type': 'fixed', 'man_made': 'surveillance', 'surveillance': 'public', 'surveillance:type': 'camera', 'surveillance:zone': 'traffic'}",5,0,1,2,0.38,Mahakavi Kuvempu Road,Bengaluru
surveillance,12.9983815,77.5577688,"{'camera:mount': 'pole', 'camera:type': 'dome', 'man_made': 'surveillance', 'surveillance': 'public', 'surveillance:type': 'camera', 'surveillance:zone': 'traffic'}",5,0,1,3,0.32,Mahakavi Kuvempu Road,Bengaluru
surveillance,13.0061252,77.5485664,"{'camera:direction': '247', 'camera:mount': 'pole', 'camera:type': 'fixed', 'man_made': 'surveillance', 'surveillance': 'public', 'surveillance:type': 'camera', 'surveillance:zone': 'traffic'}",5,0,1,2,0.38,Pipeline Road,Bengaluru
surveillance,13.0117396,77.5544973,"{'camera:direction': '356', 'camera:mount': 'pole', 'camera:type': 'fixed', 'man_made': 'surveillance', 'surveillance': 'public', 'surveillance:type': 'camera', 'surveillance:zone': 'traffic'}",5,0,1,3,0.32,Dr. Rajkumar Road,Bangalore
surveillance,13.0117391,77.5543865,"{'camera:direction': '182', 'camera:mount': 'pole', 'camera:type': 'fixed', 'man_made': 'surveillance', 'surveillance': 'public', 'surveillance:type': 'camera', 'surveillance:zone': 'traffic'}",5,0,1,3,0.32,Dr. Rajkumar Road,Bangalore
surveillance,12.9599651,77.5325112,"{'camera:direction': '84', 'camera:mount': 'pole', 'camera:type': 'fixed', 'man_made': 'surveillance', 'surveillance': 'public', 'surveillance:type': 'camera'}",5,0,1,0,0.5,4th Main Road,Bengaluru
surveillance,12.9599651,77.5325112,"{'camera:direction': '268', 'camera:mount': 'pole', 'camera:type': 'fixed', 'man_made': 'surveillance', 'surveillance': 'public', 'surveillance:type': 'camera'}",5,0,1,1,0.44,4th Main Road,Bengaluru
surveillance,12.9506388,77.5833167,"{'camera:direction': '151', 'camera:mount': 'pole', 'camera:type': 'fixed', 'man_made': 'surveillance', 'surveillance': 'public', 'surveillance:type': 'camera', 'surveillance:zone': 'traffic'}",5,0,1,1,0.44,,Bengaluru
surveillance,12.9535085,77.5852706,"{'camera:direction': '16', 'camera:mount': 'pole', 'camera:type': 'fixed', 'man_made': 'surveillance', 'surveillance': 'public', 'surveillance:type': 'camera'}",5,0,1,1,0.44,,Bengaluru
surveillance,12.9927815,77.5714471,"{'camera:direction': '165', 'camera:mount': 'pole', 'camera:type': 'fixed', 'man_made': 'surveillance', 'surveillance': 'public', 'surveillance:type': 'camera', 'surveillance:zone': 'traffic'}",5,0,1,2,0.38,,Bengaluru
surveillance,13.0276073,77.5758652,"{'camera:mount': 'pole', 'camera:type': 'fixed', 'man_made': 'surveillance', 'surveillance': 'public', 'surveillance:type': 'camera'}",5,0,1,1,0.44,,Bengaluru
surveillance,13.0321537,77.53367,"{'camera:direction': '115', 'camera:mount': 'pole', 'camera:type': 'fixed', 'man_made': 'surveillance', 'surveillance': 'public', 'surveillance:type': 'camera', 'surveillance:zone': 'traffic'}",5,0,1,2,0.38,Tumkur Road,Bengaluru
surveillance,13.0043011,77.5522909,"{'camera:direction': '229', 'camera:mount': 'pole', 'camera:type': 'fixed', 'man_made': 'surveillance', 'surveillance': 'public', 'surveillance:type': 'camera', 'surveillance:zone': 'traffic'}",5,0,1,3,0.32,Vidhya Vardhaka Sangha Road,Bengaluru
surveillance,12.9869613,77.5982996,"{'camera:direction': '24', 'camera:mount': 'pole', 'camera:type': 'fixed', 'man_made': 'surveillance', 'surveillance': 'public', 'surveillance:type': 'camera', 'surveillance:zone': 'traffic'}",5,0,1,4,0.26,Venkatappa Road,Bengaluru
surveillance,12.9567924,77.5859524,"{'camera:direction': '188', 'camera:mount': 'pole', 'camera:type': 'fixed', 'man_made': 'surveillance', 'surveillance:type': 'camera'}",5,0,1,0,0.5,,
surveillance,12.9567349,77.5859405,"{'camera:mount': 'pole', 'camera:type': 'fixed', 'man_made': 'surveillance', 'surveillance:type': 'camera'}",5,0,1,0,0.5,Lalbagh Road,Bengaluru
surveillance,12.9572347,77.5685189,"{'camera:direction': '357', 'camera:mount': 'pole', 'camera:type': 'fixed', 'man_made': 'surveillance', 'surveillance:type': 'camera'}",5,0,1,2,0.38,5th Main Road,Bengaluru
surveillance,12.9572347,77.5685189,"{'camera:mount': 'pole', 'camera:type': 'fixed', 'man_made': 'surveillance', 'surveillance:type': 'camera'}",5,0,1,4,0.26,5th Main Road,Bengaluru
surveillance,12.957236,77.568518,"{'camera:direction': '177', 'camera:mount': 'pole', 'camera:type': 'fixed', 'man_made': 'surveillance', 'surveillance:type': 'camera'}",5,0,1,2,0.38,5th Main Road,Bengaluru
surveillance,12.957224,77.5685009,"{'camera:direction': '89', 'camera:mount': 'pole', 'camera:type': 'fixed', 'man_made': 'surveillance', 'surveillance:type': 'camera'}",5,0,1,4,0.26,,
surveillance,12.957224,77.5685009,"{'camera:direction': '268', 'camera:mount': 'pole', 'camera:type': 'fixed', 'man_made': 'surveillance', 'surveillance:type': 'camera'}",5,0,1,1,0.44,5th Main Road,Bengaluru
surveillance,12.957279,77.5696543,"{'camera:mount': 'pole', 'camera:type': 'fixed', 'man_made': 'surveillance', 'surveillance:type': 'camera'}",5,0,1,1,0.44,Puttanna Chetty Road,Bengaluru
surveillance,12.9759706,77.5870043,"{'camera:direction': '303', 'camera:mount': 'pole', 'camera:type': 'fixed', 'man_made': 'surveillance', 'surveillance': 'outdoor', 'surveillance:type': 'camera'}",5,0,1,0,0.5,,Bengaluru
surveillance,12.9759706,77.5870043,"{'camera:mount': 'pole', 'camera:type': 'dome', 'man_made': 'surveillance', 'surveillance': 'outdoor', 'surveillance:type': 'camera'}",5,0,1,2,0.38,,Bengaluru
surveillance,12.9426129,77.637895,"{'camera:direction': '35', 'camera:mount': 'gantry', 'camera:type': 'fixed', 'man_made': 'surveillance', 'surveillance:type': 'camera'}",5,0,1,3,0.32,,Bengaluru
surveillance,12.9425996,77.6379194,"{'camera:direction': '35', 'camera:mount': 'gantry', 'camera:type': 'fixed', 'man_made': 'surveillance', 'surveillance:type': 'camera'}",5,0,1,2,0.38,,Bengaluru
surveillance,12.9425604,77.6379848,"{'camera:direction': '215', 'camera:mount': 'gantry', 'camera:type': 'fixed', 'man_made': 'surveillance', 'surveillance:type': 'camera'}",5,0,1,2,0.38,,Bengaluru
surveillance,12.9425442,77.6380156,"{'camera:direction': '215', 'camera:mount': 'gantry', 'camera:type': 'fixed', 'man_made': 'surveillance', 'surveillance:type': 'camera'}",5,0,1,4,0.26,,Bengaluru
surveillance,12.9547099,77.592976,"{'camera:mount': 'pole', 'camera:type': 'panning', 'man_made': 'surveillance', 'surveillance': 'public', 'surveillance:type': 'camera'}",5,0,1,1,0.44,,Bengaluru
surveillance,12.9766181,77.6024624,"{'camera:direction': '284', 'camera:mount': 'wall', 'camera:type': 'fixed', 'man_made': 'surveillance', 'surveillance': 'public', 'surveillance:type': 'camera'}",5,0,1,4,0.26,,Bengaluru
surveillance,12.9749885,77.6081765,"{'camera:direction': '285', 'camera:mount': 'gantry', 'camera:type': 'panning', 'man_made': 'surveillance', 'surveillance': 'public', 'surveillance:type': 'camera', 'surveillance:zone': 'area'}",5,0,1,1,0.44,,Bengaluru
surveillance,13.0108228,77.5590899,"{'camera:mount': 'pole', 'camera:type': 'dome', 'man_made': 'surveillance', 'surveillance': 'public', 'surveillance:type': 'camera'}",5,0,1,4,0.26,,Bengaluru
surveillance,13.0062946,77.5739009,"{'camera:direction': '317', 'camera:mount': 'pole', 'camera:type': 'fixed', 'man_made': 'surveillance', 'surveillance': 'public', 'surveillance:type': 'camera'}",5,0,1,0,0.5,,Bengaluru
surveillance,13.0062978,77.5739109,"{'camera:direction': '73', 'camera:mount': 'pole', 'camera:type': 'fixed', 'man_made': 'surveillance', 'surveillance': 'public', 'surveillance:type': 'camera'}",5,0,1,0,0.5,,Bengaluru
surveillance,13.006287,77.5739114,"{'camera:direction': '165', 'camera:mount': 'pole', 'camera:type': 'fixed', 'man_made': 'surveillance', 'surveillance': 'public', 'surveillance:type': 'camera'}",5,0,1,3,0.32,,Bengaluru
surveillance,12.9633982,77.5891953,"{'camera:mount': 'pole', 'camera:type': 'dome', 'man_made': 'surveillance', 'surveillance:type': 'camera'}",5,0,1,1,0.44,,Bengaluru
surveillance,12.963939,77.6013997,"{'camera:mount': 'pole', 'camera:type': 'fixed', 'man_made': 'surveillance', 'surveillance': 'public', 'surveillance:type': 'camera'}",5,0,1,3,0.32,,Bengaluru
surveillance,12.9629538,77.6012452,"{'camera:direction': '174', 'camera:mount': 'pole', 'camera:type': 'fixed', 'man_made': 'surveillance', 'surveillance:type': 'camera'}",5,0,1,2,0.38,,Bengaluru
surveillance,12.9647443,77.604714,"{'camera:mount': 'pole', 'camera:type': 'dome', 'man_made': 'surveillance', 'surveillance': 'public', 'surveillance:type': 'camera'}",5,0,1,1,0.44,,Bengaluru
surveillance,12.9648135,77.6051104,"{'camera:direction': '105', 'camera:mount': 'pole', 'camera:type': 'fixed', 'man_made': 'surveillance', 'surveillance': 'public', 'surveillance:type': 'camera'}",5,0,1,0,0.5,Wellington Street,Bengaluru
surveillance,12.9645859,77.6056059,"{'camera:direction': '287', 'camera:mount': 'pole', 'camera:type': 'fixed', 'man_made': 'surveillance', 'surveillance': 'public', 'surveillance:type': 'camera'}",5,0,1,0,0.5,,Bengaluru
surveillance,12.9646268,77.6057752,"{'camera:direction': '19', 'camera:mount': 'pole', 'camera:type': 'fixed', 'man_made': 'surveillance', 'surveillance': 'public', 'surveillance:type': 'camera'}",5,0,1,1,0.44,,Bengaluru
surveillance,12.9613213,77.6028054,"{'camera:direction': '111', 'camera:mount': 'pole', 'camera:type': 'fixed', 'man_made': 'surveillance', 'surveillance:type': 'camera'}",5,0,1,1,0.44,Norris Road,Bengaluru
surveillance,12.9598122,77.6019814,"{'camera:mount': 'pole', 'camera:type': 'panning', 'man_made': 'surveillance', 'surveillance:type': 'camera'}",5,0,1,3,0.32,Berlie Street,Bengaluru
surveillance,12.9599321,77.6019335,"{'camera:direction': '117', 'camera:mount': 'pole', 'camera:type': 'fixed', 'man_made': 'surveillance', 'surveillance:type': 'camera'}",5,0,1,2,0.38,Milkman A Street,Bengaluru
surveillance,12.9667638,77.6206943,"{'camera:direction': '250', 'camera:mount': 'pole', 'camera:type': 'fixed', 'man_made': 'surveillance', 'surveillance': 'traffic', 'surveillance:type': 'camera'}",5,0,1,1,0.44,,Bengaluru
surveillance,12.9667348,77.6207077,"{'camera:direction': '250', 'camera:mount': 'pole', 'camera:type': 'fixed', 'man_made': 'surveillance', 'surveillance': 'traffic', 'surveillance:type': 'camera'}",5,0,1,0,0.5,,Bengaluru
surveillance,12.9502395,77.6050531,"{'camera:mount': 'pole', 'camera:type': 'panning', 'man_made': 'surveillance', 'surveillance': 'public', 'surveillance:type': 'camera', 'surveillance:zone': 'traffic'}",5,0,1,4,0.26,Hosur Road,Bengaluru
surveillance,12.9604216,77.601318,"{'camera:direction': '300', 'man_made': 'surveillance', 'surveillance:type': 'camera'}",5,0,1,0,0.5,,Bengaluru
surveillance,12.9605918,77.5958719,"{'camera:mount': 'pole', 'camera:type': 'panning', 'man_made': 'surveillance', 'surveillance': 'public', 'surveillance:type': 'camera'}",5,0,1,4,0.26,Andree Road,Bengaluru
surveillance,12.996886,77.5677617,"{'camera:direction': '272', 'camera:mount': 'pole', 'camera:type': 'fixed', 'man_made': 'surveillance', 'surveillance': 'public', 'surveillance:type': 'camera'}",5,0,1,1,0.44,5th Cross Road,Bengaluru
surveillance,12.9969043,77.5677528,"{'camera:direction': '354', 'camera:mount': 'pole', 'camera:type': 'fixed', 'man_made': 'surveillance', 'surveillance': 'public', 'surveillance:type': 'camera'}",5,0,1,0,0.5,5th Main Road,Bengaluru
surveillance,12.997972,77.5523787,"{'camera:mount': 'pole', 'camera:type': 'panning', 'man_made': 'surveillance', 'surveillance': 'public', 'surveillance:type': 'camera'}",5,0,1,4,0.26,14th Main Road,Bengaluru
surveillance,12.9979592,77.5523873,"{'camera:direction': '172', 'camera:mount': 'pole', 'camera:type': 'fixed', 'man_made': 'surveillance', 'surveillance': 'public', 'surveillance:type': 'camera'}",5,0,1,2,0.38,Mahakavi Kuvempu Road,Bengaluru
surveillance,12.9901434,77.6181004,"{'camera:direction': '220', 'camera:mount': 'pole', 'camera:type': 'panning', 'man_made': 'surveillance', 'surveillance': 'public', 'surveillance:type': 'camera', 'surveillance:zone': 'town'}",5,0,1,0,0.5,,Bengaluru
surveillance,12.9901386,77.6181573,"{'camera:direction': '30', 'camera:mount': 'pole', 'camera:type': 'panning', 'man_made': 'surveillance', 'note': 'PRCRA', 'surveillance': 'public', 'surveillance:type': 'camera', 'surveillance:zone': 'town'}",5,0,1,4,0.26,,Bengaluru
surveillance,12.9910221,77.618717,"{'camera:direction': '211', 'camera:mount': 'pole', 'camera:type': 'panning', 'man_made': 'surveillance', 'surveillance': 'outdoor', 'surveillance:type': 'camera', 'surveillance:zone': 'town'}",5,0,1,3,0.32,,Bengaluru
surveillance,12.9914264,77.61903,"{'camera:direction': '210', 'camera:mount': 'pole', 'camera:type': 'panning', 'man_made': 'surveillance', 'surveillance': 'public', 'surveillance:type': 'camera', 'surveillance:zone': 'town'}",5,0,1,3,0.32,,Bengaluru
surveillance,12.9914264,77.61903,"{'camera:direction': '45', 'camera:mount': 'pole', 'camera:type': 'panning', 'man_made': 'surveillance', 'surveillance': 'public', 'surveillance:type': 'camera', 'surveillance:zone': 'town'}",5,0,1,0,0.5,,Bengaluru
surveillance,12.9787723,77.6466451,"{'camera:direction': '170', 'camera:type': 'fixed', 'man_made': 'surveillance', 'surveillance': 'public', 'surveillance:type': 'camera', 'surveillance:zone': 'traffic'}",5,0,1,4,0.26,,Chinmaya Mission Hospital Road
surveillance,12.9787703,77.6466276,"{'camera:direction': '170', 'camera:type': 'fixed', 'man_made': 'surveillance', 'surveillance': 'public', 'surveillance:type': 'camera', 'surveillance:zone': 'traffic'}",5,0,1,1,0.44,,Chinmaya Mission Hospital Road
surveillance,12.9787663,77.6466059,"{'camera:direction': '170', 'camera:type': 'fixed', 'man_made': 'surveillance', 'surveillance': 'public', 'surveillance:type': 'camera', 'surveillance:zone': 'traffic'}",5,0,1,4,0.26,,Chinmaya Mission Hospital Road
surveillance,12.978444,77.6465776,"{'camera:direction': '0', 'camera:type': 'fixed', 'man_made': 'surveillance', 'surveillance': 'public', 'surveillance:type': 'camera', 'surveillance:zone': 'traffic'}",5,0,1,4,0.26,,Chinmaya Mission Hospital Road
surveillance,12.978443,77.6466004,"{'camera:direction': '0', 'camera:type': 'fixed', 'man_made': 'surveillance', 'surveillance': 'public', 'surveillance:type': 'camera', 'surveillance:zone': 'traffic'}",5,0,1,1,0.44,,Chinmaya Mission Hospital Road
surveillance,12.978444,77.6466262,"{'camera:direction': '0', 'camera:type': 'fixed', 'man_made': 'surveillance', 'surveillance': 'public', 'surveillance:type': 'camera', 'surveillance:zone': 'traffic'}",5,0,1,4,0.26,,Chinmaya Mission Hospital Road
surveillance,12.9786293,77.646433,"{'camera:direction': '90', 'camera:type': 'fixed', 'man_made': 'surveillance', 'surveillance': 'public', 'surveillance:type': 'camera', 'surveillance:zone': 'traffic'}",5,0,1,2,0.38,Chinmaya Mission Hospital Road,Bengaluru
surveillance,12.9786001,77.646434,"{'camera:direction': '90', 'camera:type': 'fixed', 'man_made': 'surveillance', 'surveillance': 'public', 'surveillance:type': 'camera', 'surveillance:zone': 'traffic'}",5,0,1,3,0.32,Chinmaya Mission Hospital Road,Bengaluru
surveillance,12.9786146,77.6464332,"{'camera:direction': '90', 'camera:type': 'fixed', 'man_made': 'surveillance', 'surveillance': 'public', 'surveillance:type': 'camera', 'surveillance:zone': 'traffic'}",5,0,1,2,0.38,Chinmaya Mission Hospital Road,Bengaluru
surveillance,13.0101011,77.5580222,"{'camera:direction': '340', 'camera:mount': 'pole', 'camera:type': 'fixed', 'man_made': 'surveillance', 'surveillance': 'public', 'surveillance:type': 'camera'}",5,0,1,4,0.26,8th C Main Road,Bengaluru
surveillance,13.0100829,77.5580212,"{'camera:direction': '159', 'camera:mount': 'pole', 'camera:type': 'fixed', 'man_made': 'surveillance', 'surveillance': 'public', 'surveillance:type': 'camera'}",5,0,1,0,0.5,8th C Main Road,Bengaluru
surveillance,12.9761325,77.6044967,"{'camera:direction': '244', 'camera:mount': 'wall', 'camera:type': 'fixed', 'man_made': 'surveillance', 'surveillance': 'public', 'surveillance:type': 'camera'}",5,0,1,2,0.38,Mahatma Gandhi Road,Bengaluru
surveillance,12.9764137,77.6033282,"{'camera:direction': '104', 'camera:mount': 'wall', 'camera:type': 'fixed', 'man_made': 'surveillance', 'surveillance': 'public', 'surveillance:type': 'camera'}",5,0,1,3,0.32,Mahatma Gandhi Road,Bengaluru
surveillance,12.9761828,77.6042455,"{'camera:direction': '104', 'camera:mount': 'wall', 'camera:type': 'fixed', 'man_made': 'surveillance', 'surveillance': 'public', 'surveillance:type': 'camera'}",5,0,1,3,0.32,Central Street,Bengaluru
surveillance,12.9763709,77.6035642,"{'camera:direction': '103', 'camera:mount': 'wall', 'camera:type': 'fixed', 'man_made': 'surveillance', 'surveillance': 'public', 'surveillance:type': 'camera'}",5,0,1,0,0.5,Mahatma Gandhi Road,Bengaluru
surveillance,12.9765057,77.602915,"{'camera:direction': '102', 'camera:mount': 'wall', 'camera:type': 'fixed', 'man_made': 'surveillance', 'surveillance': 'public', 'surveillance:type': 'camera'}",5,0,1,1,0.44,Mahatma Gandhi Road,Bengaluru
surveillance,12.9765019,77.6028994,"{'camera:direction': '285', 'camera:mount': 'wall', 'camera:type': 'fixed', 'man_made': 'surveillance', 'surveillance': 'public', 'surveillance:type': 'camera'}",5,0,1,2,0.38,Mahatma Gandhi Road,Bengaluru
surveillance,12.9676287,77.5949633,"{'man_made': 'surveillance', 'surveillance': 'public', 'surveillance:type': 'camera', 'surveillance:zone': 'traffic'}",5,0,1,4,0.26,Vittal Mallya Road,Bengaluru
surveillance,12.9708628,77.6049043,"{'camera:direction': '180', 'camera:mount': 'pole', 'camera:type': 'fixed', 'man_made': 'surveillance', 'surveillance': 'public', 'surveillance:type': 'camera', 'surveillance:zone': 'traffic'}",5,0,1,4,0.26,Residency Road,Bengaluru
surveillance,13.0254282,77.5853718,"{'camera:direction': '194', 'camera:mount': 'pole', 'camera:type': 'fixed', 'man_made': 'surveillance', 'surveillance': 'public', 'surveillance:type': 'camera', 'surveillance:zone': 'traffic'}",5,0,1,2,0.38,Ganganagara 5th Main Road,Bengaluru
surveillance,13.0254386,77.5853783,"{'camera:direction': '10', 'camera:mount': 'pole', 'camera:type': 'fixed', 'man_made': 'surveillance', 'surveillance': 'public', 'surveillance:type': 'camera', 'surveillance:zone': 'traffic'}",5,0,1,3,0.32,Ganganagara 5th Main Road,Bengaluru
surveillance,13.0254332,77.5853856,"{'camera:direction': '105', 'camera:mount': 'pole', 'camera:type': 'fixed', 'man_made': 'surveillance', 'surveillance': 'public', 'surveillance:type': 'camera', 'surveillance:zone': 'traffic'}",5,0,1,3,0.32,Ganganagara 5th Main Road,Bengaluru
surveillance,13.0144583,77.5837377,"{'camera:direction': '274', 'camera:mount': 'pole', 'camera:type': 'fixed', 'man_made': 'surveillance', 'surveillance': 'public', 'surveillance:type': 'camera', 'surveillance:zone': 'traffic'}",5,0,1,1,0.44,Dr. CV Raman Road,Bengaluru
surveillance,13.0144583,77.583746,"{'camera:direction': '94', 'camera:mount': 'pole', 'camera:type': 'fixed', 'man_made': 'surveillance', 'surveillance': 'public', 'surveillance:type': 'camera', 'surveillance:zone': 'traffic'}",5,0,1,3,0.32,Dr. CV Raman Road,Bengaluru
surveillance,13.014622,77.5737545,"{'camera:direction': '86', 'camera:mount': 'pole', 'camera:type': 'fixed', 'man_made': 'surveillance', 'surveillance': 'public', 'surveillance:type': 'camera', 'surveillance:zone': 'traffic'}",5,0,1,0,0.5,,Bengaluru
surveillance,13.0146193,77.573748,"{'camera:direction': '267', 'camera:mount': 'pole', 'camera:type': 'fixed', 'man_made': 'surveillance', 'surveillance': 'public', 'surveillance:type': 'camera', 'surveillance:zone': 'traffic'}",5,0,1,1,0.44,,Bengaluru
surveillance,13.014617,77.573751,"{'camera:direction': '172', 'camera:mount': 'pole', 'camera:type': 'fixed', 'man_made': 'surveillance', 'surveillance': 'public', 'surveillance:type': 'camera', 'surveillance:zone': 'traffic'}",5,0,1,3,0.32,,Bengaluru
surveillance,12.9601213,77.5838491,"{'camera:direction': '315', 'camera:mount': 'pole', 'camera:type': 'fixed', 'man_made': 'surveillance', 'surveillance': 'public', 'surveillance:type': 'camera', 'surveillance:zone': 'traffic'}",5,0,1,0,0.5,JC Road,Bengaluru
surveillance,12.9601154,77.5838555,"{'camera:direction': '135', 'camera:mount': 'pole', 'camera:type': 'fixed', 'man_made': 'surveillance', 'surveillance': 'public', 'surveillance:type': 'camera', 'surveillance:zone': 'traffic'}",5,0,1,2,0.38,JC Road,Bengaluru
surveillance,12.9789608,77.585071,"{'camera:mount': 'pole', 'camera:type': 'dome', 'man_made': 'surveillance', 'surveillance': 'public', 'surveillance:type': 'camera', 'surveillance:zone': 'traffic'}",5,0,1,2,0.38,Palace Road,Bengaluru
surveillance,12.9789562,77.5850655,"{'camera:direction': '200', 'camera:mount': 'pole', 'camera:type': 'fixed', 'man_made': 'surveillance', 'surveillance': 'public', 'surveillance:type': 'camera', 'surveillance:zone': 'traffic'}",5,0,1,4,0.26,Palace Road,Bengaluru
surveillance,12.9789694,77.5850778,"{'camera:direction': '20', 'camera:mount': 'pole', 'camera:type': 'fixed', 'man_made': 'surveillance', 'surveillance': 'public', 'surveillance:type': 'camera', 'surveillance:zone': 'traffic'}",5,0,1,3,0.32,Palace Road,Bengaluru
surveillance,12.9785107,77.5811033,"{'camera:direction': '200', 'camera:mount': 'pole', 'camera:type': 'fixed', 'man_made': 'surveillance', 'surveillance': 'public', 'surveillance:type': 'camera', 'surveillance:zone': 'traffic'}",5,0,1,3,0.32,6th Cross,Beṅgaḷūru
surveillance,12.9785164,77.5811086,"{'camera:direction': '20', 'camera:mount': 'pole', 'camera:type': 'fixed', 'man_made': 'surveillance', 'surveillance': 'public', 'surveillance:type': 'camera', 'surveillance:zone': 'traffic'}",5,0,1,4,0.26,6th Cross,Beṅgaḷūru
surveillance,12.9768414,77.5798926,"{'camera:direction': '30', 'camera:mount': 'pole', 'camera:type': 'fixed', 'man_made': 'surveillance', 'surveillance': 'public', 'surveillance:type': 'camera', 'surveillance:zone': 'traffic'}",5,0,1,1,0.44,2nd Cross Road,Bengaluru
surveillance,12.9768351,77.5798891,"{'camera:direction': '160', 'camera:mount': 'pole', 'camera:type': 'fixed', 'man_made': 'surveillance', 'surveillance': 'public', 'surveillance:type': 'camera', 'surveillance:zone': 'traffic'}",5,0,1,3,0.32,2nd Cross Road,Bengaluru
surveillance,12.9768311,77.5798847,"{'camera:mount': 'pole', 'camera:type': 'dome', 'man_made': 'surveillance', 'surveillance': 'public', 'surveillance:type': 'camera', 'surveillance:zone': 'traffic'}",5,0,1,2,0.38,2nd Cross Road,Bengaluru
surveillance,12.9730221,77.5816295,"{'camera:direction': '225', 'camera:mount': 'pole', 'camera:type': 'fixed', 'man_made': 'surveillance', 'surveillance': 'public', 'surveillance:type': 'camera', 'surveillance:zone': 'traffic'}",5,0,1,1,0.44,,Bengaluru
surveillance,12.9730282,77.581639,"{'camera:mount': 'pole', 'camera:type': 'dome', 'man_made': 'surveillance', 'surveillance': 'public', 'surveillance:type': 'camera', 'surveillance:zone': 'traffic'}",5,0,1,1,0.44,,Bengaluru
surveillance,12.9727108,77.581538,"{'camera:mount': 'pole', 'camera:type': 'dome', 'man_made': 'surveillance', 'surveillance': 'public', 'surveillance:type': 'camera', 'surveillance:zone': 'traffic'}",5,0,1,1,0.44,,Bengaluru
surveillance,12.9674957,77.5884914,"{'camera:direction': '330', 'camera:mount': 'pole', 'camera:type': 'fixed', 'man_made': 'surveillance', 'surveillance': 'public', 'surveillance:type': 'camera', 'surveillance:zone': 'traffic'}",5,0,1,2,0.38,,Bengaluru
surveillance,12.9659222,77.5867101,"{'camera:direction': '20', 'camera:mount': 'pole', 'camera:type': 'fixed', 'man_made': 'surveillance', 'surveillance': 'public', 'surveillance:type': 'camera', 'surveillance:zone': 'traffic'}",5,0,1,1,0.44,,Bengaluru
surveillance,12.9654703,77.5867622,"{'camera:direction': '20', 'camera:mount': 'pole', 'camera:type': 'fixed', 'man_made': 'surveillance', 'surveillance': 'public', 'surveillance:type': 'camera', 'surveillance:zone': 'traffic'}",5,0,1,2,0.38,JC Road,Bengaluru
surveillance,12.9657016,77.5868099,"{'camera:direction': '200', 'camera:mount': 'pole', 'camera:type': 'fixed', 'man_made': 'surveillance', 'surveillance': 'public', 'surveillance:type': 'camera', 'surveillance:zone': 'traffic'}",5,0,1,3,0.32,,Bengaluru
surveillance,12.9657114,77.5868214,"{'camera:direction': '20', 'camera:mount': 'pole', 'camera:type': 'fixed', 'man_made': 'surveillance', 'surveillance': 'public', 'surveillance:type': 'camera', 'surveillance:zone': 'traffic'}",5,0,1,4,0.26,,Bengaluru
surveillance,12.9657323,77.586788,"{'camera:mount': 'pole', 'camera:type': 'dome', 'man_made': 'surveillance', 'surveillance': 'public', 'surveillance:type': 'camera', 'surveillance:zone': 'traffic'}",5,0,1,2,0.38,,Bengaluru
surveillance,12.9639301,77.5851468,"{'camera:direction': '135', 'camera:mount': 'pole', 'camera:type': 'fixed', 'man_made': 'surveillance', 'surveillance': 'public', 'surveillance:type': 'camera', 'surveillance:zone': 'traffic'}",5,0,1,4,0.26,SJP Road,Bengaluru
surveillance,12.9639347,77.5851499,"{'camera:direction': '45', 'camera:mount': 'pole', 'camera:type': 'fixed', 'man_made': 'surveillance', 'surveillance': 'public', 'surveillance:type': 'camera', 'surveillance:zone': 'traffic'}",5,0,1,0,0.5,SJP Road,Bengaluru
surveillance,12.9639317,77.5851425,"{'camera:direction': '225', 'camera:mount': 'pole', 'camera:type': 'fixed', 'man_made': 'surveillance', 'surveillance': 'public', 'surveillance:type': 'camera', 'surveillance:zone': 'traffic'}",5,0,1,0,0.5,SJP Road,Bengaluru
surveillance,12.9638959,77.5850341,"{'camera:direction': '225', 'camera:mount': 'pole', 'camera:type': 'fixed', 'man_made': 'surveillance', 'surveillance': 'public', 'surveillance:type': 'camera', 'surveillance:zone': 'traffic'}",5,0,1,1,0.44,,Bengaluru
surveillance,12.9846996,77.588177,"{'camera:direction': '200', 'camera:mount': 'pole', 'camera:type': 'fixed', 'man_made': 'surveillance', 'surveillance': 'public', 'surveillance:type': 'camera', 'surveillance:zone': 'traffic'}",5,0,1,4,0.26,,Bengaluru
surveillance,12.9817827,77.5866508,"{'camera:direction': '200', 'camera:mount': 'pole', 'camera:type': 'fixed', 'man_made': 'surveillance', 'surveillance': 'public', 'surveillance:type': 'camera', 'surveillance:zone': 'traffic'}",5,0,1,3,0.32,,Bengaluru
surveillance,12.9895203,77.5928665,"{'camera:mount': 'pole', 'camera:type': 'dome', 'man_made': 'surveillance', 'surveillance': 'public', 'surveillance:type': 'camera', 'surveillance:zone': 'traffic'}",5,0,1,2,0.38,Cunningham Road,Bengaluru
surveillance,12.9895269,77.5928628,"{'camera:direction': '225', 'camera:mount': 'pole', 'camera:type': 'fixed', 'man_made': 'surveillance', 'surveillance': 'public', 'surveillance:type': 'camera', 'surveillance:zone': 'traffic'}",5,0,1,2,0.38,Cunningham Road,Bengaluru
surveillance,12.9895249,77.5928729,"{'camera:direction': '300', 'camera:mount': 'pole', 'camera:type': 'fixed', 'man_made': 'surveillance', 'surveillance': 'public', 'surveillance:type': 'camera', 'surveillance:zone': 'traffic'}",5,0,1,0,0.5,Cunningham Road,Bengaluru
surveillance,12.9821006,77.5987925,"{'camera:direction': '190', 'camera:mount': 'pole', 'camera:type': 'fixed', 'man_made': 'surveillance', 'surveillance': 'public', 'surveillance:type': 'camera', 'surveillance:zone': 'traffic'}",5,0,1,3,0.32,Cunningham Road,Bengaluru
surveillance,12.9821055,77.5987949,"{'camera:direction': '10', 'camera:mount': 'pole', 'camera:type': 'fixed', 'man_made': 'surveillance', 'surveillance': 'public', 'surveillance:type': 'camera', 'surveillance:zone': 'traffic'}",5,0,1,4,0.26,Cunningham Road,Bengaluru
surveillance,12.9821085,77.5987858,"{'camera:mount': 'pole', 'camera:type': 'dome', 'man_made': 'surveillance', 'surveillance': 'public', 'surveillance:type': 'camera', 'surveillance:zone': 'traffic'}",5,0,1,0,0.5,Cunningham Road,Bengaluru
surveillance,12.9809026,77.5984559,"{'camera:direction': '196', 'camera:mount': 'pole', 'camera:type': 'fixed', 'man_made': 'surveillance', 'surveillance': 'public', 'surveillance:type': 'camera', 'surveillance:zone': 'traffic'}",5,0,1,1,0.44,Cunningham Road,Bengaluru
surveillance,12.9831403,77.5958669,"{'camera:direction': '42', 'camera:mount': 'pole', 'camera:type': 'fixed', 'man_made': 'surveillance', 'surveillance': 'public', 'surveillance:type': 'camera', 'surveillance:zone': 'traffic'}",5,0,1,3,0.32,,Bengaluru
surveillance,12.9864412,77.5948005,"{'camera:direction': '22', 'camera:mount': 'pole', 'camera:type': 'fixed', 'man_made': 'surveillance', 'surveillance': 'public', 'surveillance:type': 'camera', 'surveillance:zone': 'traffic'}",5,0,1,4,0.26,Ali Asker Road,Bengaluru
surveillance,12.986434,77.5947901,"{'camera:direction': '302', 'camera:mount': 'pole', 'camera:type': 'fixed', 'man_made': 'surveillance', 'surveillance': 'public', 'surveillance:type': 'camera', 'surveillance:zone': 'traffic'}",5,0,1,3,0.32,Ali Asker Road,Bengaluru
surveillance,12.9777724,77.5909668,"{'camera:direction': '40', 'camera:mount': 'pole', 'camera:type': 'fixed', 'man_made': 'surveillance', 'surveillance': 'traffic', 'surveillance:type': 'camera', 'surveillance:zone': 'traffic'}",5,0,1,1,0.44,Doctor B R Ambedkar Veedhi,Bengaluru
surveillance,12.9777527,77.5909687,"{'camera:mount': 'pole', 'camera:type': 'dome', 'man_made': 'surveillance', 'surveillance': 'traffic', 'surveillance:type': 'camera', 'surveillance:zone': 'traffic'}",5,0,1,0,0.5,Doctor B R Ambedkar Veedhi,Bengaluru
surveillance,12.9240721,77.6292136,"{'camera:mount': 'pole', 'camera:type': 'dome', 'man_made': 'surveillance', 'surveillance': 'outdoor', 'surveillance:type': 'camera'}",5,0,1,4,0.26,Sarjapur road,Krupanidhi College
surveillance,12.9459221,77.5801533,"{'camera:direction': '7', 'camera:mount': 'wall', 'camera:type': 'fixed', 'man_made': 'surveillance', 'surveillance': 'public', 'surveillance:type': 'camera'}",5,0,1,1,0.44,,Bengaluru
surveillance,12.9909245,77.6193421,"{'camera:direction': '77', 'camera:mount': 'wall', 'camera:type': 'fixed', 'man_made': 'surveillance', 'surveillance': 'outdoor', 'surveillance:type': 'camera', 'surveillance:zone': 'area'}",5,0,1,1,0.44,Assayee Road,Bengaluru
surveillance,12.9909245,77.6193421,"{'camera:direction': '22', 'camera:mount': 'wall', 'camera:type': 'fixed', 'man_made': 'surveillance', 'surveillance': 'outdoor', 'surveillance:type': 'camera', 'surveillance:zone': 'area'}",5,0,1,3,0.32,Assayee Road,Bengaluru
surveillance,12.9909245,77.6193421,"{'camera:direction': '150', 'camera:mount': 'wall', 'camera:type': 'fixed', 'man_made': 'surveillance', 'surveillance': 'outdoor', 'surveillance:type': 'camera', 'surveillance:zone': 'area'}",5,0,1,3,0.32,Assayee Road,Bengaluru
surveillance,13.0045857,77.5519474,"{'man_made': 'surveillance', 'surveillance:type': 'camera'}",5,0,1,3,0.32,Vidhya Vardhaka Sangha Road,Bengaluru
surveillance,13.0046998,77.5528197,"{'man_made': 'surveillance', 'surveillance:type': 'camera'}",5,0,1,3,0.32,,Bengaluru
surveillance,13.011249,77.5545772,"{'camera:mount': 'pole', 'man_made': 'surveillance', 'surveillance': 'indoor', 'surveillance:type': 'camera', 'surveillance:zone': 'street'}",5,0,1,2,0.38,Dr. Rajkumar Road,Bangalore
surveillance,13.0090306,77.5622636,"{'camera:direction': '179', 'camera:mount': 'pole', 'camera:type': 'fixed', 'man_made': 'surveillance', 'surveillance': 'public', 'surveillance:type': 'camera', 'surveillance:zone': 'traffic'}",5,0,1,4,0.26,18th Cross Road,Bengaluru
surveillance,13.0090296,77.5622516,"{'camera:direction': '258', 'camera:mount': 'pole', 'camera:type': 'fixed', 'man_made': 'surveillance', 'surveillance': 'public', 'surveillance:type': 'camera', 'surveillance:zone': 'traffic'}",5,0,1,2,0.38,18th Cross Road,Bengaluru
surveillance,13.0090258,77.5622811,"{'camera:direction': '98', 'camera:mount': 'pole', 'camera:type': 'fixed', 'man_made': 'surveillance', 'surveillance': 'public', 'surveillance:type': 'camera', 'surveillance:zone': 'traffic'}",5,0,1,4,0.26,18th Cross Road,Bengaluru
surveillance,13.0301894,77.5707199,"{'camera:direction': '168', 'camera:mount': 'pole', 'camera:type': 'fixed', 'man_made': 'surveillance', 'surveillance': 'public', 'surveillance:type': 'camera', 'surveillance:zone': 'traffic'}",5,0,1,0,0.5,New BEL Road,Bengaluru
surveillance,12.9845279,77.6117648,"{'camera:direction': '78', 'camera:mount': 'pole', 'camera:type': 'fixed', 'man_made': 'surveillance', 'surveillance': 'outdoor', 'surveillance:type': 'camera'}",5,0,1,0,0.5,,Bengaluru
surveillance,12.9708567,77.60479,"{'camera:direction': '138', 'camera:mount': 'pole', 'camera:type': 'fixed', 'man_made': 'surveillance', 'surveillance': 'outdoor', 'surveillance:type': 'camera'}",5,0,1,3,0.32,Field Marshall Cariappa Cycle Path,Bengaluru
surveillance,12.9773208,77.6086975,"{'camera:mount': 'pole', 'camera:type': 'dome', 'man_made': 'surveillance', 'surveillance': 'outdoor', 'surveillance:type': 'camera'}",5,0,1,0,0.5,,Bengaluru
surveillance,12.9905545,77.6138557,"{'camera:mount': 'pole', 'camera:type': 'dome', 'man_made': 'surveillance', 'surveillance': 'outdoor', 'surveillance:type': 'camera'}",5,0,1,0,0.5,Saint John's Church Road,Bengaluru
surveillance,12.9845279,77.6117648,"{'camera:direction': '4', 'camera:mount': 'pole', 'camera:type': 'fixed', 'man_made': 'surveillance', 'surveillance': 'outdoor', 'surveillance:type': 'camera'}",5,0,1,3,0.32,,Bengaluru
surveillance,13.0227611,77.6373351,"{'camera:type': 'dome', 'man_made': 'surveillance', 'surveillance:type': 'camera'}",5,0,1,0,0.5,,Bengaluru
surveillance,12.9691817,77.6488785,"{'camera:mount': 'pole', 'camera:type': 'fixed', 'direction': '207', 'man_made': 'surveillance', 'surveillance': 'public', 'surveillance:type': 'camera', 'surveillance:zone': 'traffic'}",5,0,1,0,0.5,,9th Main Road
surveillance,12.974076,77.6468035,"{'camera:direction': '263', 'camera:mount': 'pole', 'camera:type': 'panning', 'man_made': 'surveillance', 'surveillance': 'outdoor', 'surveillance:type': 'camera', 'surveillance:zone': 'area'}",5,0,1,2,0.38,,6th Main Road
surveillance,12.974076,77.6468035,"{'camera:direction': '6', 'camera:mount': 'pole', 'camera:type': 'panning', 'man_made': 'surveillance', 'surveillance': 'outdoor', 'surveillance:type': 'camera', 'surveillance:zone': 'area'}",5,0,1,0,0.5,,6th Main Road
surveillance,12.974076,77.6468035,"{'camera:direction': '169', 'camera:mount': 'pole', 'camera:type': 'panning', 'man_made': 'surveillance', 'surveillance': 'outdoor', 'surveillance:type': 'camera', 'surveillance:zone': 'area'}",5,0,1,4,0.26,,6th Main Road
surveillance,12.9750003,77.6467474,"{'camera:direction': '88', 'camera:mount': 'pole', 'camera:type': 'panning', 'man_made': 'surveillance', 'note': 'Netra', 'surveillance': 'outdoor', 'surveillance:type': 'camera', 'surveillance:zone': 'area'}",5,0,1,0,0.5,80 Feet Road,
surveillance,12.9783509,77.6466847,"{'camera:direction': '347', 'camera:mount': 'pole', 'camera:type': 'panning', 'man_made': 'surveillance', 'note': 'Also has IR', 'surveillance': 'public', 'surveillance:type': 'camera', 'surveillance:zone': 'area'}",5,0,1,4,0.26,,Chinmaya Mission Hospital Road
surveillance,12.9783584,77.6465943,"{'camera:direction': '352', 'camera:mount': 'pole', 'camera:type': 'panning', 'man_made': 'surveillance', 'surveillance': 'public', 'surveillance:type': 'camera', 'surveillance:zone': 'area'}",5,0,1,0,0.5,,Chinmaya Mission Hospital Road
surveillance,12.9783584,77.6465943,"{'camera:direction': '11', 'camera:mount': 'pole', 'camera:type': 'panning', 'man_made': 'surveillance', 'surveillance': 'public', 'surveillance:type': 'camera', 'surveillance:zone': 'area'}",5,0,1,0,0.5,,Chinmaya Mission Hospital Road
surveillance,12.9783584,77.6465943,"{'camera:direction': '357', 'camera:mount': 'pole', 'camera:type': 'panning', 'man_made': 'surveillance', 'surveillance': 'public', 'surveillance:type': 'camera', 'surveillance:zone': 'area'}",5,0,1,1,0.44,,Chinmaya Mission Hospital Road
surveillance,12.9783584,77.6465943,"{'camera:direction': '175', 'camera:mount': 'pole', 'camera:type': 'panning', 'man_made': 'surveillance', 'surveillance': 'public', 'surveillance:type': 'camera', 'surveillance:zone': 'area'}",5,0,1,1,0.44,,Chinmaya Mission Hospital Road
surveillance,12.9787166,77.6466811,"{'camera:direction': '255', 'camera:mount': 'pole', 'camera:type': 'panning', 'man_made': 'surveillance', 'surveillance': 'public', 'surveillance:type': 'camera', 'surveillance:zone': 'area'}",5,0,1,3,0.32,,Chinmaya Mission Hospital Road
surveillance,12.9787166,77.6466811,"{'camera:direction': '331', 'camera:mount': 'pole', 'camera:type': 'panning', 'man_made': 'surveillance', 'surveillance': 'public', 'surveillance:type': 'camera', 'surveillance:zone': 'area'}",5,0,1,1,0.44,,Chinmaya Mission Hospital Road
surveillance,12.9730814,77.6470242,"{'camera:direction': '344', 'camera:mount': 'pole', 'camera:type': 'panning', 'man_made': 'surveillance', 'note': 'Netra', 'source': 'survey', 'surveillance': 'outdoor', 'surveillance:type': 'camera'}",5,0,1,0,0.5,Thippasandra Main Road,Hema Book Store
surveillance,12.9730814,77.6470242,"{'camera:direction': '81', 'camera:mount': 'pole', 'camera:type': 'panning', 'man_made': 'surveillance', 'note': 'Netra', 'source': 'survey', 'surveillance': 'outdoor', 'surveillance:type': 'camera', 'surveillance:zone': 'area'}",5,0,1,0,0.5,Thippasandra Main Road,Hema Book Store
surveillance,12.9786126,77.6458257,"{'camera:direction': '262', 'camera:mount': 'pole', 'camera:type': 'panning', 'man_made': 'surveillance', 'surveillance': 'public', 'surveillance:type': 'camera', 'surveillance:zone': 'area'}",5,0,1,1,0.44,Chinmaya Mission Hospital Road,Bengaluru
surveillance,12.9786126,77.6458257,"{'camera:direction': '213', 'camera:mount': 'pole', 'camera:type': 'panning', 'man_made': 'surveillance', 'surveillance': 'public', 'surveillance:type': 'camera', 'surveillance:zone': 'area'}",5,0,1,4,0.26,Chinmaya Mission Hospital Road,Bengaluru
surveillance,12.9786126,77.6458257,"{'camera:direction': '90', 'camera:mount': 'pole', 'camera:type': 'panning', 'man_made': 'surveillance', 'surveillance': 'public', 'surveillance:type': 'camera', 'surveillance:zone': 'area'}",5,0,1,3,0.32,Chinmaya Mission Hospital Road,Bengaluru
surveillance,12.9784814,77.6462059,"{'camera:mount': 'pole', 'camera:type': 'dome', 'man_made': 'surveillance', 'surveillance': 'public', 'surveillance:type': 'camera', 'surveillance:zone': 'area'}",5,0,1,3,0.32,Chinmaya Mission Hospital Road,Bengaluru
surveillance,12.9854709,77.5814145,"{'camera:mount': 'pole', 'camera:type': 'dome', 'man_made': 'surveillance', 'surveillance': 'public', 'surveillance:type': 'camera', 'surveillance:zone': 'traffic'}",5,0,1,2,0.38,Hare Krishna Road,Bangalore
surveillance,12.9854863,77.5814048,"{'camera:direction': '135', 'camera:mount': 'pole', 'camera:type': 'fixed', 'man_made': 'surveillance', 'surveillance': 'public', 'surveillance:type': 'camera', 'surveillance:zone': 'traffic'}",5,0,1,2,0.38,Hare Krishna Road,Bangalore
surveillance,12.9854889,77.5814195,"{'camera:direction': '45', 'camera:mount': 'pole', 'camera:type': 'fixed', 'man_made': 'surveillance', 'surveillance': 'public', 'surveillance:type': 'camera', 'surveillance:zone': 'traffic'}",5,0,1,1,0.44,,Bengaluru
surveillance,12.9805848,77.5748455,"{'camera:mount': 'pole', 'camera:type': 'panning', 'man_made': 'surveillance', 'surveillance': 'traffic', 'surveillance:type': 'camera', 'surveillance:zone': 'traffic'}",5,0,1,4,0.26,,Bengaluru
surveillance,12.9735557,77.5379276,"{'camera:mount': 'pole', 'camera:type': 'panning', 'man_made': 'surveillance', 'surveillance:type': 'camera'}",5,0,1,4,0.26,,Bengaluru
surveillance,12.9723939,77.537071,"{'camera:mount': 'pole', 'camera:type': 'dome', 'man_made': 'surveillance', 'surveillance': 'public', 'surveillance:type': 'camera'}",5,0,1,3,0.32,17th Cross Road,Bengaluru
surveillance,12.9723905,77.5370829,"{'camera:direction': '26', 'camera:mount': 'pole', 'camera:type': 'fixed', 'man_made': 'surveillance', 'surveillance': 'public', 'surveillance:type': 'camera'}",5,0,1,2,0.38,17th Cross Road,Bengaluru
surveillance,13.0049484,77.5799096,"{'camera:direction': '31', 'camera:mount': 'pole', 'camera:type': 'fixed', 'man_made': 'surveillance', 'surveillance': 'public', 'surveillance:type': 'camera'}",5,0,1,1,0.44,,Bengaluru
surveillance,13.0054877,77.5801995,"{'camera:direction': '211', 'camera:mount': 'pole', 'camera:type': 'fixed', 'man_made': 'surveillance', 'surveillance': 'public', 'surveillance:type': 'camera'}",5,0,1,4,0.26,,Bengaluru
surveillance,13.0393501,77.5892501,"{'camera:mount': 'pole', 'camera:type': 'dome', 'man_made': 'surveillance', 'surveillance': 'public', 'surveillance:type': 'camera'}",5,0,1,0,0.5,,Bengaluru
surveillance,12.9727572,77.620279,"{'camera:mount': 'pole', 'man_made': 'surveillance', 'surveillance:type': 'camera'}",5,0,1,4,0.26,,Bengaluru
surveillance,12.9571625,77.6050202,"{'camera:direction': '186', 'camera:mount': 'pole', 'camera:type': 'fixed', 'man_made': 'surveillance', 'surveillance:type': 'camera'}",5,0,1,1,0.44,Berlie Street,Bengaluru
surveillance,12.9871551,77.6225797,"{'camera:direction': '315', 'camera:mount': 'pole', 'camera:type': 'fixed', 'man_made': 'surveillance', 'surveillance': 'public', 'surveillance:type': 'camera', 'surveillance:zone': 'traffic'}",5,0,1,1,0.44,Kensington Road,Bengaluru
surveillance,12.9264543,77.5817257,"{'camera:direction': '3', 'camera:mount': 'pole', 'camera:type': 'fixed', 'man_made': 'surveillance', 'surveillance': 'public', 'surveillance:type': 'camera'}",5,0,1,1,0.44,33rd Cross Road,Jain Toddlers
surveillance,12.9264344,77.5817298,"{'camera:direction': '176', 'camera:mount': 'pole', 'camera:type': 'fixed', 'man_made': 'surveillance', 'surveillance': 'public', 'surveillance:type': 'camera'}",5,0,1,1,0.44,33rd Cross Road,Jain Toddlers
surveillance,12.9264402,77.5817357,"{'camera:direction': '98', 'camera:mount': 'pole', 'camera:type': 'fixed', 'man_made': 'surveillance', 'surveillance': 'public', 'surveillance:type': 'camera'}",5,0,1,4,0.26,33rd Cross Road,Jain Toddlers
surveillance,12.9263797,77.5835981,"{'camera:mount': 'pole', 'camera:type': 'dome', 'man_made': 'surveillance', 'surveillance': 'public', 'surveillance:type': 'camera'}",5,0,1,2,0.38,,Jayanagar 4th Block
surveillance,12.9975988,77.6207618,"{'camera:direction': '350', 'camera:mount': 'pole', 'camera:type': 'fixed', 'man_made': 'surveillance', 'surveillance': 'public', 'surveillance:type': 'camera', 'surveillance:zone': 'traffic'}",5,0,1,2,0.38,,Bengaluru
surveillance,12.997586,77.6207555,"{'camera:direction': '260', 'camera:mount': 'pole', 'camera:type': 'fixed', 'man_made': 'surveillance', 'surveillance': 'public', 'surveillance:type': 'camera', 'surveillance:zone': 'traffic'}",5,0,1,0,0.5,,Bengaluru
surveillance,12.9975877,77.6207662,"{'camera:direction': '170', 'camera:mount': 'pole', 'camera:type': 'fixed', 'man_made': 'surveillance', 'surveillance': 'public', 'surveillance:type': 'camera', 'surveillance:zone': 'traffic'}",5,0,1,2,0.38,,Bengaluru
surveillance,12.9975962,77.6207709,"{'camera:direction': '90', 'camera:mount': 'pole', 'camera:type': 'fixed', 'man_made': 'surveillance', 'surveillance': 'public', 'surveillance:type': 'camera', 'surveillance:zone': 'traffic'}",5,0,1,3,0.32,,Bengaluru
surveillance,12.9802681,77.5709854,"{'camera:direction': '340', 'camera:mount': 'pole', 'camera:type': 'fixed', 'man_made': 'surveillance', 'surveillance': 'public', 'surveillance:type': 'camera', 'surveillance:zone': 'traffic'}",5,0,1,0,0.5,,Bengaluru
surveillance,12.9891624,77.5740795,"{'camera:direction': '18', 'camera:mount': 'pole', 'camera:type': 'fixed', 'man_made': 'surveillance', 'surveillance': 'public', 'surveillance:type': 'camera'}",5,0,1,2,0.38,Sheshadripuram Main Road,Bengaluru
surveillance,12.9891497,77.5740753,"{'camera:direction': '195', 'camera:mount': 'pole', 'camera:type': 'fixed', 'man_made': 'surveillance', 'surveillance': 'public', 'surveillance:type': 'camera'}",5,0,1,2,0.38,Sheshadripuram Main Road,Bengaluru
surveillance,12.9891542,77.5740841,"{'camera:direction': '108', 'camera:mount': 'pole', 'camera:type': 'fixed', 'man_made': 'surveillance', 'surveillance': 'public', 'surveillance:type': 'camera'}",5,0,1,0,0.5,Sheshadripuram Main Road,Bengaluru
surveillance,12.9877638,77.5742139,"{'camera:mount': 'pole', 'camera:type': 'dome', 'man_made': 'surveillance', 'surveillance': 'public', 'surveillance:type': 'camera'}",5,0,1,1,0.44,Acharya Govind Vittal Bhave Road,Bengaluru
surveillance,12.9794516,77.5818805,"{'camera:mount': 'pole', 'camera:type': 'dome', 'man_made': 'surveillance', 'surveillance': 'public', 'surveillance:type': 'camera'}",5,0,1,0,0.5,,Bengaluru
surveillance,12.9778787,77.5841783,"{'camera:direction': '159', 'camera:mount': 'pole', 'camera:type': 'dome', 'man_made': 'surveillance', 'surveillance': 'public', 'surveillance:type': 'camera'}",5,0,1,2,0.38,,Bengaluru
surveillance,12.9710917,77.6069548,"{'camera:direction': '209', 'camera:mount': 'pole', 'camera:type': 'fixed', 'man_made': 'surveillance', 'surveillance': 'public', 'surveillance:type': 'camera'}",5,0,1,1,0.44,Brigade Road,Bengaluru
surveillance,12.9708149,77.6048905,"{'camera:direction': '164', 'camera:mount': 'pole', 'camera:type': 'fixed', 'man_made': 'surveillance', 'surveillance': 'public', 'surveillance:type': 'camera'}",5,0,1,2,0.38,Field Marshall Cariappa Cycle Path,Bengaluru
surveillance,12.9692962,77.6023173,"{'camera:direction': '239', 'camera:mount': 'pole', 'camera:type': 'fixed', 'man_made': 'surveillance', 'surveillance': 'public', 'surveillance:type': 'camera'}",5,0,1,0,0.5,Field Marshall Cariappa Cycle Path,Beṅgaḷūru
surveillance,12.9679232,77.6003093,"{'camera:mount': 'pole', 'camera:type': 'dome', 'man_made': 'surveillance', 'surveillance': 'public', 'surveillance:type': 'camera'}",5,0,1,4,0.26,,Bengaluru
surveillance,12.9680578,77.6005505,"{'camera:direction': '52', 'camera:mount': 'pole', 'camera:type': 'fixed', 'man_made': 'surveillance', 'surveillance': 'public', 'surveillance:type': 'camera'}",5,0,1,2,0.38,Field Marshall Cariappa Cycle Path,Bengaluru
surveillance,12.972166,77.5941679,"{'camera:mount': 'pole', 'camera:type': 'dome', 'man_made': 'surveillance', 'surveillance': 'public', 'surveillance:type': 'camera'}",5,0,1,3,0.32,,Bengaluru
surveillance,12.9722968,77.5938815,"{'camera:direction': '39', 'camera:mount': 'pole', 'camera:type': 'fixed', 'man_made': 'surveillance', 'surveillance': 'public', 'surveillance:type': 'camera'}",5,0,1,3,0.32,,Bengaluru
surveillance,12.9816227,77.6080435,"{'camera:direction': '80', 'camera:mount': 'pole', 'camera:type': 'fixed', 'man_made': 'surveillance', 'surveillance': 'public', 'surveillance:type': 'camera', 'surveillance:zone': 'traffic'}",5,0,1,4,0.26,Narayan Pillai Street,Bengaluru
surveillance,13.0079186,77.5593748,"{'camera:direction': '40', 'camera:mount': 'pole', 'camera:type': 'fixed', 'man_made': 'surveillance', 'surveillance': 'public', 'surveillance:type': 'camera', 'surveillance:zone': 'traffic'}",5,0,1,4,0.26,1st Cross Road,Bengaluru
surveillance,13.0079179,77.5593641,"{'camera:direction': '330', 'camera:mount': 'pole', 'camera:type': 'fixed', 'man_made': 'surveillance', 'surveillance': 'public', 'surveillance:type': 'camera', 'surveillance:zone': 'traffic'}",5,0,1,0,0.5,1st Cross Road,Bengaluru
surveillance,12.9770892,77.5933474,"{'camera:mount': 'pole', 'camera:type': 'fixed', 'man_made': 'surveillance', 'surveillance': 'public', 'surveillance:type': 'camera', 'surveillance:zone': 'area'}",5,0,1,3,0.32,Doctor B R Ambedkar Veedhi,Bengaluru
surveillance,13.0183548,77.557731,"{'camera:direction': '307', 'camera:mount': 'pole', 'camera:type': 'fixed', 'man_made': 'surveillance', 'surveillance': 'public', 'surveillance:type': 'camera'}",5,0,1,4,0.26,,Bengaluru
surveillance,13.0183566,77.5576881,"{'camera:direction': '29', 'camera:mount': 'pole', 'camera:type': 'fixed', 'man_made': 'surveillance', 'surveillance': 'public', 'surveillance:type': 'camera'}",5,0,1,1,0.44,,Bengaluru
surveillance,13.0183714,77.5577061,"{'camera:mount': 'pole', 'camera:type': 'dome', 'man_made': 'surveillance', 'surveillance': 'public', 'surveillance:type': 'camera'}",5,0,1,2,0.38,,Bengaluru
surveillance,13.0199485,77.5555632,"{'camera:mount': 'pole', 'camera:type': 'dome', 'man_made': 'surveillance', 'surveillance': 'public', 'surveillance:type': 'camera'}",5,0,1,2,0.38,,Bengaluru
surveillance,13.0199393,77.5555537,"{'camera:direction': '251', 'camera:mount': 'pole', 'camera:type': 'fixed', 'man_made': 'surveillance', 'surveillance': 'public', 'surveillance:type': 'camera'}",5,0,1,4,0.26,,Bengaluru
surveillance,13.019945,77.5555816,"{'camera:direction': '111', 'camera:mount': 'pole', 'camera:type': 'fixed', 'man_made': 'surveillance', 'surveillance': 'public', 'surveillance:type': 'camera'}",5,0,1,1,0.44,,Bengaluru
surveillance,13.0071249,77.5544529,"{'camera:mount': 'pole', 'camera:type': 'dome', 'man_made': 'surveillance', 'surveillance': 'public', 'surveillance:type': 'camera'}",5,0,1,0,0.5,,
surveillance,12.9951661,77.5527894,"{'camera:mount': 'pole', 'camera:type': 'dome', 'man_made': 'surveillance', 'surveillance': 'public', 'surveillance:type': 'camera'}",5,0,1,2,0.38,,Bengaluru
surveillance,12.9931129,77.5526008,"{'camera:direction': '4', 'camera:mount': 'pole', 'camera:type': 'fixed', 'man_made': 'surveillance', 'surveillance': 'public', 'surveillance:type': 'camera'}",5,0,1,1,0.44,17th Main (S. Nijalingappa Road),Bengaluru
surveillance,12.9930874,77.5526096,"{'camera:direction': '92', 'camera:mount': 'pole', 'camera:type': 'fixed', 'man_made': 'surveillance', 'surveillance': 'public', 'surveillance:type': 'camera'}",5,0,1,0,0.5,,Bengaluru
surveillance,12.9930676,77.5525968,"{'camera:direction': '171', 'camera:mount': 'pole', 'camera:type': 'fixed', 'man_made': 'surveillance', 'surveillance': 'public', 'surveillance:type': 'camera'}",5,0,1,0,0.5,,Bengaluru
surveillance,12.9930262,77.5545866,"{'camera:direction': '352', 'camera:mount': 'pole', 'camera:type': 'fixed', 'man_made': 'surveillance', 'surveillance': 'public', 'surveillance:type': 'camera'}",5,0,1,1,0.44,12th Main Road,Bengaluru
surveillance,12.9930097,77.5545866,"{'camera:direction': '187', 'camera:mount': 'pole', 'camera:type': 'fixed', 'man_made': 'surveillance', 'surveillance': 'public', 'surveillance:type': 'camera'}",5,0,1,2,0.38,12th Main Road,Bengaluru
surveillance,12.9930183,77.5545742,"{'camera:mount': 'pole', 'camera:type': 'dome', 'man_made': 'surveillance', 'surveillance': 'public', 'surveillance:type': 'camera'}",5,0,1,2,0.38,12th Main Road,Bengaluru
surveillance,12.9946244,77.5546466,"{'camera:direction': '44', 'camera:mount': 'pole', 'camera:type': 'dome', 'man_made': 'surveillance', 'surveillance': 'public', 'surveillance:type': 'camera'}",5,0,1,4,0.26,12th Main Road,Bengaluru
surveillance,12.9946221,77.5546334,"{'camera:direction': '301', 'camera:mount': 'pole', 'camera:type': 'dome', 'man_made': 'surveillance', 'surveillance': 'public', 'surveillance:type': 'camera'}",5,0,1,3,0.32,12th Main Road,Bengaluru
surveillance,12.9946011,77.5546357,"{'camera:direction': '193', 'camera:mount': 'pole', 'camera:type': 'dome', 'man_made': 'surveillance', 'surveillance': 'public', 'surveillance:type': 'camera'}",5,0,1,0,0.5,12th Main Road,Bengaluru
surveillance,12.9948814,77.5552428,"{'camera:mount': 'pole', 'camera:type': 'dome', 'man_made': 'surveillance', 'surveillance': 'public', 'surveillance:type': 'camera'}",5,0,1,3,0.32,Dr. Rajkumar Road,Bengaluru
surveillance,12.9948132,77.555077,"{'camera:mount': 'pole', 'camera:type': 'dome', 'man_made': 'surveillance', 'surveillance': 'public', 'surveillance:type': 'camera'}",5,0,1,0,0.5,,Bengaluru
surveillance,12.9948129,77.5550636,"{'camera:direction': '250', 'camera:mount': 'pole', 'camera:type': 'fixed', 'man_made': 'surveillance', 'surveillance': 'public', 'surveillance:type': 'camera'}",5,0,1,3,0.32,,Bengaluru
surveillance,12.9982326,77.5531152,"{'camera:direction': '341', 'camera:mount': 'pole', 'camera:type': 'fixed', 'man_made': 'surveillance', 'surveillance': 'public', 'surveillance:type': 'camera'}",5,0,1,0,0.5,,Bengaluru
surveillance,12.9982233,77.5531195,"{'camera:direction': '153', 'camera:mount': 'pole', 'camera:type': 'fixed', 'man_made': 'surveillance', 'surveillance': 'public', 'surveillance:type': 'camera'}",5,0,1,3,0.32,,Bengaluru
surveillance,13.0198071,77.5556395,"{'camera:direction': '82', 'camera:mount': 'pole', 'camera:type': 'fixed', 'man_made': 'surveillance', 'surveillance': 'public', 'surveillance:type': 'camera'}",5,0,1,2,0.38,Rahman Khan Road,Bengaluru
surveillance,13.0184332,77.5572887,"{'camera:direction': '46', 'camera:mount': 'pole', 'camera:type': 'fixed', 'man_made': 'surveillance', 'surveillance': 'public', 'surveillance:type': 'camera'}",5,0,1,4,0.26,,Bengaluru
surveillance,13.0273252,77.5583077,"{'camera:mount': 'pole', 'camera:type': 'dome', 'man_made': 'surveillance', 'surveillance': 'public', 'surveillance:type': 'camera'}",5,0,1,4,0.26,B. Narayana Swamappa Road,Bengaluru
surveillance,13.0273461,77.5583198,"{'camera:direction': '26', 'camera:mount': 'pole', 'camera:type': 'fixed', 'man_made': 'surveillance', 'surveillance': 'public', 'surveillance:type': 'camera'}",5,0,1,0,0.5,B. Narayana Swamappa Road,Bengaluru
surveillance,13.0273022,77.5583044,"{'camera:direction': '200', 'camera:mount': 'pole', 'camera:type': 'fixed', 'man_made': 'surveillance', 'surveillance': 'public', 'surveillance:type': 'camera'}",5,0,1,4,0.26,B. Narayana Swamappa Road,Bengaluru
surveillance,13.0344462,77.5575961,"{'camera:direction': '319', 'camera:mount': 'pole', 'camera:type': 'fixed', 'man_made': 'surveillance', 'surveillance': 'public', 'surveillance:type': 'camera'}",5,0,1,2,0.38,3rd Main Road,Bengaluru
surveillance,13.0344338,77.5576009,"{'camera:direction': '176', 'camera:mount': 'pole', 'camera:type': 'fixed', 'man_made': 'surveillance', 'surveillance': 'public', 'surveillance:type': 'camera'}",5,0,1,3,0.32,3rd Main Road,Bengaluru
surveillance,13.0439949,77.5571507,"{'camera:mount': 'pole', 'camera:type': 'dome', 'man_made': 'surveillance', 'surveillance': 'public', 'surveillance:type': 'camera'}",5,0,1,4,0.26,,Bengaluru
surveillance,13.0440483,77.5568079,"{'camera:mount': 'pole', 'camera:type': 'dome', 'man_made': 'surveillance', 'surveillance': 'public', 'surveillance:type': 'camera'}",5,0,1,2,0.38,,Bengaluru
surveillance,13.0454929,77.5564166,"{'camera:direction': '328', 'camera:mount': 'pole', 'camera:type': 'dome', 'man_made': 'surveillance', 'surveillance': 'public', 'surveillance:type': 'camera'}",5,0,1,2,0.38,,Bengaluru
surveillance,13.0348103,77.5572968,"{'camera:mount': 'pole', 'camera:type': 'dome', 'man_made': 'surveillance', 'surveillance': 'public', 'surveillance:type': 'camera'}",5,0,1,3,0.32,MS Ramaiah Road,Bengaluru
surveillance,13.0347974,77.5572901,"{'camera:direction': '219', 'camera:mount': 'pole', 'camera:type': 'fixed', 'man_made': 'surveillance', 'surveillance': 'public', 'surveillance:type': 'camera'}",5,0,1,1,0.44,MS Ramaiah Road,Bengaluru
surveillance,13.0348199,77.5572997,"{'camera:direction': '8', 'camera:mount': 'pole', 'camera:type': 'fixed', 'man_made': 'surveillance', 'surveillance': 'public', 'surveillance:type': 'camera'}",5,0,1,4,0.26,MS Ramaiah Road,Bengaluru
surveillance,13.0348079,77.5573074,"{'camera:direction': '112', 'camera:mount': 'pole', 'camera:type': 'fixed', 'man_made': 'surveillance', 'surveillance': 'public', 'surveillance:type': 'camera'}",5,0,1,4,0.26,MS Ramaiah Road,Bengaluru
surveillance,13.034745,77.5574738,"{'camera:mount': 'pole', 'camera:type': 'dome', 'man_made': 'surveillance', 'surveillance': 'public', 'surveillance:type': 'camera'}",5,0,1,0,0.5,MS Ramaiah Road,Bengaluru
surveillance,13.024766,77.5573683,"{'camera:direction': '26', 'camera:mount': 'pole', 'camera:type': 'fixed', 'man_made': 'surveillance', 'surveillance': 'public', 'surveillance:type': 'camera'}",5,0,1,4,0.26,B. Narayana Swamappa Road,Bengaluru
surveillance,13.024741,77.5573639,"{'camera:direction': '181', 'camera:mount': 'pole', 'camera:type': 'fixed', 'man_made': 'surveillance', 'surveillance': 'public', 'surveillance:type': 'camera'}",5,0,1,3,0.32,B. Narayana Swamappa Road,Bengaluru
surveillance,13.0210609,77.5561296,"{'camera:direction': '8', 'camera:mount': 'pole', 'camera:type': 'fixed', 'man_made': 'surveillance', 'surveillance': 'public', 'surveillance:type': 'camera'}",5,0,1,2,0.38,,Bengaluru
surveillance,13.0210449,77.556128,"{'camera:direction': '206', 'camera:mount': 'pole', 'camera:type': 'fixed', 'man_made': 'surveillance', 'surveillance': 'public', 'surveillance:type': 'camera'}",5,0,1,0,0.5,,Bengaluru
surveillance,13.0198206,77.5555787,"{'camera:direction': '280', 'camera:mount': 'pole', 'camera:type': 'fixed', 'man_made': 'surveillance', 'surveillance': 'public', 'surveillance:type': 'camera'}",5,0,1,1,0.44,Rahman Khan Road,Bengaluru
surveillance,13.0198302,77.5556051,"{'camera:direction': '1', 'camera:mount': 'pole', 'camera:type': 'fixed', 'man_made': 'surveillance', 'surveillance': 'public', 'surveillance:type': 'camera'}",5,0,1,2,0.38,Rahman Khan Road,Bengaluru
surveillance,13.0454752,77.5564227,"{'camera:direction': '163', 'camera:mount': 'pole', 'camera:type': 'fixed', 'man_made': 'surveillance', 'surveillance': 'public', 'surveillance:type': 'camera'}",5,0,1,0,0.5,,Bengaluru
surveillance,12.9827778,77.5972135,"{'camera:mount': 'pole', 'camera:type': 'fixed', 'man_made': 'surveillance', 'surveillance': 'public', 'surveillance:type': 'camera'}",5,0,1,4,0.26,,Bengaluru
surveillance,12.9833177,77.5957108,"{'camera:mount': 'pole', 'camera:type': 'fixed', 'man_made': 'surveillance', 'surveillance': 'public', 'surveillance:type': 'camera'}",5,0,1,4,0.26,,Bengaluru
surveillance,12.988687,77.5758374,"{'camera:direction': '279', 'camera:mount': 'pole', 'camera:type': 'fixed', 'man_made': 'surveillance', 'surveillance': 'outdoor', 'surveillance:type': 'camera'}",5,0,1,2,0.38,Shri J Lingaiah Road,Bengaluru
surveillance,12.9886805,77.5758633,"{'camera:direction': '108', 'camera:mount': 'pole', 'camera:type': 'fixed', 'man_made': 'surveillance', 'surveillance': 'outdoor', 'surveillance:type': 'camera'}",5,0,1,2,0.38,Shri J Lingaiah Road,Bengaluru
surveillance,12.9885142,77.5764909,"{'camera:direction': '281', 'camera:mount': 'pole', 'camera:type': 'fixed', 'man_made': 'surveillance', 'surveillance': 'outdoor', 'surveillance:type': 'camera'}",5,0,1,3,0.32,,Bengaluru
surveillance,12.9883326,77.5988684,"{'camera:mount': 'pole', 'camera:type': 'dome', 'man_made': 'surveillance', 'surveillance': 'public', 'surveillance:type': 'camera'}",5,0,1,2,0.38,,Bengaluru
surveillance,12.9113161,77.625893,"{'camera:direction': '142', 'camera:mount': 'pole', 'camera:type': 'fixed', 'man_made': 'surveillance', 'surveillance': 'public', 'surveillance:type': 'camera'}",5,0,1,1,0.44,Service Road,Royal Enfield
surveillance,12.9113226,77.6258906,"{'camera:direction': '343', 'camera:mount': 'pole', 'camera:type': 'fixed', 'man_made': 'surveillance', 'surveillance': 'public', 'surveillance:type': 'camera'}",5,0,1,4,0.26,Service Road,Royal Enfield
surveillance,12.9113232,77.6258961,"{'camera:mount': 'pole', 'camera:type': 'dome', 'man_made': 'surveillance', 'surveillance': 'public', 'surveillance:type': 'camera'}",5,0,1,2,0.38,Service Road,Royal Enfield
surveillance,12.9850028,77.5974265,"{'camera:direction': '22', 'camera:mount': 'pole', 'camera:type': 'fixed', 'man_made': 'surveillance', 'surveillance': 'public', 'surveillance:type': 'camera', 'surveillance:zone': 'traffic'}",5,0,1,0,0.5,,Bengaluru
surveillance,12.9862416,77.6167593,"{'camera:direction': '100', 'camera:mount': 'pole', 'camera:type': 'fixed', 'man_made': 'surveillance', 'surveillance': 'public', 'surveillance:type': 'camera', 'surveillance:zone': 'traffic'}",5,0,1,2,0.38,St. John's Road,Bengaluru
surveillance,12.9862501,77.6167365,"{'camera:direction': '10', 'camera:mount': 'pole', 'camera:type': 'fixed', 'man_made': 'surveillance', 'surveillance': 'public', 'surveillance:type': 'camera', 'surveillance:zone': 'traffic'}",5,0,1,2,0.38,St. John's Road,Bengaluru
surveillance,12.9862658,77.6167097,"{'camera:direction': '280', 'camera:mount': 'pole', 'camera:type': 'fixed', 'man_made': 'surveillance', 'surveillance': 'public', 'surveillance:type': 'camera', 'surveillance:zone': 'traffic'}",5,0,1,1,0.44,St. John's Road,Bengaluru
surveillance,13.0056255,77.5682402,"{'camera:direction': '135', 'camera:mount': 'pole', 'camera:type': 'fixed', 'man_made': 'surveillance', 'surveillance': 'public', 'surveillance:type': 'camera', 'surveillance:zone': 'traffic'}",5,0,1,4,0.26,4th Main Road,Bengaluru
surveillance,13.0056257,77.5682365,"{'camera:direction': '225', 'camera:mount': 'pole', 'camera:type': 'fixed', 'man_made': 'surveillance', 'surveillance': 'public', 'surveillance:type': 'camera', 'surveillance:zone': 'traffic'}",5,0,1,3,0.32,4th Main Road,Bengaluru
surveillance,13.0056312,77.5682368,"{'camera:direction': '315', 'camera:mount': 'pole', 'camera:type': 'fixed', 'man_made': 'surveillance', 'surveillance': 'public', 'surveillance:type': 'camera', 'surveillance:zone': 'traffic'}",5,0,1,1,0.44,4th Main Road,Bengaluru
surveillance,13.0089978,77.563121,"{'camera:mount': 'pole', 'camera:type': 'fixed', 'man_made': 'surveillance', 'surveillance': 'public', 'surveillance:type': 'camera'}",5,0,1,3,0.32,18th Cross Road,Bengaluru
surveillance,13.0227954,77.6373113,"{'camera:direction': '0', 'camera:mount': 'pole', 'camera:type': 'fixed', 'man_made': 'surveillance', 'surveillance': 'public', 'surveillance:type': 'camera'}",5,0,1,4,0.26,,Bengaluru
surveillance,13.0227832,77.6373183,"{'camera:direction': '119', 'camera:mount': 'pole', 'camera:type': 'fixed', 'man_made': 'surveillance', 'surveillance': 'public', 'surveillance:type': 'camera'}",5,0,1,3,0.32,,Bengaluru
surveillance,13.0247692,77.6346546,"{'camera:direction': '57', 'camera:mount': 'pole', 'camera:type': 'fixed', 'man_made': 'surveillance', 'surveillance': 'public', 'surveillance:type': 'camera'}",5,0,1,1,0.44,,Bengaluru
surveillance,13.0247726,77.6346437,"{'camera:direction': '305', 'camera:mount': 'pole', 'camera:type': 'fixed', 'man_made': 'surveillance', 'surveillance': 'public', 'surveillance:type': 'camera'}",5,0,1,1,0.44,,Bengaluru
surveillance,13.0254125,77.634847,"{'camera:direction': '108', 'camera:mount': 'pole', 'camera:type': 'fixed', 'man_made': 'surveillance', 'surveillance': 'public', 'surveillance:type': 'camera'}",5,0,1,4,0.26,,Bengaluru
surveillance,13.0254055,77.6348371,"{'camera:direction': '192', 'camera:mount': 'pole', 'camera:type': 'fixed', 'man_made': 'surveillance', 'surveillance': 'public', 'surveillance:type': 'camera'}",5,0,1,1,0.44,,Bengaluru
surveillance,13.0256303,77.6349704,"{'camera:direction': '278', 'camera:mount': 'pole', 'camera:type': 'fixed', 'man_made': 'surveillance', 'surveillance': 'public', 'surveillance:type': 'camera'}",5,0,1,1,0.44,3rd Main Road,Bengaluru
surveillance,13.0256259,77.6349786,"{'camera:direction': '130', 'camera:mount': 'pole', 'camera:type': 'fixed', 'man_made': 'surveillance', 'surveillance': 'public', 'surveillance:type': 'camera'}",5,0,1,1,0.44,3rd Main Road,Bengaluru
surveillance,13.0260893,77.6350601,"{'camera:direction': '267', 'camera:mount': 'pole', 'camera:type': 'fixed', 'man_made': 'surveillance', 'surveillance': 'public', 'surveillance:type': 'camera'}",5,0,1,3,0.32,,Bengaluru
surveillance,13.0260794,77.6350614,"{'camera:direction': '194', 'camera:mount': 'pole', 'camera:type': 'fixed', 'man_made': 'surveillance', 'surveillance': 'public', 'surveillance:type': 'camera'}",5,0,1,3,0.32,,Bengaluru
surveillance,13.0260843,77.6350722,"{'camera:direction': '131', 'camera:mount': 'pole', 'camera:type': 'fixed', 'man_made': 'surveillance', 'surveillance': 'public', 'surveillance:type': 'camera'}",5,0,1,0,0.5,,Bengaluru
surveillance,13.0247595,77.6346496,"{'camera:direction': '123', 'camera:mount': 'pole', 'camera:type': 'fixed', 'man_made': 'surveillance', 'surveillance': 'public', 'surveillance:type': 'camera'}",5,0,1,4,0.26,,Bengaluru
surveillance,13.0261469,77.6355503,"{'camera:direction': '346', 'camera:mount': 'wall', 'camera:type': 'fixed', 'man_made': 'surveillance', 'surveillance': 'public', 'surveillance:type': 'camera'}",5,0,1,2,0.38,5th A Cross,Bengaluru
surveillance,13.0261468,77.6355441,"{'camera:direction': '289', 'camera:mount': 'wall', 'camera:type': 'fixed', 'man_made': 'surveillance', 'surveillance': 'public', 'surveillance:type': 'camera'}",5,0,1,4,0.26,5th A Cross,Bengaluru
surveillance,13.0259385,77.6353158,"{'camera:direction': '295', 'camera:mount': 'wall', 'camera:type': 'fixed', 'man_made': 'surveillance', 'surveillance': 'public', 'surveillance:type': 'camera'}",5,0,1,1,0.44,5th A Cross,Bengaluru
surveillance,13.0259344,77.6353216,"{'camera:direction': '13', 'camera:mount': 'wall', 'camera:type': 'fixed', 'man_made': 'surveillance', 'surveillance': 'public', 'surveillance:type': 'camera'}",5,0,1,1,0.44,5th A Cross,Bengaluru
surveillance,13.0259339,77.6353288,"{'camera:direction': '98', 'camera:mount': 'wall', 'camera:type': 'fixed', 'man_made': 'surveillance', 'surveillance': 'public', 'surveillance:type': 'camera'}",5,0,1,1,0.44,5th A Cross,Bengaluru
surveillance,13.026068,77.6369255,"{'camera:direction': '286', 'camera:mount': 'pole', 'camera:type': 'fixed', 'man_made': 'surveillance', 'surveillance': 'public', 'surveillance:type': 'camera'}",5,0,1,1,0.44,,Bengaluru
surveillance,13.0260304,77.6369446,"{'camera:direction': '173', 'camera:mount': 'pole', 'camera:type': 'fixed', 'man_made': 'surveillance', 'surveillance': 'public', 'surveillance:type': 'camera'}",5,0,1,2,0.38,80 Feet Road,Bengaluru
surveillance,13.0254239,77.6401951,"{'camera:direction': '294', 'camera:mount': 'pole', 'camera:type': 'fixed', 'man_made': 'surveillance', 'surveillance': 'public', 'surveillance:type': 'camera'}",5,0,1,4,0.26,Service Road,Premier
surveillance,13.0254129,77.6402171,"{'camera:direction': '114', 'camera:mount': 'pole', 'camera:type': 'fixed', 'man_made': 'surveillance', 'surveillance': 'public', 'surveillance:type': 'camera'}",5,0,1,1,0.44,Service Road,Premier
surveillance,13.0254231,77.6402093,"{'camera:mount': 'pole', 'camera:type': 'dome', 'man_made': 'surveillance', 'surveillance': 'public', 'surveillance:type': 'camera'}",5,0,1,2,0.38,Service Road,Premier
surveillance,13.0246947,77.6416291,"{'camera:direction': '296', 'camera:mount': 'pole', 'camera:type': 'dome', 'man_made': 'surveillance', 'surveillance': 'public', 'surveillance:type': 'camera'}",5,0,1,0,0.5,Service Road,LG
surveillance,13.0246802,77.641644,"{'camera:direction': '118', 'camera:mount': 'pole', 'camera:type': 'dome', 'man_made': 'surveillance', 'surveillance': 'public', 'surveillance:type': 'camera'}",5,0,1,1,0.44,Service Road,LG
surveillance,13.0264726,77.633775,{'man_made': 'surveillance'},5,0,1,3,0.32,2nd Main Road,Bengaluru
surveillance,13.0258124,77.6334399,{'man_made': 'surveillance'},5,0,1,4,0.26,2nd Main Road,Bengaluru
surveillance,13.0261737,77.6336067,{'man_made': 'surveillance'},5,0,1,0,0.5,2nd Main Road,Bengaluru
surveillance,13.0256294,77.6333517,{'man_made': 'surveillance'},5,0,1,4,0.26,,Bengaluru
surveillance,13.0253346,77.6332099,{'man_made': 'surveillance'},5,0,1,2,0.38,2nd Main Road,Bengaluru
surveillance,13.0250032,77.6330686,{'man_made': 'surveillance'},5,0,1,3,0.32,2nd Main Road,Bengaluru
surveillance,13.0188747,77.5578148,"{'camera:mount': 'pole', 'camera:type': 'dome', 'man_made': 'surveillance', 'surveillance': 'public', 'surveillance:type': 'camera'}",5,0,1,4,0.26,,Bengaluru
surveillance,13.0183529,77.55901,"{'camera:mount': 'pole', 'camera:type': 'dome', 'man_made': 'surveillance', 'surveillance': 'public', 'surveillance:type': 'camera'}",5,0,1,0,0.5,Tumkur Road,Bengaluru
surveillance,13.0057078,77.566657,"{'camera:direction': '98', 'camera:mount': 'pole', 'camera:type': 'fixed', 'man_made': 'surveillance', 'surveillance': 'public', 'surveillance:type': 'camera'}",5,0,1,4,0.26,6th Main Road,Bengaluru
surveillance,13.0056971,77.5666539,"{'camera:direction': '167', 'camera:mount': 'pole', 'camera:type': 'fixed', 'man_made': 'surveillance', 'surveillance': 'public', 'surveillance:type': 'camera'}",5,0,1,0,0.5,6th Main Road,Bengaluru
surveillance,13.0025981,77.5668226,"{'camera:direction': '343', 'camera:mount': 'pole', 'camera:type': 'fixed', 'man_made': 'surveillance', 'surveillance': 'public', 'surveillance:type': 'camera'}",5,0,1,2,0.38,6th Main Road,Bengaluru
surveillance,13.002574,77.5668221,"{'camera:direction': '196', 'camera:mount': 'pole', 'camera:type': 'fixed', 'man_made': 'surveillance', 'surveillance': 'public', 'surveillance:type': 'camera'}",5,0,1,0,0.5,6th Main Road,Bengaluru
surveillance,13.001919,77.566835,"{'camera:direction': '319', 'camera:mount': 'pole', 'camera:type': 'fixed', 'man_made': 'surveillance', 'surveillance': 'public', 'surveillance:type': 'camera'}",5,0,1,2,0.38,11th Cross Road,Bengaluru
surveillance,13.0019104,77.5668344,"{'camera:direction': '234', 'camera:mount': 'pole', 'camera:type': 'fixed', 'man_made': 'surveillance', 'surveillance': 'public', 'surveillance:type': 'camera'}",5,0,1,4,0.26,11th Cross Road,Bengaluru
surveillance,13.0019055,77.5668435,"{'camera:direction': '129', 'camera:mount': 'pole', 'camera:type': 'fixed', 'man_made': 'surveillance', 'surveillance': 'public', 'surveillance:type': 'camera'}",5,0,1,0,0.5,11th Cross Road,Bengaluru
surveillance,13.0057359,77.5649683,"{'camera:direction': '271', 'camera:mount': 'pole', 'camera:type': 'fixed', 'man_made': 'surveillance', 'surveillance': 'public', 'surveillance:type': 'camera'}",5,0,1,1,0.44,8th Main Road,Bengaluru
surveillance,13.0057459,77.5638159,"{'camera:direction': '359', 'camera:mount': 'pole', 'camera:type': 'fixed', 'man_made': 'surveillance', 'surveillance': 'public', 'surveillance:type': 'camera'}",5,0,1,4,0.26,10th Main Road,Bengaluru
surveillance,13.0057287,77.563815,"{'camera:direction': '179', 'camera:mount': 'pole', 'camera:type': 'fixed', 'man_made': 'surveillance', 'surveillance': 'public', 'surveillance:type': 'camera'}",5,0,1,0,0.5,10th Main Road,Bengaluru
surveillance,13.005733,77.5638069,"{'camera:direction': '271', 'camera:mount': 'pole', 'camera:type': 'fixed', 'man_made': 'surveillance', 'surveillance': 'public', 'surveillance:type': 'camera'}",5,0,1,4,0.26,10th Main Road,Bengaluru
surveillance,12.9404082,77.5840971,"{'camera:direction': '194', 'camera:mount': 'pole', 'camera:type': 'fixed', 'man_made': 'surveillance', 'surveillance': 'public', 'surveillance:type': 'camera'}",5,0,1,3,0.32,9th Main Road,Bengaluru
surveillance,12.9404294,77.584099,"{'camera:direction': '350', 'camera:mount': 'pole', 'camera:type': 'fixed', 'man_made': 'surveillance', 'surveillance': 'public', 'surveillance:type': 'camera'}",5,0,1,0,0.5,9th Main Road,Bengaluru
surveillance,12.9394954,77.5843515,"{'camera:mount': 'pole', 'camera:type': 'dome', 'man_made': 'surveillance', 'surveillance': 'public', 'surveillance:type': 'camera'}",5,0,1,3,0.32,,Bengaluru
surveillance,12.9393688,77.5845616,"{'camera:mount': 'pole', 'camera:type': 'dome', 'man_made': 'surveillance', 'surveillance': 'public', 'surveillance:type': 'camera'}",5,0,1,3,0.32,,Bengaluru
surveillance,13.008685,77.5691105,"{'camera:type': 'fixed', 'man_made': 'surveillance', 'surveillance:type': 'camera'}",5,0,1,4,0.26,,Bengaluru
surveillance,12.9857718,77.5932833,"{'camera:direction': '280', 'camera:mount': 'pole', 'camera:type': 'fixed', 'man_made': 'surveillance', 'surveillance': 'public', 'surveillance:type': 'camera', 'surveillance:zone': 'traffic'}",5,0,1,0,0.5,,Bengaluru
surveillance,12.9857636,77.5932907,"{'camera:direction': '190', 'camera:mount': 'pole', 'camera:type': 'fixed', 'man_made': 'surveillance', 'surveillance': 'public', 'surveillance:type': 'camera', 'surveillance:zone': 'traffic'}",5,0,1,0,0.5,,Bengaluru
surveillance,12.9857646,77.5933024,"{'camera:direction': '100', 'camera:mount': 'pole', 'camera:type': 'fixed', 'man_made': 'surveillance', 'surveillance': 'public', 'surveillance:type': 'camera', 'surveillance:zone': 'traffic'}",5,0,1,4,0.26,,Bengaluru
surveillance,13.0236388,77.6361548,"{'camera:direction': '275', 'camera:mount': 'pole', 'camera:type': 'panning', 'man_made': 'surveillance', 'surveillance:type': 'camera', 'surveillance:zone': 'area'}",5,0,1,1,0.44,4th A Cross Road,Bengaluru
surveillance,13.0236388,77.6361548,"{'camera:direction': '358', 'camera:mount': 'pole', 'camera:type': 'panning', 'man_made': 'surveillance', 'surveillance:type': 'camera', 'surveillance:zone': 'area'}",5,0,1,2,0.38,4th A Cross Road,Bengaluru
surveillance,13.0236388,77.6361548,"{'camera:direction': '108', 'camera:mount': 'pole', 'camera:type': 'panning', 'man_made': 'surveillance', 'surveillance': 'public', 'surveillance:type': 'camera', 'surveillance:zone': 'area'}",5,0,1,2,0.38,4th A Cross Road,Bengaluru
surveillance,13.0236388,77.6361548,"{'camera:direction': '179', 'camera:mount': 'pole', 'camera:type': 'panning', 'man_made': 'surveillance', 'surveillance': 'public', 'surveillance:type': 'camera', 'surveillance:zone': 'area'}",5,0,1,4,0.26,4th A Cross Road,Bengaluru
surveillance,13.0283511,77.571203,"{'camera:direction': '270', 'camera:mount': 'pole', 'camera:type': 'fixed', 'man_made': 'surveillance', 'surveillance': 'public', 'surveillance:type': 'camera', 'surveillance:zone': 'traffic'}",5,0,1,2,0.38,,Bengaluru
surveillance,13.0283371,77.5712147,"{'camera:direction': '170', 'camera:mount': 'pole', 'camera:type': 'fixed', 'man_made': 'surveillance', 'surveillance': 'public', 'surveillance:type': 'camera', 'surveillance:zone': 'traffic'}",5,0,1,0,0.5,,Bengaluru
surveillance,13.0283521,77.5712124,"{'camera:direction': '90', 'camera:mount': 'pole', 'camera:type': 'fixed', 'man_made': 'surveillance', 'surveillance': 'public', 'surveillance:type': 'camera', 'surveillance:zone': 'traffic'}",5,0,1,2,0.38,,Bengaluru
surveillance,13.0278992,77.5715532,"{'camera:direction': '350', 'camera:mount': 'pole', 'camera:type': 'fixed', 'man_made': 'surveillance', 'surveillance': 'public', 'surveillance:type': 'camera', 'surveillance:zone': 'traffic'}",5,0,1,0,0.5,New BEL Road,Bengaluru
surveillance,13.0278933,77.5715557,"{'camera:direction': '170', 'camera:mount': 'pole', 'camera:type': 'fixed', 'man_made': 'surveillance', 'surveillance': 'public', 'surveillance:type': 'camera', 'surveillance:zone': 'traffic'}",5,0,1,0,0.5,New BEL Road,Bengaluru
surveillance,13.0278987,77.5715564,"{'camera:mount': 'pole', 'camera:type': 'dome', 'man_made': 'surveillance', 'surveillance': 'public', 'surveillance:type': 'camera', 'surveillance:zone': 'traffic'}",5,0,1,2,0.38,New BEL Road,Bengaluru
surveillance,12.9194614,77.6143628,"{'camera:mount': 'pole', 'camera:type': 'panning', 'man_made': 'surveillance', 'surveillance': 'public', 'surveillance:type': 'camera'}",5,0,1,0,0.5,8th Cross Road,Sanju's Kitchen
surveillance,12.919876,77.6101766,"{'camera:mount': 'pole', 'camera:type': 'dome', 'man_made': 'surveillance', 'surveillance': 'public', 'surveillance:type': 'camera'}",5,0,1,4,0.26,16th Main Road,HOPCOMS
surveillance,12.9197084,77.6130387,"{'camera:direction': '192', 'camera:mount': 'pole', 'camera:type': 'fixed', 'man_made': 'surveillance', 'surveillance': 'public', 'surveillance:type': 'camera'}",5,0,1,2,0.38,,8th Cross Road
surveillance,12.9196962,77.6130305,"{'camera:direction': '268', 'camera:mount': 'pole', 'camera:type': 'fixed', 'man_made': 'surveillance', 'surveillance': 'public', 'surveillance:type': 'camera'}",5,0,1,0,0.5,,8th Cross Road
surveillance,12.9196919,77.6130484,"{'camera:direction': '108', 'camera:mount': 'pole', 'camera:type': 'fixed', 'man_made': 'surveillance', 'surveillance': 'public', 'surveillance:type': 'camera'}",5,0,1,1,0.44,8th Cross Road,Gangothri Circle
surveillance,12.9494622,77.5800919,"{'camera:direction': '358', 'camera:mount': 'pole', 'camera:type': 'fixed', 'man_made': 'surveillance', 'surveillance': 'public', 'surveillance:type': 'camera'}",5,0,1,3,0.32,Pandit Pattabhiramayya Road,Bengaluru
surveillance,12.9688878,77.5750685,"{'camera:direction': '27', 'camera:mount': 'pole', 'camera:type': 'fixed', 'man_made': 'surveillance', 'surveillance': 'public', 'surveillance:type': 'camera'}",5,0,1,0,0.5,B.V.K. Iyengar Road,Bengaluru
surveillance,12.9688879,77.5750694,"{'camera:direction': '208', 'camera:mount': 'pole', 'camera:type': 'fixed', 'man_made': 'surveillance', 'surveillance': 'public', 'surveillance:type': 'camera'}",5,0,1,3,0.32,B.V.K. Iyengar Road,Bengaluru
surveillance,12.9025213,77.5063702,"{'camera:mount': 'pole', 'camera:type': 'fixed', 'man_made': 'surveillance', 'surveillance': 'cctv', 'surveillance:type': 'camera', 'surveillance:zone': 'entrance'}",5,0,1,2,0.38,Dr. Vishnuvardhan Road,JSSATEB Cricket Ground
surveillance,12.9782942,77.6409601,"{'camera:direction': '225', 'camera:mount': 'pole', 'camera:type': 'fixed', 'man_made': 'surveillance', 'surveillance': 'public', 'surveillance:type': 'camera', 'surveillance:zone': 'traffic'}",5,0,1,3,0.32,,Bengaluru
surveillance,12.9783002,77.640961,"{'camera:direction': '315', 'camera:mount': 'pole', 'camera:type': 'fixed', 'man_made': 'surveillance', 'surveillance': 'public', 'surveillance:type': 'camera', 'surveillance:zone': 'traffic'}",5,0,1,4,0.26,,Bengaluru
surveillance,12.9782995,77.6409674,"{'camera:direction': '45', 'camera:mount': 'pole', 'camera:type': 'fixed', 'man_made': 'surveillance', 'surveillance': 'public', 'surveillance:type': 'camera', 'surveillance:zone': 'traffic'}",5,0,1,4,0.26,,Bengaluru
surveillance,12.9264133,77.5762248,"{'camera:direction': '203', 'camera:mount': 'pole', 'camera:type': 'fixed', 'man_made': 'surveillance', 'surveillance': 'public', 'surveillance:type': 'camera'}",5,0,1,4,0.26,1st Main Road,Holy Saint High School
surveillance,12.9084911,77.5385641,"{'camera:mount': 'pole', 'camera:type': 'dome', 'man_made': 'surveillance', 'surveillance': 'public', 'surveillance:type': 'camera', 'surveillance:zone': 'public'}",5,0,1,2,0.38,,Arehalli
surveillance,12.9042531,77.5313912,"{'camera:mount': 'pole', 'camera:type': 'panning', 'man_made': 'surveillance', 'surveillance': 'public', 'surveillance:type': 'camera', 'surveillance:zone': 'public'}",5,0,1,1,0.44,,2nd Cross Road
surveillance,12.9064247,77.5734294,"{'camera:direction': '90', 'camera:mount': 'pole', 'camera:type': 'fixed', 'man_made': 'surveillance', 'surveillance': 'traffic', 'surveillance:type': 'camera', 'surveillance:zone': 'traffic'}",5,0,1,1,0.44,Kanakapura Road,Sarakki Junction Flyover (Proposed)
surveillance,12.9064342,77.5734301,"{'camera:direction': '90', 'camera:mount': 'pole', 'camera:type': 'fixed', 'man_made': 'surveillance', 'surveillance': 'traffic', 'surveillance:type': 'camera', 'surveillance:zone': 'traffic'}",5,0,1,2,0.38,Kanakapura Road,Sarakki Junction Flyover (Proposed)
surveillance,12.9064427,77.5734304,"{'camera:direction': '90', 'camera:mount': 'pole', 'camera:type': 'fixed', 'man_made': 'surveillance', 'surveillance': 'traffic', 'surveillance:type': 'camera', 'surveillance:zone': 'traffic'}",5,0,1,0,0.5,Kanakapura Road,Sarakki Junction Flyover (Proposed)
surveillance,12.9064496,77.5734302,"{'camera:direction': '90', 'camera:mount': 'pole', 'camera:type': 'fixed', 'man_made': 'surveillance', 'surveillance': 'traffic', 'surveillance:type': 'camera', 'surveillance:zone': 'traffic'}",5,0,1,0,0.5,Kanakapura Road,Sarakki Junction Flyover (Proposed)
surveillance,12.9064582,77.5734303,"{'camera:direction': '90', 'camera:mount': 'pole', 'camera:type': 'dome', 'man_made': 'surveillance', 'surveillance': 'traffic', 'surveillance:type': 'camera', 'surveillance:zone': 'traffic'}",5,0,1,4,0.26,Kanakapura Road,Sarakki Junction Flyover (Proposed)
surveillance,12.9064945,77.573527,"{'camera:direction': '270', 'camera:mount': 'pole', 'camera:type': 'fixed', 'man_made': 'surveillance', 'surveillance': 'traffic', 'surveillance:type': 'camera', 'surveillance:zone': 'traffic'}",5,0,1,1,0.44,Kanakapura Road,Sarakki Junction Flyover (Proposed)
surveillance,12.9065114,77.5735262,"{'camera:direction': '270', 'camera:mount': 'pole', 'camera:type': 'fixed', 'man_made': 'surveillance', 'surveillance': 'traffic', 'surveillance:type': 'camera', 'surveillance:zone': 'traffic'}",5,0,1,3,0.32,Kanakapura Road,Sarakki Junction Flyover (Proposed)
surveillance,12.9065276,77.5735241,"{'camera:direction': '270', 'camera:mount': 'pole', 'camera:type': 'fixed', 'man_made': 'surveillance', 'surveillance': 'traffic', 'surveillance:type': 'camera', 'surveillance:zone': 'traffic'}",5,0,1,4,0.26,Kanakapura Road,Sarakki Junction Flyover (Proposed)
surveillance,12.9062521,77.5733377,"{'camera:direction': '355', 'camera:mount': 'pole', 'camera:type': 'fixed', 'man_made': 'surveillance', 'surveillance': 'traffic', 'surveillance:type': 'camera', 'surveillance:zone': 'traffic'}",5,0,1,0,0.5,,Kanakapura Road
surveillance,12.906255,77.5733555,"{'camera:direction': '355', 'camera:mount': 'pole', 'camera:type': 'fixed', 'man_made': 'surveillance', 'surveillance': 'traffic', 'surveillance:type': 'camera', 'surveillance:zone': 'traffic'}",5,0,1,4,0.26,,Kanakapura Road
surveillance,12.9062564,77.5733627,"{'camera:direction': '355', 'camera:mount': 'pole', 'camera:type': 'fixed', 'man_made': 'surveillance', 'surveillance': 'traffic', 'surveillance:type': 'camera', 'surveillance:zone': 'traffic'}",5,0,1,2,0.38,,Kanakapura Road
surveillance,12.9062579,77.5732563,"{'camera:direction': '175', 'camera:mount': 'pole', 'camera:type': 'fixed', 'man_made': 'surveillance', 'surveillance': 'traffic', 'surveillance:type': 'camera', 'surveillance:zone': 'traffic'}",5,0,1,0,0.5,,Kanakapura Road
surveillance,12.9062558,77.5732444,"{'camera:direction': '175', 'camera:mount': 'pole', 'camera:type': 'fixed', 'man_made': 'surveillance', 'surveillance': 'traffic', 'surveillance:type': 'camera', 'surveillance:zone': 'traffic'}",5,0,1,3,0.32,,Kanakapura Road
surveillance,12.906255,77.5732317,"{'camera:direction': '175', 'camera:mount': 'pole', 'camera:type': 'fixed', 'man_made': 'surveillance', 'surveillance': 'traffic', 'surveillance:type': 'camera', 'surveillance:zone': 'traffic'}",5,0,1,1,0.44,,Kanakapura Road
surveillance,12.9067689,77.5732635,"{'camera:direction': '355', 'camera:mount': 'pole', 'camera:type': 'fixed', 'man_made': 'surveillance', 'surveillance': 'traffic', 'surveillance:type': 'camera', 'surveillance:zone': 'traffic'}",5,0,1,2,0.38,,Kanakapura Road
surveillance,12.9067709,77.5732833,"{'camera:direction': '355', 'camera:mount': 'pole', 'camera:type': 'fixed', 'man_made': 'surveillance', 'surveillance': 'traffic', 'surveillance:type': 'camera', 'surveillance:zone': 'traffic'}",5,0,1,2,0.38,,Kanakapura Road
surveillance,12.9067731,77.5732974,"{'camera:direction': '355', 'camera:mount': 'pole', 'camera:type': 'fixed', 'man_made': 'surveillance', 'surveillance': 'traffic', 'surveillance:type': 'camera', 'surveillance:zone': 'traffic'}",5,0,1,3,0.32,,Kanakapura Road
surveillance,12.9067753,77.5733149,"{'camera:direction': '355', 'camera:mount': 'pole', 'camera:type': 'fixed', 'man_made': 'surveillance', 'surveillance': 'traffic', 'surveillance:type': 'camera', 'surveillance:zone': 'traffic'}",5,0,1,2,0.38,,Kanakapura Road
surveillance,12.9066074,77.5730009,"{'camera:direction': '280', 'camera:mount': 'pole', 'camera:type': 'fixed', 'man_made': 'surveillance', 'surveillance': 'traffic', 'surveillance:type': 'camera', 'surveillance:zone': 'traffic'}",5,0,1,3,0.32,Outer Ring Road,D: Outer Ring Road
surveillance,12.9065973,77.5729995,"{'camera:direction': '280', 'camera:mount': 'pole', 'camera:type': 'fixed', 'man_made': 'surveillance', 'surveillance': 'traffic', 'surveillance:type': 'camera', 'surveillance:zone': 'traffic'}",5,0,1,1,0.44,Outer Ring Road,D: Outer Ring Road
surveillance,12.9065855,77.5729983,"{'camera:direction': '280', 'camera:mount': 'pole', 'camera:type': 'fixed', 'man_made': 'surveillance', 'surveillance': 'traffic', 'surveillance:type': 'camera', 'surveillance:zone': 'traffic'}",5,0,1,4,0.26,Outer Ring Road,D: Outer Ring Road
surveillance,12.9065729,77.5729967,"{'camera:direction': '280', 'camera:mount': 'pole', 'camera:type': 'fixed', 'man_made': 'surveillance', 'surveillance': 'traffic', 'surveillance:type': 'camera', 'surveillance:zone': 'traffic'}",5,0,1,4,0.26,Outer Ring Road,D: Outer Ring Road
surveillance,12.9113801,77.5728144,"{'camera:mount': 'pole', 'camera:type': 'panning', 'man_made': 'surveillance', 'surveillance': 'public', 'surveillance:type': 'camera', 'surveillance:zone': 'public'}",5,0,1,0,0.5,Kanakapura Road,Namma Metro - Reach 4
surveillance,12.903,77.5065,"{'man_made':'surveillance','camera:type':'fixed','surveillance':'public'}",3,0,1,5,0.41,Outer Ring Road,Kengeri
surveillance,12.9045,77.532,"{'man_made':'surveillance','camera:type':'fixed','surveillance':'traffic'}",4,0,1,2,0.61,Mysore Road,RR Nagar
surveillance,12.9045,77.562,"{'man_made':'surveillance','camera:type':'fixed','surveillance':'public'}",3,0,0,3,0.47,Old Airport Road,Indiranagar
surveillance,12.9045,77.5605,"{'man_made':'surveillance','camera:type':'fixed','surveillance':'traffic'}",4,0,0,5,0.44,Bannerghatta Road,BTM Layout
surveillance,12.9416,77.5736,"{'man_made':'surveillance','camera:type':'fixed','surveillance':'public'}",4,1,2,2,0.71,Gandhi Bazaar Road,Basavanagudi
surveillance,12.9278,77.5566,"{'man_made':'surveillance','camera:type':'fixed','surveillance':'traffic'}",4,1,2,3,0.67,Banashankari Main Road,Banashankari
surveillance,12.903,77.5065,"{'man_made':'surveillance','surveillance:type':'camera'}",3,0,1,5,0.41,Mysore Road,Kengeri
surveillance,12.9045,77.532,"{'man_made':'surveillance','camera:type':'fixed'}",4,0,1,2,0.61,Mysore Road,RR Nagar
surveillance,12.9045,77.562,"{'man_made':'surveillance','surveillance:type':'camera'}",3,0,1,3,0.47,Old Airport Road,Indiranagar
surveillance,12.9278,77.5566,"{'man_made':'surveillance','surveillance:type':'traffic_camera'}",4,1,2,3,0.67,Banashankari Main Road,Banashankari
surveillance,12.9553,77.6984,"{'man_made':'surveillance','camera:type':'fixed'}",4,1,2,3,0.69,Outer Ring Road,Marathahalli
surveillance,12.9293,77.5824,"{'man_made':'surveillance','surveillance:type':'public_camera'}",4,1,2,2,0.71,Jayanagar 4th Block Rd,Jayanagar
surveillance,12.9779,77.5723,"{'man_made':'surveillance','camera:type':'fixed'}",4,2,3,2,0.78,Majestic Bus Stand Rd,Majestic
surveillance,12.9612,77.5749,"{'man_made':'surveillance','surveillance:type':'camera'}",4,1,2,3,0.66,KR Market Road,KR Market
surveillance,13.0126,77.594,"{'man_made':'surveillance','camera:type':'fixed'}",4,1,2,3,0.67,RT Nagar Main Road,RT Nagar
surveillance,12.9411,77.6202,"{'man_made':'surveillance','camera:type':'fixed'}",4,1,2,3,0.66,Sony Signal Road,Koramangala
surveillance,12.955,77.7012,"{'man_made':'surveillance','surveillance:type':'traffic_camera'}",4,1,3,2,0.71,ORR Service Road,Marathahalli
surveillance,13.0062,77.5728,"{'man_made':'surveillance','camera:type':'fixed'}",4,2,2,2,0.74,Margosa Road,Malleshwaram
surveillance,12.9951,77.5428,"{'man_made':'surveillance','surveillance:type':'public_camera'}",4,1,2,3,0.67,Chord Road,Rajajinagar
surveillance,12.9843,77.5941,"{'man_made':'surveillance','camera:type':'fixed'}",5,2,3,1,0.83,Cubbon Road,Cubbon Park
surveillance,13.0341,77.6052,"{'man_made':'surveillance','camera:type':'traffic'}",4,1,2,2,0.69,Hebbal Main Road,Hebbal
surveillance,13.0661,77.6368,"{'man_made':'surveillance','camera:type':'fixed'}",4,1,2,2,0.68,Thanisandra Main Rd,Thanisandra
surveillance,13.1021,77.5934,"{'man_made':'surveillance','surveillance:type':'public_camera'}",4,1,2,2,0.7,Doddaballapur Road,Yelahanka
surveillance,12.9054,77.5851,"{'man_made':'surveillance','camera:type':'fixed'}",4,1,2,2,0.69,24th Main Road,JP Nagar
surveillance,12.8702,77.6452,"{'man_made':'surveillance','camera:type':'traffic'}",4,1,2,3,0.65,NICE Road,Electronic City
surveillance,12.8798,77.621,"{'man_made':'surveillance','camera:type':'fixed'}",4,1,2,3,0.66,Hulimavu Main Road,Hulimavu
surveillance,12.923,77.6407,"{'man_made':'surveillance','camera:type':'fixed'}",4,1,3,2,0.73,27th Main Road,HSR Layout
surveillance,12.9891,77.7325,"{'man_made':'surveillance','camera:type':'fixed'}",4,1,2,2,0.7,Whitefield Road,Whitefield
surveillance,13.0124,77.6782,"{'man_made':'surveillance','camera:type':'traffic'}",4,1,2,3,0.66,Ramamurthy Nagar Main Rd,Ramamurthy Nagar
surveillance,13.0151,77.6204,"{'man_made':'surveillance','camera:type':'fixed'}",4,1,2,2,0.69,Banasawadi Main Rd,Banasawadi
surveillance,12.9805,77.5988,"{'man_made':'surveillance','camera:type':'fixed'}",5,2,3,1,0.84,Kasturba Road,Cubbon Park
surveillance,12.9442,77.6028,"{'man_made':'surveillance','surveillance:type':'traffic_camera'}",4,1,2,2,0.71,Lalbagh Road,Lalbagh
surveillance,12.9275,77.5854,"{'man_made':'surveillance','camera:type':'fixed'}",4,1,2,2,0.69,9th Main Road,Jayanagar
surveillance,12.9059,77.6022,"{'man_made':'surveillance','camera:type':'traffic'}",4,1,2,3,0.65,Bannerghatta Main Road,BTM Layout
surveillance,12.8857,77.5928,"{'man_made':'surveillance','camera:type':'fixed'}",4,1,2,2,0.7,Puttenahalli Main Rd,JP Nagar
surveillance,12.8628,77.6459,"{'man_made':'surveillance','camera:type':'traffic'}",4,1,2,2,0.69,Phase 1 Road,Electronic City
surveillance,12.8739,77.6511,"{'man_made':'surveillance','surveillance:type':'camera'}",4,1,2,3,0.66,Neeladri Road,Electronic City
surveillance,12.9247,77.6498,"{'man_made':'surveillance','camera:type':'fixed'}",4,1,3,2,0.73,19th Main Road,HSR Layout
surveillance,12.9475,77.6978,"{'man_made':'surveillance','camera:type':'traffic'}",4,1,2,3,0.65,ORR Flyover Rd,Marathahalli
surveillance,12.9798,77.736,"{'man_made':'surveillance','camera:type':'fixed'}",4,1,2,2,0.7,ITPL Main Road,Whitefield
surveillance,13.0014,77.7442,"{'man_made':'surveillance','camera:type':'traffic'}",4,1,2,3,0.67,Kadugodi Road,Kadugodi
surveillance,13.0173,77.6804,"{'man_made':'surveillance','camera:type':'fixed'}",4,1,2,2,0.69,Ramamurthy Nagar Rd,Ramamurthy Nagar
surveillance,13.0335,77.6428,"{'man_made':'surveillance','surveillance:type':'camera'}",4,1,2,2,0.7,Hennur Bagalur Rd,Hennur
surveillance,13.0528,77.5872,"{'man_made':'surveillance','camera:type':'fixed'}",4,1,2,2,0.71,Esteem Mall Road,Hebbal
surveillance,13.0751,77.5664,"{'man_made':'surveillance','camera:type':'traffic'}",4,1,2,2,0.7,Doddaballapur Rd,Yelahanka
surveillance,12.969,77.6036,"{'man_made':'surveillance','camera:type':'fixed'}",5,2,3,1,0.85,Residency Road,Richmond Town
surveillance,12.9568,77.6015,"{'man_made':'surveillance','surveillance:type':'traffic_camera'}",4,1,2,2,0.71,Richmond Road,Richmond Town
surveillance,12.9457,77.5989,"{'man_made':'surveillance','camera:type':'fixed'}",4,1,2,2,0.7,Langford Road,Shantinagar
surveillance,12.9376,77.5883,"{'man_made':'surveillance','camera:type':'traffic'}",4,1,2,3,0.66,Siddapura Road,Siddapura
surveillance,12.9253,77.5734,"{'man_made':'surveillance','camera:type':'fixed'}",4,1,2,2,0.69,South End Road,Basavanagudi
surveillance,12.9162,77.5603,"{'man_made':'surveillance','surveillance:type':'camera'}",4,1,2,2,0.7,Katriguppe Main Rd,Banashankari
surveillance,12.9065,77.5468,"{'man_made':'surveillance','camera:type':'traffic'}",4,1,2,2,0.71,Uttarahalli Main Rd,Uttarahalli
surveillance,12.8967,77.5335,"{'man_made':'surveillance','camera:type':'fixed'}",4,1,2,2,0.7,Subramanyapura Rd,Subramanyapura
surveillance,12.8851,77.5208,"{'man_made':'surveillance','camera:type':'traffic'}",4,1,2,2,0.69,Kanakapura Link Rd,Talaghattapura
surveillance,12.9858,77.5601,"{'man_made':'surveillance','camera:type':'fixed'}",4,2,3,2,0.76,Seshadripuram Main Rd,Seshadripuram
surveillance,12.9974,77.5465,"{'man_made':'surveillance','surveillance:type':'camera'}",4,2,2,2,0.73,1st Main Road,Rajajinagar
surveillance,13.0098,77.5354,"{'man_made':'surveillance','camera:type':'traffic'}",4,1,2,2,0.71,Dr Rajkumar Rd,Rajajinagar
surveillance,13.0214,77.5251,"{'man_made':'surveillance','camera:type':'fixed'}",4,1,2,2,0.7,Nandini Layout Rd,Nandini Layout
surveillance,13.0347,77.5133,"{'man_made':'surveillance','surveillance:type':'camera'}",4,1,2,2,0.69,Peenya 2nd Stage Rd,Peenya
surveillance,13.0483,77.5024,"{'man_made':'surveillance','camera:type':'traffic'}",4,1,2,2,0.7,Jalahalli Cross Rd,Jalahalli
surveillance,12.9687,77.6021,"{'man_made':'surveillance','camera:type':'fixed'}",5,2,3,1,0.86,Residency Cross Rd,Richmond Town
surveillance,12.9539,77.6195,"{'man_made':'surveillance','surveillance:type':'traffic_camera'}",4,1,2,2,0.71,St Marks Road,Ashoknagar
surveillance,12.9447,77.612,"{'man_made':'surveillance','camera:type':'fixed'}",4,1,2,2,0.7,Mission Road,Shantinagar
surveillance,12.9368,77.6027,"{'man_made':'surveillance','camera:type':'traffic'}",4,1,2,3,0.66,Siddapura Main Rd,Siddapura
surveillance,12.9279,77.5902,"{'man_made':'surveillance','camera:type':'fixed'}",4,1,2,2,0.69,8th Block Rd,Jayanagar
surveillance,12.9184,77.5793,"{'man_made':'surveillance','surveillance:type':'camera'}",4,1,2,2,0.7,Banashankari Main Rd,Banashankari
surveillance,12.9095,77.5684,"{'man_made':'surveillance','camera:type':'traffic'}",4,1,2,2,0.71,Katriguppe Rd,Banashankari
surveillance,12.9008,77.5569,"{'man_made':'surveillance','camera:type':'fixed'}",4,1,2,2,0.7,Uttarahalli Rd,Uttarahalli
surveillance,12.8925,77.5457,"{'man_made':'surveillance','camera:type':'traffic'}",4,1,2,2,0.69,Kanakapura Link Rd,Talaghattapura
surveillance,12.9917,77.5642,"{'man_made':'surveillance','camera:type':'fixed'}",4,2,3,2,0.76,Seshadripuram Main Rd,Seshadripuram
surveillance,13.0018,77.5531,"{'man_made':'surveillance','surveillance:type':'camera'}",4,2,2,2,0.73,Rajajinagar 1st Main,Rajajinagar
surveillance,13.0107,77.5439,"{'man_made':'surveillance','camera:type':'traffic'}",4,1,2,2,0.71,Mahalakshmi Layout Rd,Mahalakshmi Layout
surveillance,13.0202,77.5337,"{'man_made':'surveillance','camera:type':'fixed'}",4,1,2,2,0.7,Peenya Industrial Rd,Peenya
surveillance,13.0306,77.5231,"{'man_made':'surveillance','camera:type':'traffic'}",4,1,2,2,0.69,Bagalgunte Main Rd,Bagalgunte
surveillance,13.0413,77.5126,"{'man_made':'surveillance','camera:type':'fixed'}",4,1,2,2,0.7,BEL Road,Jalahalli
surveillance,13.0519,77.5023,"{'man_made':'surveillance','surveillance:type':'camera'}",4,1,2,2,0.69,Tumkur Service Rd,Yeshwanthpur
surveillance,12.9698,77.6037,"{'man_made':'surveillance','camera:type':'fixed'}",5,2,3,1,0.86,Residency Cross Rd,Richmond Town
surveillance,12.9532,77.6201,"{'man_made':'surveillance','surveillance:type':'traffic_camera'}",4,1,2,2,0.71,St Marks Road,Ashoknagar
surveillance,12.9443,77.6124,"{'man_made':'surveillance','camera:type':'fixed'}",4,1,2,2,0.7,Mission Road,Shantinagar
surveillance,12.9365,77.6032,"{'man_made':'surveillance','camera:type':'traffic'}",4,1,2,3,0.66,Siddapura Main Rd,Siddapura
surveillance,12.9274,77.591,"{'man_made':'surveillance','camera:type':'fixed'}",4,1,2,2,0.69,8th Block Rd,Jayanagar
surveillance,12.9181,77.5798,"{'man_made':'surveillance','surveillance:type':'camera'}",4,1,2,2,0.7,Banashankari Main Rd,Banashankari
surveillance,12.9092,77.5689,"{'man_made':'surveillance','camera:type':'traffic'}",4,1,2,2,0.71,Katriguppe Rd,Banashankari
surveillance,12.9011,77.5575,"{'man_made':'surveillance','camera:type':'fixed'}",4,1,2,2,0.7,Uttarahalli Rd,Uttarahalli
surveillance,12.8929,77.5462,"{'man_made':'surveillance','camera:type':'traffic'}",4,1,2,2,0.69,Kanakapura Link Rd,Talaghattapura
surveillance,12.9914,77.5648,"{'man_made':'surveillance','camera:type':'fixed'}",4,2,3,2,0.76,Seshadripuram Main Rd,Seshadripuram
surveillance,12.9796,77.594,"{'man_made':'surveillance','camera:type':'fixed'}",5,2,3,1,0.86,Kasturba Road,Cubbon Park
surveillance,12.9868,77.6089,"{'man_made':'surveillance','surveillance:type':'traffic_camera'}",4,2,3,2,0.74,Commercial Street,Shivajinagar
surveillance,12.9945,77.6201,"{'man_made':'surveillance','camera:type':'fixed'}",4,1,2,2,0.7,Frazer Town Rd,Frazer Town
surveillance,13.0032,77.6324,"{'man_made':'surveillance','camera:type':'traffic'}",4,1,2,3,0.67,Banaswadi Main Rd,Banasawadi
surveillance,13.0124,77.6449,"{'man_made':'surveillance','surveillance:type':'camera'}",4,1,2,2,0.69,Hennur Main Rd,Hennur
surveillance,13.0228,77.6562,"{'man_made':'surveillance','camera:type':'fixed'}",4,1,2,2,0.7,Thanisandra Main Rd,Thanisandra
surveillance,13.0341,77.6684,"{'man_made':'surveillance','camera:type':'traffic'}",4,1,2,2,0.69,Nagawara Main Rd,Nagawara
surveillance,13.045,77.6791,"{'man_made':'surveillance','surveillance:type':'camera'}",4,1,2,2,0.7,Manyata Tech Park Rd,Nagawara
surveillance,13.0562,77.6899,"{'man_made':'surveillance','camera:type':'fixed'}",4,1,2,2,0.71,Outer Ring Road,Hebbal
surveillance,13.0668,77.7002,"{'man_made':'surveillance','camera:type':'traffic'}",4,1,2,2,0.69,Vidyaranyapura Rd,Vidyaranyapura
surveillance,12.9789,77.6503,"{'man_made':'surveillance','camera:type':'fixed'}",4,1,2,2,0.7,HAL 2nd Stage Rd,Indiranagar
surveillance,12.9884,77.661,"{'man_made':'surveillance','camera:type':'traffic'}",4,1,2,2,0.71,Domlur Flyover Rd,Domlur
surveillance,12.9973,77.6714,"{'man_made':'surveillance','surveillance:type':'camera'}",4,1,2,2,0.69,Old Airport Rd Service Ln,Domlur
surveillance,13.0061,77.6812,"{'man_made':'surveillance','camera:type':'fixed'}",4,1,2,2,0.7,Tin Factory Rd,KR Puram
surveillance,13.015,77.6918,"{'man_made':'surveillance','camera:type':'traffic'}",4,1,2,2,0.69,Ramamurthy Nagar Cross Rd,Ramamurthy Nagar
surveillance,13.024,77.7025,"{'man_made':'surveillance','surveillance:type':'camera'}",4,1,2,2,0.7,Hennur Main Rd,Hennur
surveillance,13.0331,77.7126,"{'man_made':'surveillance','camera:type':'fixed'}",4,1,2,2,0.69,Kothanur Main Rd,Kothanur
surveillance,13.0422,77.7231,"{'man_made':'surveillance','camera:type':'traffic'}",4,1,2,2,0.71,Thanisandra Main Rd,Thanisandra
surveillance,13.0511,77.7339,"{'man_made':'surveillance','camera:type':'fixed'}",4,1,2,2,0.7,Nagawara Junction Rd,Nagawara
surveillance,13.0602,77.7444,"{'man_made':'surveillance','surveillance:type':'camera'}",4,1,2,2,0.69,Hebbal Flyover Rd,Hebbal
surveillance,12.9695,77.6938,"{'man_made':'surveillance','camera:type':'fixed'}",4,1,2,2,0.69,AECS Layout Rd,Brookefield
surveillance,12.9786,77.7031,"{'man_made':'surveillance','surveillance:type':'camera'}",4,1,2,2,0.71,Hope Farm Junction Rd,Whitefield
surveillance,12.9877,77.7125,"{'man_made':'surveillance','camera:type':'traffic'}",4,1,2,2,0.7,Kadugodi Rd,Kadugodi
surveillance,12.9965,77.7221,"{'man_made':'surveillance','camera:type':'fixed'}",4,1,2,2,0.69,Varthur Main Rd,Varthur
surveillance,13.0054,77.7314,"{'man_made':'surveillance','surveillance:type':'camera'}",4,1,2,2,0.7,HAL Old Airport Rd,Marathahalli
surveillance,13.0144,77.741,"{'man_made':'surveillance','camera:type':'traffic'}",4,1,2,2,0.69,Bellandur Main Rd,Bellandur
surveillance,13.0236,77.7503,"{'man_made':'surveillance','camera:type':'fixed'}",4,1,2,2,0.71,Bellandur Lake Rd,Bellandur
surveillance,13.0327,77.7595,"{'man_made':'surveillance','surveillance:type':'camera'}",4,1,2,2,0.7,Outer Ring Rd East,Bellandur
surveillance,13.0418,77.7689,"{'man_made':'surveillance','camera:type':'fixed'}",4,1,2,2,0.69,Panathur Cross Rd,Panathur
surveillance,13.0509,77.7782,"{'man_made':'surveillance','camera:type':'traffic'}",4,1,2,2,0.7,Varthur Kodi Rd,Varthur
surveillance,12.9314,77.6378,"{'man_made':'surveillance','camera:type':'fixed'}",4,1,2,2,0.7,19th Main Rd,HSR Layout
surveillance,12.9386,77.6467,"{'man_made':'surveillance','camera:type':'traffic'}",4,1,2,2,0.71,Sarjapur Link Rd,HSR Layout
surveillance,12.9455,77.656,"{'man_made':'surveillance','surveillance:type':'camera'}",4,1,2,2,0.69,Agara Main Rd,Agara
surveillance,12.9524,77.6651,"{'man_made':'surveillance','camera:type':'fixed'}",4,1,2,2,0.7,Haralur Cross Rd,HSR Layout
surveillance,12.9596,77.6742,"{'man_made':'surveillance','camera:type':'traffic'}",4,1,2,2,0.69,Kudlu Gate Rd,Kudlu Gate
surveillance,12.9667,77.6833,"{'man_made':'surveillance','surveillance:type':'camera'}",4,1,2,2,0.7,Bommanahalli Cross Rd,Bommanahalli
surveillance,12.9738,77.6926,"{'man_made':'surveillance','camera:type':'fixed'}",4,1,2,2,0.71,Hosur Flyover Rd,Silk Board
surveillance,12.9807,77.7017,"{'man_made':'surveillance','camera:type':'traffic'}",4,1,2,2,0.7,Madivala Lake Rd,Madivala
surveillance,12.9878,77.7107,"{'man_made':'surveillance','camera:type':'fixed'}",4,1,2,2,0.69,Koramangala Inner Ring Rd,Koramangala
surveillance,12.9948,77.7198,"{'man_made':'surveillance','surveillance:type':'camera'}",4,1,2,2,0.7,80 ft Rd,Koramangala
surveillance,12.9047,77.6446,"{'man_made':'surveillance','camera:type':'fixed'}",4,1,2,2,0.69,HSR 14th Main Rd,HSR Layout
surveillance,12.9115,77.6536,"{'man_made':'surveillance','camera:type':'traffic'}",4,1,2,2,0.71,HSR Ring Rd,HSR Layout
surveillance,12.9184,77.6625,"{'man_made':'surveillance','surveillance:type':'camera'}",4,1,2,2,0.7,Agara Lake Cross Rd,Agara
surveillance,12.9252,77.6716,"{'man_made':'surveillance','camera:type':'fixed'}",4,1,2,2,0.69,Haralur Cross Rd,HSR Layout
surveillance,12.9321,77.6805,"{'man_made':'surveillance','camera:type':'traffic'}",4,1,2,2,0.7,Kudlu Gate Rd,Kudlu Gate
surveillance,12.939,77.6895,"{'man_made':'surveillance','surveillance:type':'camera'}",4,1,2,2,0.71,Bommanahalli Cross Rd,Bommanahalli
surveillance,12.9458,77.6986,"{'man_made':'surveillance','camera:type':'fixed'}",4,1,2,2,0.69,Silk Board Flyover Rd,Silk Board
surveillance,12.9527,77.7074,"{'man_made':'surveillance','camera:type':'traffic'}",4,1,2,2,0.7,Madivala Lake Rd,Madivala
surveillance,12.9596,77.7165,"{'man_made':'surveillance','camera:type':'fixed'}",4,1,2,2,0.69,Koramangala Inner Rd,Koramangala
surveillance,12.9664,77.7256,"{'man_made':'surveillance','surveillance:type':'camera'}",4,1,2,2,0.7,80 ft Rd,Koramangala
surveillance,12.906,77.7058,"{'man_made':'surveillance','camera:type':'fixed'}",4,1,2,2,0.69,Sarjapur Cross Rd,Sarjapur
surveillance,12.9129,77.7149,"{'man_made':'surveillance','camera:type':'traffic'}",4,1,2,2,0.7,Kasavanahalli Cross Rd,Sarjapur
surveillance,12.9197,77.724,"{'man_made':'surveillance','surveillance:type':'camera'}",4,1,2,2,0.71,Bellandur Cross Rd,Bellandur
surveillance,12.9266,77.7331,"{'man_made':'surveillance','camera:type':'fixed'}",4,1,2,2,0.69,ORR East Service Rd,Bellandur
surveillance,12.9335,77.7422,"{'man_made':'surveillance','camera:type':'traffic'}",4,1,2,2,0.7,Panathur Cross Rd,Panathur
surveillance,12.9403,77.7513,"{'man_made':'surveillance','surveillance:type':'camera'}",4,1,2,2,0.69,Balagere Cross Rd,Varthur
surveillance,12.9472,77.7604,"{'man_made':'surveillance','camera:type':'fixed'}",4,1,2,2,0.7,Varthur Kodi Rd,Varthur
surveillance,12.954,77.7695,"{'man_made':'surveillance','camera:type':'traffic'}",4,1,2,2,0.69,ITPL Cross Rd,Whitefield
surveillance,12.9609,77.7786,"{'man_made':'surveillance','surveillance:type':'camera'}",4,1,2,2,0.71,Hope Farm Junction Rd,Whitefield
surveillance,12.9677,77.7877,"{'man_made':'surveillance','camera:type':'fixed'}",4,1,2,2,0.69,Kadugodi Rd,Kadugodi
surveillance,13.0096,77.5453,"{'man_made':'surveillance','camera:type':'fixed'}",4,1,2,2,0.69,Dr Rajkumar Rd,Rajajinagar
surveillance,13.0185,77.5544,"{'man_made':'surveillance','camera:type':'traffic'}",4,1,2,2,0.7,Mahalakshmi Layout Cross Rd,Mahalakshmi Layout
surveillance,13.0274,77.5635,"{'man_made':'surveillance','surveillance:type':'camera'}",4,1,2,2,0.69,Nandini Layout Cross Rd,Nandini Layout
surveillance,13.0363,77.5726,"{'man_made':'surveillance','camera:type':'fixed'}",4,1,2,2,0.71,Yeshwanthpur Cross Rd,Yeshwanthpur
surveillance,13.0452,77.5817,"{'man_made':'surveillance','camera:type':'traffic'}",4,1,2,2,0.69,Tumkur Rd Junction,Yeshwanthpur
surveillance,13.0541,77.5908,"{'man_made':'surveillance','surveillance:type':'camera'}",4,1,2,2,0.7,Hebbal Flyover Service Rd,Hebbal
surveillance,13.063,77.5999,"{'man_made':'surveillance','camera:type':'fixed'}",4,1,2,2,0.69,RT Nagar Cross Rd,RT Nagar
surveillance,13.0719,77.609,"{'man_made':'surveillance','camera:type':'traffic'}",4,1,2,2,0.71,Sanjaynagar Cross Rd,Sanjaynagar
surveillance,13.0808,77.6181,"{'man_made':'surveillance','surveillance:type':'camera'}",4,1,2,2,0.7,Vidyaranyapura Cross Rd,Vidyaranyapura
surveillance,13.0897,77.6272,"{'man_made':'surveillance','camera:type':'fixed'}",4,1,2,2,0.69,Yelahanka New Town Rd,Yelahanka
surveillance,13.0986,77.6363,"{'man_made':'surveillance','camera:type':'fixed'}",4,1,2,2,0.7,Yelahanka Cross Rd,Yelahanka
surveillance,13.1075,77.6454,"{'man_made':'surveillance','camera:type':'traffic'}",4,1,2,2,0.69,Jakkur Cross Rd,Jakkur
surveillance,13.1164,77.6545,"{'man_made':'surveillance','surveillance:type':'camera'}",4,1,2,2,0.71,Amruthahalli Cross Rd,Amruthahalli
surveillance,13.1253,77.6636,"{'man_made':'surveillance','camera:type':'fixed'}",4,1,2,2,0.69,Bagalur Cross Rd,Bagalur
surveillance,13.1342,77.6727,"{'man_made':'surveillance','camera:type':'traffic'}",4,1,2,2,0.7,Chikkajala Cross Rd,Chikkajala
surveillance,13.1431,77.6818,"{'man_made':'surveillance','surveillance:type':'camera'}",4,1,2,2,0.69,Airport Approach Rd,Devanahalli
surveillance,13.152,77.6909,"{'man_made':'surveillance','camera:type':'fixed'}",4,1,2,2,0.71,Devanahalli Cross Rd,Devanahalli
surveillance,13.1609,77.7,"{'man_made':'surveillance','camera:type':'traffic'}",4,1,2,2,0.69,Airport Terminal Rd,Airport Zone
surveillance,13.1698,77.7091,"{'man_made':'surveillance','surveillance:type':'camera'}",4,1,2,2,0.7,Airport Peripheral Rd,Airport Zone
surveillance,13.1787,77.7182,"{'man_made':'surveillance','camera:type':'fixed'}",4,1,2,2,0.69,Airport Exit Rd,Airport Zone
surveillance,12.9521,77.5249,"{'man_made':'surveillance','camera:type':'fixed'}",4,1,2,2,0.7,Nagarbhavi Cross Rd,Nagarbhavi
surveillance,12.959,77.5339,"{'man_made':'surveillance','camera:type':'traffic'}",4,1,2,2,0.69,Chandra Layout Cross Rd,Chandra Layout
surveillance,12.9659,77.5428,"{'man_made':'surveillance','surveillance:type':'camera'}",4,1,2,2,0.71,Vijayanagar Cross Rd,Vijayanagar
surveillance,12.9728,77.5517,"{'man_made':'surveillance','camera:type':'fixed'}",4,1,2,2,0.69,Basaveshwara Cross Rd,Basaveshwara Nagar
surveillance,12.9797,77.5606,"{'man_made':'surveillance','camera:type':'traffic'}",4,1,2,2,0.7,Magadi Rd Service Ln,Magadi Road
surveillance,12.9866,77.5695,"{'man_made':'surveillance','surveillance:type':'camera'}",4,1,2,2,0.69,Srirampuram Cross Rd,Srirampuram
surveillance,12.9935,77.5784,"{'man_made':'surveillance','camera:type':'fixed'}",4,1,2,2,0.71,Sampige Rd,Malleshwaram
surveillance,13.0004,77.5873,"{'man_made':'surveillance','camera:type':'traffic'}",4,1,2,2,0.7,Sadashivanagar Cross Rd,Sadashivanagar
surveillance,13.0073,77.5962,"{'man_made':'surveillance','surveillance:type':'camera'}",4,1,2,2,0.69,Hebbal Lake Rd,Hebbal
surveillance,13.0142,77.6051,"{'man_made':'surveillance','camera:type':'fixed'}",4,1,2,2,0.7,JC Nagar Cross Rd,JC Nagar
surveillance,13.0221,77.6139,"{'man_made':'surveillance','camera:type':'fixed'}",4,1,2,2,0.7,Ganganagar Cross Rd,Ganganagar
surveillance,13.0293,77.6226,"{'man_made':'surveillance','camera:type':'traffic'}",4,1,2,2,0.69,Mekhri Flyover Rd,Hebbal
surveillance,13.0365,77.6312,"{'man_made':'surveillance','surveillance:type':'camera'}",4,1,2,2,0.7,Hebbal Lake Service Rd,Hebbal
surveillance,13.0437,77.6399,"{'man_made':'surveillance','camera:type':'fixed'}",4,1,2,2,0.71,Esteem Mall Cross Rd,Hebbal
surveillance,13.0509,77.6486,"{'man_made':'surveillance','camera:type':'traffic'}",4,1,2,2,0.69,Amruthahalli Cross Rd,Amruthahalli
surveillance,13.0581,77.6572,"{'man_made':'surveillance','surveillance:type':'camera'}",4,1,2,2,0.7,Kodigehalli Cross Rd,Kodigehalli
surveillance,13.0653,77.6659,"{'man_made':'surveillance','camera:type':'fixed'}",4,1,2,2,0.69,Vidyaranyapura Cross Rd,Vidyaranyapura
surveillance,13.0725,77.6746,"{'man_made':'surveillance','camera:type':'traffic'}",4,1,2,2,0.7,Yelahanka Cross Rd,Yelahanka
surveillance,13.0797,77.6832,"{'man_made':'surveillance','surveillance:type':'camera'}",4,1,2,2,0.69,Yelahanka Sector Rd,Yelahanka
surveillance,13.0869,77.6919,"{'man_made':'surveillance','camera:type':'fixed'}",4,1,2,2,0.71,Jakkur Cross Rd,Jakkur
surveillance,13.0941,77.7006,"{'man_made':'surveillance','camera:type':'traffic'}",4,1,2,2,0.7,Airport Service Rd,Airport Zone
surveillance,13.1013,77.7092,"{'man_made':'surveillance','surveillance:type':'camera'}",4,1,2,2,0.69,Airport Terminal Rd,Airport Zone
surveillance,12.9821,77.5214,"{'man_made':'surveillance','camera:type':'fixed'}",4,1,2,2,0.7,Kengeri Cross Rd,Kengeri
surveillance,12.9895,77.5292,"{'man_made':'surveillance','camera:type':'traffic'}",4,1,2,2,0.69,RR Nagar Cross Rd,Rajarajeshwari Nagar
surveillance,12.9969,77.5369,"{'man_made':'surveillance','surveillance:type':'camera'}",4,1,2,2,0.71,BEML Layout Cross Rd,RR Nagar
surveillance,13.0043,77.5446,"{'man_made':'surveillance','camera:type':'fixed'}",4,1,2,2,0.7,Mysore Rd Junction,Mysore Road
surveillance,13.0117,77.5523,"{'man_made':'surveillance','camera:type':'traffic'}",4,1,2,2,0.69,Nayandahalli Cross Rd,Nayandahalli
surveillance,13.0191,77.56,"{'man_made':'surveillance','surveillance:type':'camera'}",4,1,2,2,0.7,Deepanjali Cross Rd,Deepanjali Nagar
surveillance,13.0265,77.5677,"{'man_made':'surveillance','camera:type':'fixed'}",4,1,2,2,0.71,Attiguppe Cross Rd,Attiguppe
surveillance,13.0339,77.5754,"{'man_made':'surveillance','camera:type':'traffic'}",4,1,2,2,0.69,Govindarajanagar Cross Rd,Govindarajanagar
surveillance,13.0413,77.5831,"{'man_made':'surveillance','surveillance:type':'camera'}",4,1,2,2,0.7,Basaveshwara Nagar Cross,Basaveshwara Nagar
surveillance,13.0487,77.5908,"{'man_made':'surveillance','camera:type':'fixed'}",4,1,2,2,0.69,Kamakshipalya Cross Rd,Kamakshipalya
surveillance,12.9654,77.4905,"{'man_made':'surveillance','camera:type':'fixed'}",4,1,2,2,0.7,Kengeri Cross Rd,Kengeri
surveillance,12.9723,77.4992,"{'man_made':'surveillance','camera:type':'traffic'}",4,1,2,2,0.69,Ullal Cross Rd,Ullal
surveillance,12.9791,77.508,"{'man_made':'surveillance','surveillance:type':'camera'}",4,1,2,2,0.71,Nagarbhavi Cross Rd,Nagarbhavi
surveillance,12.986,77.5167,"{'man_made':'surveillance','camera:type':'fixed'}",4,1,2,2,0.69,Mallathahalli Cross Rd,Mallathahalli
surveillance,12.9928,77.5255,"{'man_made':'surveillance','camera:type':'traffic'}",4,1,2,2,0.7,Nagarbhavi Service Rd,Nagarbhavi
surveillance,12.9997,77.5343,"{'man_made':'surveillance','surveillance:type':'camera'}",4,1,2,2,0.69,Vijayanagar Cross Rd,Vijayanagar
surveillance,13.0066,77.5431,"{'man_made':'surveillance','camera:type':'fixed'}",4,1,2,2,0.71,Magadi Cross Rd,Magadi Road
surveillance,13.0134,77.5519,"{'man_made':'surveillance','camera:type':'traffic'}",4,1,2,2,0.7,Basaveshwara Nagar Cross Rd,Basaveshwara Nagar
surveillance,13.0203,77.5607,"{'man_made':'surveillance','surveillance:type':'camera'}",4,1,2,2,0.69,Peenya Cross Rd,Peenya
surveillance,13.0272,77.5695,"{'man_made':'surveillance','camera:type':'fixed'}",4,1,2,2,0.7,Tumkur Rd Junction,Peenya
surveillance,13.034,77.5784,"{'man_made':'surveillance','camera:type':'fixed'}",4,1,2,2,0.7,Peenya Industrial Cross Rd,Peenya
surveillance,13.0408,77.5872,"{'man_made':'surveillance','camera:type':'traffic'}",4,1,2,2,0.69,Yeshwanthpur Cross Rd,Yeshwanthpur
surveillance,13.0476,77.596,"{'man_made':'surveillance','surveillance:type':'camera'}",4,1,2,2,0.71,Tumkur Rd Junction,Yeshwanthpur
surveillance,13.0544,77.6048,"{'man_made':'surveillance','camera:type':'fixed'}",4,1,2,2,0.7,Hebbal Flyover Rd,Hebbal
surveillance,13.0612,77.6136,"{'man_made':'surveillance','camera:type':'traffic'}",4,1,2,2,0.69,RT Nagar Cross Rd,RT Nagar
surveillance,13.068,77.6224,"{'man_made':'surveillance','surveillance:type':'camera'}",4,1,2,2,0.7,Sanjaynagar Cross Rd,Sanjaynagar
surveillance,13.0748,77.6312,"{'man_made':'surveillance','camera:type':'fixed'}",4,1,2,2,0.69,Vidyaranyapura Cross Rd,Vidyaranyapura
surveillance,13.0816,77.64,"{'man_made':'surveillance','camera:type':'traffic'}",4,1,2,2,0.7,Yelahanka Cross Rd,Yelahanka
surveillance,13.0884,77.6488,"{'man_made':'surveillance','surveillance:type':'camera'}",4,1,2,2,0.69,Jakkur Cross Rd,Jakkur
surveillance,13.0952,77.6576,"{'man_made':'surveillance','camera:type':'fixed'}",4,1,2,2,0.7,Bagalur Cross Rd,Bagalur
surveillance,13.044583,77.754016,{'generated':'missing_row_recovery'},5,2,1,2,0.46,Cross Road,Jayanagar
surveillance,12.896807,77.748664,{'generated':'missing_row_recovery'},3,2,2,5,0.55,Main Road,Kengeri
surveillance,13.23485,77.708668,{'generated':'missing_row_recovery'},3,1,4,0,0.55,Station Road,Banashankari
surveillance,12.902186,77.402009,{'generated':'missing_row_recovery'},2,1,0,2,0.76,2nd Main,Koramangala
surveillance,13.274007,77.956328,{'generated':'missing_row_recovery'},3,2,1,3,0.75,Industrial Road,Malleshwaram
surveillance,12.815566,77.771108,{'generated':'missing_row_recovery'},2,2,4,2,0.55,Service Road,Malleshwaram
surveillance,13.048337,77.513353,{'generated':'missing_row_recovery'},5,0,2,3,0.48,1st Main,Kengeri
surveillance,12.907476,77.481322,{'generated':'missing_row_recovery'},3,2,2,2,0.71,Station Road,Marathahalli
surveillance,13.371337,77.573948,{'generated':'missing_row_recovery'},4,1,0,5,0.46,Industrial Road,BTM Layout
surveillance,13.177979,77.792489,{'generated':'missing_row_recovery'},2,1,2,4,0.79,Ring Road,HSR Layout
surveillance,12.964157,77.984173,{'generated':'missing_row_recovery'},3,1,0,0,0.61,Station Road,Malleshwaram
surveillance,13.197207,77.568436,{'generated':'missing_row_recovery'},5,0,2,2,0.69,Service Road,Banashankari
surveillance,13.307574,77.744573,{'generated':'missing_row_recovery'},4,2,2,0,0.49,Lake Road,Malleshwaram
surveillance,13.122138,77.696026,{'generated':'missing_row_recovery'},4,0,0,2,0.7,Service Road,BTM Layout
surveillance,13.346264,77.97438,{'generated':'missing_row_recovery'},3,2,1,1,0.71,Station Road,Peenya
surveillance,13.204623,77.521651,{'generated':'missing_row_recovery'},5,1,1,1,0.6,Market Road,Jayanagar
surveillance,13.380485,77.808716,{'generated':'missing_row_recovery'},4,0,0,1,0.63,Station Road,Electronic City
surveillance,12.863577,77.720345,{'generated':'missing_row_recovery'},3,2,1,2,0.69,Service Road,Banashankari
surveillance,13.069503,77.503956,{'generated':'missing_row_recovery'},4,0,0,2,0.68,Main Road,BTM Layout
surveillance,13.278216,77.877724,{'generated':'missing_row_recovery'},5,1,1,1,0.66,Market Road,Yelahanka
surveillance,12.879677,77.742346,{'generated':'missing_row_recovery'},4,2,4,2,0.45,Service Road,Koramangala
surveillance,13.160361,77.829563,{'generated':'missing_row_recovery'},2,2,4,1,0.67,Cross Road,Yelahanka
surveillance,12.882064,77.541536,{'generated':'missing_row_recovery'},2,2,3,2,0.8,Station Road,Whitefield
surveillance,13.317612,77.857024,{'generated':'missing_row_recovery'},3,1,1,1,0.75,Cross Road,Kengeri
surveillance,13.264992,77.618728,{'generated':'missing_row_recovery'},2,2,0,2,0.68,1st Main,Vijayanagar
surveillance,12.871104,77.979337,{'generated':'missing_row_recovery'},3,2,2,2,0.51,Industrial Road,Malleshwaram
surveillance,12.969097,77.992885,{'generated':'missing_row_recovery'},4,1,3,2,0.58,Industrial Road,Vijayanagar
surveillance,12.823694,77.673552,{'generated':'missing_row_recovery'},2,1,0,0,0.7,Main Road,HSR Layout
surveillance,13.107251,77.979546,{'generated':'missing_row_recovery'},5,1,4,3,0.67,Station Road,Rajajinagar
surveillance,13.019294,77.470107,{'generated':'missing_row_recovery'},4,1,2,1,0.51,2nd Main,Koramangala
surveillance,13.354535,77.552517,{'generated':'missing_row_recovery'},2,2,2,2,0.66,Ring Road,Kengeri
surveillance,13.255434,77.924988,{'generated':'missing_row_recovery'},3,1,1,3,0.52,Lake Road,Yelahanka
surveillance,13.051113,77.672141,{'generated':'missing_row_recovery'},2,2,3,0,0.5,Ring Road,Whitefield
surveillance,12.819694,77.461396,{'generated':'missing_row_recovery'},3,1,2,2,0.78,Industrial Road,Peenya
surveillance,12.801355,77.404737,{'generated':'missing_row_recovery'},4,0,3,2,0.8,Cross Road,Whitefield
surveillance,13.066508,77.459489,{'generated':'missing_row_recovery'},4,2,1,4,0.62,Main Road,Peenya
surveillance,12.938351,77.855361,{'generated':'missing_row_recovery'},2,0,4,1,0.8,Lake Road,Electronic City
surveillance,13.343369,77.463122,{'generated':'missing_row_recovery'},5,2,0,2,0.64,1st Main,Jayanagar
surveillance,12.979977,77.57548,{'generated':'missing_row_recovery'},2,1,3,3,0.75,Lake Road,Vijayanagar
surveillance,12.973292,77.655232,{'generated':'missing_row_recovery'},4,1,4,1,0.53,1st Main,Koramangala
surveillance,13.345871,77.952367,{'generated':'missing_row_recovery'},4,0,2,2,0.61,Station Road,Whitefield
surveillance,13.359406,77.989547,{'generated':'missing_row_recovery'},3,0,1,4,0.52,2nd Main,Electronic City
surveillance,13.349609,77.451384,{'generated':'missing_row_recovery'},3,2,0,4,0.8,Cross Road,Marathahalli
surveillance,13.008167,77.902338,{'generated':'missing_row_recovery'},4,1,4,4,0.83,1st Main,Peenya
surveillance,13.247094,77.714885,{'generated':'missing_row_recovery'},2,1,2,2,0.57,Lake Road,Koramangala
surveillance,12.888274,77.426177,{'generated':'missing_row_recovery'},4,1,0,2,0.78,Industrial Road,Whitefield
surveillance,12.983059,77.94967,{'generated':'missing_row_recovery'},4,0,1,4,0.56,Cross Road,Indiranagar
surveillance,12.957498,77.755651,{'generated':'missing_row_recovery'},5,2,1,5,0.78,Main Road,Marathahalli
surveillance,12.86726,77.72867,{'generated':'missing_row_recovery'},2,0,3,1,0.78,1st Main,Vijayanagar
surveillance,13.295883,77.642466,{'generated':'missing_row_recovery'},5,2,1,4,0.59,Station Road,Marathahalli
surveillance,12.902439,77.821744,{'generated':'missing_row_recovery'},5,1,3,5,0.48,Station Road,Malleshwaram
surveillance,13.139159,77.787016,{'generated':'missing_row_recovery'},5,1,2,1,0.7,2nd Main,Peenya
surveillance,13.080492,77.583497,{'generated':'missing_row_recovery'},5,2,4,3,0.77,Station Road,Malleshwaram
surveillance,13.266745,77.913074,{'generated':'missing_row_recovery'},3,1,1,4,0.57,Station Road,Kengeri
surveillance,12.949139,77.891318,{'generated':'missing_row_recovery'},2,2,2,5,0.63,Service Road,Rajajinagar
surveillance,13.185062,77.808766,{'generated':'missing_row_recovery'},4,1,0,4,0.78,Market Road,Hebbal
surveillance,12.936434,77.59264,{'generated':'missing_row_recovery'},5,1,0,5,0.48,Service Road,Banashankari
surveillance,13.340441,77.740344,{'generated':'missing_row_recovery'},2,2,3,2,0.79,Ring Road,Marathahalli
surveillance,13.267305,77.734074,{'generated':'missing_row_recovery'},2,1,4,4,0.59,1st Main,Vijayanagar
surveillance,13.297935,77.57444,{'generated':'missing_row_recovery'},3,0,2,1,0.62,Ring Road,Malleshwaram
surveillance,12.821564,77.745573,{'generated':'missing_row_recovery'},2,2,3,2,0.71,1st Main,Malleshwaram
surveillance,12.864795,77.496039,{'generated':'missing_row_recovery'},4,2,1,3,0.67,Lake Road,HSR Layout
surveillance,13.303694,77.896802,{'generated':'missing_row_recovery'},4,1,4,3,0.82,Station Road,Koramangala
surveillance,13.117337,77.882734,{'generated':'missing_row_recovery'},5,1,3,2,0.77,Main Road,Rajajinagar
surveillance,13.004287,77.505518,{'generated':'missing_row_recovery'},5,2,2,5,0.82,Industrial Road,Malleshwaram
surveillance,12.827859,77.431939,{'generated':'missing_row_recovery'},2,0,0,5,0.8,Market Road,Whitefield
surveillance,12.821161,77.78208,{'generated':'missing_row_recovery'},5,0,4,5,0.59,Lake Road,Vijayanagar
surveillance,13.126811,77.99842,{'generated':'missing_row_recovery'},4,0,2,4,0.71,Service Road,Yelahanka
surveillance,12.83211,77.737897,{'generated':'missing_row_recovery'},2,2,2,1,0.7,Main Road,Vijayanagar
surveillance,13.197697,77.719478,{'generated':'missing_row_recovery'},4,0,1,3,0.73,Industrial Road,Electronic City
surveillance,12.986158,77.727877,{'generated':'missing_row_recovery'},5,1,3,1,0.63,Main Road,Yelahanka
surveillance,12.90015,77.469202,{'generated':'missing_row_recovery'},3,2,3,2,0.57,1st Main,HSR Layout
surveillance,13.363932,77.841156,{'generated':'missing_row_recovery'},3,2,0,2,0.5,Cross Road,Electronic City
surveillance,12.957382,77.723202,{'generated':'missing_row_recovery'},4,1,3,0,0.72,Industrial Road,Marathahalli
surveillance,13.079118,77.638839,{'generated':'missing_row_recovery'},4,0,4,3,0.51,Lake Road,BTM Layout
surveillance,13.328436,77.889551,{'generated':'missing_row_recovery'},4,0,2,5,0.6,Market Road,HSR Layout
surveillance,12.897012,77.574878,{'generated':'missing_row_recovery'},2,2,4,5,0.5,Market Road,Hebbal
surveillance,13.373609,77.990049,{'generated':'missing_row_recovery'},3,1,4,3,0.51,1st Main,Hebbal
surveillance,13.308868,77.628837,{'generated':'missing_row_recovery'},3,2,1,4,0.57,Station Road,Malleshwaram
surveillance,13.303909,77.803802,{'generated':'missing_row_recovery'},3,2,3,4,0.81,Lake Road,Electronic City
surveillance,13.01979,77.541606,{'generated':'missing_row_recovery'},5,1,0,2,0.74,Service Road,Kengeri
surveillance,13.037744,77.719325,{'generated':'missing_row_recovery'},3,2,1,1,0.79,1st Main,Jayanagar
surveillance,13.187709,77.625143,{'generated':'missing_row_recovery'},3,0,4,5,0.55,Lake Road,Banashankari
surveillance,13.168125,77.426367,{'generated':'missing_row_recovery'},4,1,4,5,0.71,Service Road,Electronic City
surveillance,12.873512,77.784241,{'generated':'missing_row_recovery'},5,1,4,3,0.66,Cross Road,Electronic City
surveillance,13.172131,77.845004,{'generated':'missing_row_recovery'},5,0,4,3,0.64,Industrial Road,Hebbal
surveillance,13.182817,77.948495,{'generated':'missing_row_recovery'},3,1,4,4,0.75,Market Road,Jayanagar
surveillance,13.249416,77.425788,{'generated':'missing_row_recovery'},2,1,3,0,0.45,Industrial Road,Marathahalli
surveillance,12.833503,77.569639,{'generated':'missing_row_recovery'},2,1,3,1,0.59,Main Road,Hebbal
surveillance,13.155832,77.500075,{'generated':'missing_row_recovery'},4,2,3,3,0.53,Lake Road,Whitefield
surveillance,13.112689,77.9385,{'generated':'missing_row_recovery'},5,1,4,5,0.78,Ring Road,Kengeri
surveillance,12.980578,77.657513,{'generated':'missing_row_recovery'},5,1,3,3,0.74,Ring Road,Yelahanka
surveillance,13.009476,77.454359,{'generated':'missing_row_recovery'},3,2,4,3,0.48,Service Road,Rajajinagar
surveillance,13.187117,77.88332,{'generated':'missing_row_recovery'},5,1,0,1,0.65,Main Road,Yelahanka
surveillance,13.108932,77.828,{'generated':'missing_row_recovery'},3,1,2,0,0.51,2nd Main,Malleshwaram
surveillance,12.879899,77.809315,{'generated':'missing_row_recovery'},3,0,0,3,0.56,Ring Road,BTM Layout
surveillance,13.279323,77.713968,{'generated':'missing_row_recovery'},3,2,1,5,0.61,Industrial Road,Whitefield
surveillance,12.982075,77.60689,{'generated':'missing_row_recovery'},5,0,3,3,0.46,Service Road,Yelahanka
surveillance,12.800423,77.908621,{'generated':'missing_row_recovery'},2,2,0,1,0.85,Main Road,Hebbal
surveillance,13.128813,77.606567,{'generated':'missing_row_recovery'},5,1,0,5,0.8,Main Road,Koramangala
surveillance,13.17493,77.853901,{'generated':'missing_row_recovery'},5,1,2,5,0.74,Cross Road,Whitefield
surveillance,13.083436,77.44729,{'generated':'missing_row_recovery'},2,0,1,2,0.55,Ring Road,Malleshwaram
surveillance,12.907191,77.402494,{'generated':'missing_row_recovery'},5,0,2,3,0.58,Service Road,Vijayanagar
surveillance,12.851555,77.662891,{'generated':'missing_row_recovery'},3,1,2,2,0.73,Ring Road,Hebbal
surveillance,13.160287,77.906389,{'generated':'missing_row_recovery'},3,1,4,1,0.58,Lake Road,Electronic City
surveillance,12.927347,77.791884,{'generated':'missing_row_recovery'},5,1,0,0,0.66,Cross Road,HSR Layout
surveillance,12.832639,77.826875,{'generated':'missing_row_recovery'},4,1,0,3,0.68,2nd Main,Banashankari
surveillance,13.026392,77.660713,{'generated':'missing_row_recovery'},4,1,2,4,0.55,Service Road,Malleshwaram
surveillance,12.817306,77.665809,{'generated':'missing_row_recovery'},4,2,1,0,0.81,1st Main,Yelahanka
surveillance,12.889639,77.747249,{'generated':'missing_row_recovery'},4,2,0,3,0.8,Ring Road,Electronic City
surveillance,13.397499,77.482067,{'generated':'missing_row_recovery'},4,2,4,1,0.63,Station Road,Hebbal
surveillance,13.382842,77.92003,{'generated':'missing_row_recovery'},4,2,4,2,0.69,Industrial Road,Koramangala
surveillance,12.804493,77.862468,{'generated':'missing_row_recovery'},3,2,2,2,0.58,Industrial Road,Indiranagar
surveillance,13.106509,77.845952,{'generated':'missing_row_recovery'},5,1,2,2,0.47,Market Road,Peenya
surveillance,12.937603,77.502069,{'generated':'missing_row_recovery'},4,1,3,2,0.8,Service Road,Marathahalli
surveillance,12.880708,77.814624,{'generated':'missing_row_recovery'},4,0,4,1,0.77,Lake Road,Koramangala
surveillance,12.807023,77.411662,{'generated':'missing_row_recovery'},2,1,4,4,0.84,Industrial Road,Electronic City
surveillance,12.99235,77.871162,{'generated':'missing_row_recovery'},5,1,0,0,0.82,Industrial Road,Marathahalli
surveillance,13.126454,77.562543,{'generated':'missing_row_recovery'},5,2,0,4,0.47,Industrial Road,Marathahalli
surveillance,12.989394,77.56406,{'generated':'missing_row_recovery'},4,2,2,5,0.75,Industrial Road,Electronic City
surveillance,13.354418,77.627668,{'generated':'missing_row_recovery'},4,0,3,0,0.53,Service Road,Indiranagar
surveillance,13.186306,77.559072,{'generated':'missing_row_recovery'},5,2,3,2,0.48,Cross Road,Yelahanka
surveillance,12.839083,77.759519,{'generated':'missing_row_recovery'},2,1,3,2,0.56,Ring Road,Indiranagar
surveillance,13.051953,77.635898,{'generated':'missing_row_recovery'},5,0,0,2,0.67,1st Main,Banashankari
surveillance,13.003532,77.916595,{'generated':'missing_row_recovery'},4,1,1,4,0.68,Cross Road,Indiranagar
surveillance,13.340154,77.621964,{'generated':'missing_row_recovery'},2,2,3,5,0.69,Market Road,Hebbal
surveillance,13.330844,77.824193,{'generated':'missing_row_recovery'},3,0,1,5,0.58,Ring Road,Peenya
surveillance,13.079847,77.92332,{'generated':'missing_row_recovery'},3,0,0,0,0.71,2nd Main,Electronic City
surveillance,12.87724,77.6836,{'generated':'missing_row_recovery'},2,0,2,2,0.63,1st Main,Kengeri
surveillance,13.324555,77.471584,{'generated':'missing_row_recovery'},4,1,4,5,0.5,Lake Road,HSR Layout
surveillance,12.954635,77.538185,{'generated':'missing_row_recovery'},5,2,4,0,0.76,2nd Main,HSR Layout
surveillance,12.893369,77.782452,{'generated':'missing_row_recovery'},4,1,3,0,0.81,Cross Road,Hebbal
surveillance,12.906194,77.495196,{'generated':'missing_row_recovery'},2,2,4,3,0.76,Cross Road,Marathahalli
surveillance,13.058117,77.479732,{'generated':'missing_row_recovery'},2,0,3,2,0.81,1st Main,HSR Layout
surveillance,13.142193,77.910346,{'generated':'missing_row_recovery'},3,1,1,2,0.65,1st Main,Yelahanka
surveillance,13.36252,77.740187,{'generated':'missing_row_recovery'},3,0,1,1,0.5,Cross Road,Banashankari
surveillance,13.193629,77.822573,{'generated':'missing_row_recovery'},3,0,0,5,0.5,Ring Road,Marathahalli
surveillance,12.989128,77.832396,{'generated':'missing_row_recovery'},4,0,0,0,0.82,Lake Road,Indiranagar
surveillance,12.995313,77.901004,{'generated':'missing_row_recovery'},3,1,0,4,0.51,Station Road,Kengeri
surveillance,13.143325,77.514084,{'generated':'missing_row_recovery'},3,0,0,3,0.5,Market Road,Peenya
surveillance,13.125466,77.473641,{'generated':'missing_row_recovery'},4,1,2,4,0.79,Ring Road,Jayanagar
surveillance,12.801663,77.477021,{'generated':'missing_row_recovery'},4,1,4,4,0.58,Market Road,Peenya
surveillance,13.2927,77.417707,{'generated':'missing_row_recovery'},5,0,1,2,0.85,Ring Road,Banashankari
surveillance,12.906979,77.566761,{'generated':'missing_row_recovery'},2,0,4,2,0.53,Service Road,Peenya
surveillance,13.197094,77.640328,{'generated':'missing_row_recovery'},2,1,3,4,0.6,Cross Road,BTM Layout
surveillance,13.118013,77.848044,{'generated':'missing_row_recovery'},3,2,1,3,0.45,Ring Road,BTM Layout
surveillance,13.123177,77.804484,{'generated':'missing_row_recovery'},5,2,0,2,0.59,Main Road,Electronic City
surveillance,13.357013,77.949106,{'generated':'missing_row_recovery'},2,0,3,2,0.46,Station Road,Hebbal
surveillance,12.975992,77.669581,{'generated':'missing_row_recovery'},2,0,4,5,0.52,Main Road,Koramangala
surveillance,12.878464,77.982905,{'generated':'missing_row_recovery'},2,1,3,2,0.59,Ring Road,Electronic City
surveillance,12.817203,77.696332,{'generated':'missing_row_recovery'},2,2,2,4,0.5,Cross Road,Jayanagar
surveillance,12.859637,77.795221,{'generated':'missing_row_recovery'},4,1,4,5,0.47,Service Road,Kengeri
surveillance,13.095391,77.521489,{'generated':'missing_row_recovery'},4,2,4,2,0.57,Cross Road,BTM Layout
surveillance,12.818998,77.846886,{'generated':'missing_row_recovery'},2,0,1,0,0.57,Market Road,Marathahalli
surveillance,12.888747,77.783136,{'generated':'missing_row_recovery'},3,0,1,3,0.55,Station Road,Rajajinagar
surveillance,13.108729,77.735168,{'generated':'missing_row_recovery'},3,1,0,1,0.47,Cross Road,Whitefield
surveillance,12.852816,77.493484,{'generated':'missing_row_recovery'},2,0,1,4,0.61,Market Road,Whitefield
surveillance,12.935454,77.861473,{'generated':'missing_row_recovery'},2,0,4,2,0.59,Service Road,Banashankari
surveillance,13.10734,77.790313,{'generated':'missing_row_recovery'},3,0,0,5,0.75,Lake Road,Kengeri
surveillance,13.394461,77.832891,{'generated':'missing_row_recovery'},3,2,0,4,0.62,Industrial Road,Electronic City
surveillance,13.036112,77.754677,{'generated':'missing_row_recovery'},3,0,3,2,0.61,1st Main,Marathahalli
surveillance,13.005289,77.704731,{'generated':'missing_row_recovery'},3,1,0,4,0.81,Market Road,Yelahanka
surveillance,12.824811,77.656971,{'generated':'missing_row_recovery'},5,0,3,4,0.5,Station Road,Indiranagar
surveillance,13.245899,77.991727,{'generated':'missing_row_recovery'},3,1,3,4,0.8,Station Road,Banashankari
surveillance,12.878884,77.730594,{'generated':'missing_row_recovery'},5,1,1,1,0.61,Service Road,Whitefield
surveillance,13.166094,77.532551,{'generated':'missing_row_recovery'},5,1,1,3,0.83,Lake Road,Electronic City
surveillance,13.138184,77.558132,{'generated':'missing_row_recovery'},5,0,2,1,0.69,Ring Road,Vijayanagar
surveillance,12.862304,77.963813,{'generated':'missing_row_recovery'},4,1,3,5,0.85,Service Road,Hebbal
surveillance,12.80587,77.67298,{'generated':'missing_row_recovery'},2,2,1,3,0.7,1st Main,Electronic City
surveillance,12.891108,77.514336,{'generated':'missing_row_recovery'},5,2,3,4,0.5,Lake Road,Marathahalli
surveillance,13.055749,77.515402,{'generated':'missing_row_recovery'},5,0,1,1,0.68,Market Road,Whitefield
surveillance,13.354523,77.593409,{'generated':'missing_row_recovery'},2,1,4,5,0.8,Lake Road,Malleshwaram
surveillance,13.111506,77.720783,{'generated':'missing_row_recovery'},5,0,1,2,0.55,Station Road,Rajajinagar
surveillance,13.308131,77.814314,{'generated':'missing_row_recovery'},2,2,3,3,0.58,Lake Road,HSR Layout
surveillance,12.862373,77.620409,{'generated':'missing_row_recovery'},2,0,4,4,0.75,1st Main,Kengeri
surveillance,13.179336,77.636313,{'generated':'missing_row_recovery'},2,2,2,5,0.72,1st Main,Whitefield
surveillance,12.938677,77.706146,{'generated':'missing_row_recovery'},2,0,2,2,0.61,1st Main,HSR Layout
surveillance,13.236418,77.63659,{'generated':'missing_row_recovery'},5,2,4,0,0.77,Ring Road,Electronic City
surveillance,12.84562,77.688163,{'generated':'missing_row_recovery'},4,1,1,2,0.66,1st Main,HSR Layout
surveillance,13.111361,77.685619,{'generated':'missing_row_recovery'},3,2,1,0,0.52,Station Road,Peenya
surveillance,13.369457,77.610842,{'generated':'missing_row_recovery'},2,2,2,0,0.46,Ring Road,Koramangala
surveillance,13.296516,77.669868,{'generated':'missing_row_recovery'},3,1,2,1,0.59,Lake Road,BTM Layout
surveillance,13.265526,77.673408,{'generated':'missing_row_recovery'},3,0,4,0,0.82,Market Road,Kengeri
surveillance,13.080559,77.691811,{'generated':'missing_row_recovery'},3,1,1,3,0.73,1st Main,Yelahanka
surveillance,13.066765,77.510713,{'generated':'missing_row_recovery'},4,2,4,2,0.68,Cross Road,Hebbal
surveillance,13.132468,77.72512,{'generated':'missing_row_recovery'},3,0,4,4,0.49,Market Road,HSR Layout
surveillance,13.124406,77.945839,{'generated':'missing_row_recovery'},4,1,2,1,0.76,2nd Main,BTM Layout
surveillance,13.183132,77.765652,{'generated':'missing_row_recovery'},2,2,4,3,0.6,Ring Road,Yelahanka
surveillance,13.135731,77.535947,{'generated':'missing_row_recovery'},5,1,2,2,0.79,Cross Road,Banashankari
surveillance,13.219575,77.560208,{'generated':'missing_row_recovery'},3,1,4,1,0.85,1st Main,Peenya
surveillance,12.935609,77.455209,{'generated':'missing_row_recovery'},5,0,3,1,0.59,Service Road,Marathahalli
surveillance,13.337904,77.429987,{'generated':'missing_row_recovery'},3,2,1,3,0.5,Ring Road,Banashankari
surveillance,13.245568,77.620797,{'generated':'missing_row_recovery'},2,1,4,2,0.69,Station Road,Jayanagar
surveillance,13.029783,77.431336,{'generated':'missing_row_recovery'},3,1,4,1,0.71,1st Main,BTM Layout
surveillance,13.371291,77.990148,{'generated':'missing_row_recovery'},5,0,1,3,0.61,Cross Road,Whitefield
surveillance,13.010102,77.593125,{'generated':'missing_row_recovery'},4,2,3,0,0.62,Station Road,HSR Layout
surveillance,13.382318,77.613661,{'generated':'missing_row_recovery'},5,0,3,3,0.54,2nd Main,Koramangala
surveillance,12.954761,77.459029,{'generated':'missing_row_recovery'},5,0,4,4,0.7,Cross Road,Jayanagar
surveillance,12.883864,77.477697,{'generated':'missing_row_recovery'},4,2,2,5,0.62,Market Road,Electronic City
surveillance,12.917952,77.886004,{'generated':'missing_row_recovery'},5,2,0,2,0.63,Main Road,Banashankari
surveillance,12.874383,77.956872,{'generated':'missing_row_recovery'},5,1,3,4,0.74,1st Main,BTM Layout
surveillance,13.252625,77.994909,{'generated':'missing_row_recovery'},3,2,4,2,0.52,Service Road,Hebbal
surveillance,13.396894,77.754376,{'generated':'missing_row_recovery'},4,0,4,5,0.52,Cross Road,Peenya
